{"ts": "2026-08-06T03:27:57+00:00", "event": "backfill_start", "job_id": "djia-w-full-r1-0001", "run_index": 1, "n_error_cells": 55, "n_affected_dates": 14}
{"ts": "2026-08-06T03:27:57+00:00", "event": "cell_start", "cell": "AMZN", "decision_date": "2026-05-01"}
{"ts": "2026-08-06T03:27:57+00:00", "event": "cell_start", "cell": "HD", "decision_date": "2026-05-01"}
{"ts": "2026-08-06T03:27:57+00:00", "event": "cell_start", "cell": "MMM", "decision_date": "2026-05-01"}
{"ts": "2026-08-06T03:27:57+00:00", "event": "cell_start", "cell": "WMT", "decision_date": "2026-05-01"}
{"ts": "2026-08-06T03:27:57+00:00", "event": "cell_start", "cell": "MMM", "decision_date": "2026-05-08"}
{"ts": "2026-08-06T03:27:57+00:00", "event": "cell_start", "cell": "AAPL", "decision_date": "2026-05-15"}
{"ts": "2026-08-06T03:27:57+00:00", "event": "run_grid", "grid": "== cells\n   \u2026 AMZN     started       calls=0  idle=0s"}
{"ts": "2026-08-06T03:27:57+00:00", "event": "cell_start", "cell": "CAT", "decision_date": "2026-05-15"}
{"ts": "2026-08-06T03:27:57+00:00", "event": "cell_start", "cell": "JNJ", "decision_date": "2026-05-15"}
{"ts": "2026-08-06T03:27:57+00:00", "event": "cell_start", "cell": "JPM", "decision_date": "2026-05-15"}
{"ts": "2026-08-06T03:27:57+00:00", "event": "cell_start", "cell": "MMM", "decision_date": "2026-05-15"}
{"ts": "2026-08-06T03:27:57+00:00", "event": "agent_stage", "cell": "HD", "decision_date": "2026-05-01", "stage": "evidence", "symbol": "HD"}
{"ts": "2026-08-06T03:27:57+00:00", "event": "agent_stage", "cell": "MMM", "decision_date": "2026-05-01", "stage": "evidence", "symbol": "MMM"}
{"ts": "2026-08-06T03:27:57+00:00", "event": "agent_stage", "cell": "MMM", "decision_date": "2026-05-08", "stage": "evidence", "symbol": "MMM"}
{"ts": "2026-08-06T03:27:57+00:00", "event": "agent_stage", "cell": "AAPL", "decision_date": "2026-05-15", "stage": "evidence", "symbol": "AAPL"}
{"ts": "2026-08-06T03:27:57+00:00", "event": "agent_stage", "cell": "AMZN", "decision_date": "2026-05-01", "stage": "evidence", "symbol": "AMZN"}
{"ts": "2026-08-06T03:27:57+00:00", "event": "agent_stage", "cell": "WMT", "decision_date": "2026-05-01", "stage": "evidence", "symbol": "WMT"}
{"ts": "2026-08-06T03:27:57+00:00", "event": "agent_stage", "cell": "JNJ", "decision_date": "2026-05-15", "stage": "evidence", "symbol": "JNJ"}
{"ts": "2026-08-06T03:27:57+00:00", "event": "agent_stage", "cell": "CAT", "decision_date": "2026-05-15", "stage": "evidence", "symbol": "CAT"}
{"ts": "2026-08-06T03:27:57+00:00", "event": "agent_stage", "cell": "JPM", "decision_date": "2026-05-15", "stage": "evidence", "symbol": "JPM"}
{"ts": "2026-08-06T03:27:57+00:00", "event": "agent_stage", "cell": "MMM", "decision_date": "2026-05-15", "stage": "evidence", "symbol": "MMM"}
{"ts": "2026-08-06T03:27:57+00:00", "event": "agent_stage", "cell": "HD", "decision_date": "2026-05-01", "stage": "evidence_quantitative", "symbol": "HD"}
{"ts": "2026-08-06T03:27:57+00:00", "event": "agent_stage", "cell": "MMM", "decision_date": "2026-05-01", "stage": "evidence_quantitative", "symbol": "MMM"}
{"ts": "2026-08-06T03:27:57+00:00", "event": "agent_stage", "cell": "MMM", "decision_date": "2026-05-08", "stage": "evidence_quantitative", "symbol": "MMM"}
{"ts": "2026-08-06T03:27:57+00:00", "event": "agent_stage", "cell": "AAPL", "decision_date": "2026-05-15", "stage": "evidence_quantitative", "symbol": "AAPL"}
{"ts": "2026-08-06T03:27:57+00:00", "event": "agent_stage", "cell": "AMZN", "decision_date": "2026-05-01", "stage": "evidence_quantitative", "symbol": "AMZN"}
{"ts": "2026-08-06T03:27:57+00:00", "event": "agent_stage", "cell": "WMT", "decision_date": "2026-05-01", "stage": "evidence_quantitative", "symbol": "WMT"}
{"ts": "2026-08-06T03:27:57+00:00", "event": "agent_stage", "cell": "JNJ", "decision_date": "2026-05-15", "stage": "evidence_quantitative", "symbol": "JNJ"}
{"ts": "2026-08-06T03:27:57+00:00", "event": "agent_stage", "cell": "CAT", "decision_date": "2026-05-15", "stage": "evidence_quantitative", "symbol": "CAT"}
{"ts": "2026-08-06T03:27:57+00:00", "event": "agent_stage", "cell": "JPM", "decision_date": "2026-05-15", "stage": "evidence_quantitative", "symbol": "JPM"}
{"ts": "2026-08-06T03:27:57+00:00", "event": "agent_stage", "cell": "MMM", "decision_date": "2026-05-15", "stage": "evidence_quantitative", "symbol": "MMM"}
{"ts": "2026-08-06T03:27:57+00:00", "event": "data_read", "cell": "HD", "kind": "fundamentals", "source": "massive_fundamentals", "status": "ok", "cached": false, "raw_chars": 3777, "capped_chars": 3777, "raw_tokens": 944, "capped_tokens": 944}
{"ts": "2026-08-06T03:27:57+00:00", "event": "data_read", "cell": "MMM", "kind": "fundamentals", "source": "massive_fundamentals", "status": "ok", "cached": false, "raw_chars": 4521, "capped_chars": 4521, "raw_tokens": 1130, "capped_tokens": 1130}
{"ts": "2026-08-06T03:27:57+00:00", "event": "data_read", "cell": "AAPL", "kind": "fundamentals", "source": "massive_fundamentals", "status": "ok", "cached": false, "raw_chars": 4671, "capped_chars": 4671, "raw_tokens": 1168, "capped_tokens": 1168}
{"ts": "2026-08-06T03:27:57+00:00", "event": "data_read", "cell": "MMM", "kind": "fundamentals", "source": "massive_fundamentals", "status": "ok", "cached": false, "raw_chars": 4521, "capped_chars": 4521, "raw_tokens": 1130, "capped_tokens": 1130}
{"ts": "2026-08-06T03:27:57+00:00", "event": "data_read", "cell": "AMZN", "kind": "fundamentals", "source": "massive_fundamentals", "status": "ok", "cached": false, "raw_chars": 3859, "capped_chars": 3859, "raw_tokens": 965, "capped_tokens": 965}
{"ts": "2026-08-06T03:27:57+00:00", "event": "data_read", "cell": "WMT", "kind": "fundamentals", "source": "massive_fundamentals", "status": "ok", "cached": false, "raw_chars": 4559, "capped_chars": 4559, "raw_tokens": 1140, "capped_tokens": 1140}
{"ts": "2026-08-06T03:27:57+00:00", "event": "data_read", "cell": "JNJ", "kind": "fundamentals", "source": "massive_fundamentals", "status": "ok", "cached": false, "raw_chars": 4593, "capped_chars": 4593, "raw_tokens": 1148, "capped_tokens": 1148}
{"ts": "2026-08-06T03:27:57+00:00", "event": "data_read", "cell": "MMM", "kind": "fundamentals", "source": "massive_fundamentals", "status": "ok", "cached": false, "raw_chars": 4521, "capped_chars": 4521, "raw_tokens": 1130, "capped_tokens": 1130}
{"ts": "2026-08-06T03:27:57+00:00", "event": "data_read", "cell": "JPM", "kind": "fundamentals", "source": "massive_fundamentals", "status": "ok", "cached": false, "raw_chars": 3723, "capped_chars": 3723, "raw_tokens": 931, "capped_tokens": 931}
{"ts": "2026-08-06T03:27:57+00:00", "event": "data_read", "cell": "CAT", "kind": "fundamentals", "source": "massive_fundamentals", "status": "ok", "cached": false, "raw_chars": 4541, "capped_chars": 4541, "raw_tokens": 1135, "capped_tokens": 1135}
{"ts": "2026-08-06T03:27:57+00:00", "event": "data_read", "cell": "AMZN", "kind": "ratios", "source": "valuation_ratios", "status": "ok", "cached": false, "raw_chars": 231835, "capped_chars": 231835, "raw_tokens": 57959, "capped_tokens": 57959}
{"ts": "2026-08-06T03:27:57+00:00", "event": "data_read", "cell": "HD", "kind": "ratios", "source": "valuation_ratios", "status": "ok", "cached": false, "raw_chars": 224632, "capped_chars": 224632, "raw_tokens": 56158, "capped_tokens": 56158}
{"ts": "2026-08-06T03:27:57+00:00", "event": "data_read", "cell": "JPM", "kind": "ratios", "source": "valuation_ratios", "status": "ok", "cached": false, "raw_chars": 240843, "capped_chars": 240843, "raw_tokens": 60211, "capped_tokens": 60211}
{"ts": "2026-08-06T03:27:57+00:00", "event": "data_read", "cell": "JNJ", "kind": "ratios", "source": "valuation_ratios", "status": "ok", "cached": false, "raw_chars": 223565, "capped_chars": 223565, "raw_tokens": 55891, "capped_tokens": 55891}
{"ts": "2026-08-06T03:27:57+00:00", "event": "data_read", "cell": "MMM", "kind": "ratios", "source": "valuation_ratios", "status": "ok", "cached": false, "raw_chars": 247355, "capped_chars": 247355, "raw_tokens": 61839, "capped_tokens": 61839}
{"ts": "2026-08-06T03:27:57+00:00", "event": "data_read", "cell": "CAT", "kind": "ratios", "source": "valuation_ratios", "status": "ok", "cached": false, "raw_chars": 241972, "capped_chars": 241972, "raw_tokens": 60493, "capped_tokens": 60493}
{"ts": "2026-08-06T03:27:57+00:00", "event": "data_read", "cell": "AAPL", "kind": "ratios", "source": "valuation_ratios", "status": "ok", "cached": false, "raw_chars": 231022, "capped_chars": 231022, "raw_tokens": 57756, "capped_tokens": 57756}
{"ts": "2026-08-06T03:27:57+00:00", "event": "data_read", "cell": "MMM", "kind": "ratios", "source": "valuation_ratios", "status": "ok", "cached": false, "raw_chars": 247595, "capped_chars": 247595, "raw_tokens": 61899, "capped_tokens": 61899}
{"ts": "2026-08-06T03:27:57+00:00", "event": "data_read", "cell": "WMT", "kind": "ratios", "source": "valuation_ratios", "status": "ok", "cached": false, "raw_chars": 241007, "capped_chars": 241007, "raw_tokens": 60252, "capped_tokens": 60252}
{"ts": "2026-08-06T03:27:57+00:00", "event": "data_read", "cell": "MMM", "kind": "ratios", "source": "valuation_ratios", "status": "ok", "cached": false, "raw_chars": 247474, "capped_chars": 247474, "raw_tokens": 61868, "capped_tokens": 61868}
{"ts": "2026-08-06T03:27:57+00:00", "event": "data_read", "cell": "AMZN", "kind": "prices", "source": "massive_prices", "status": "ok", "cached": false, "raw_chars": 854, "capped_chars": 854, "raw_tokens": 214, "capped_tokens": 214}
{"ts": "2026-08-06T03:27:57+00:00", "event": "data_read", "cell": "HD", "kind": "prices", "source": "massive_prices", "status": "ok", "cached": false, "raw_chars": 806, "capped_chars": 806, "raw_tokens": 202, "capped_tokens": 202}
{"ts": "2026-08-06T03:27:57+00:00", "event": "data_read", "cell": "JPM", "kind": "prices", "source": "massive_prices", "status": "ok", "cached": false, "raw_chars": 830, "capped_chars": 830, "raw_tokens": 208, "capped_tokens": 208}
{"ts": "2026-08-06T03:27:57+00:00", "event": "data_read", "cell": "JNJ", "kind": "prices", "source": "massive_prices", "status": "ok", "cached": false, "raw_chars": 842, "capped_chars": 842, "raw_tokens": 210, "capped_tokens": 210}
{"ts": "2026-08-06T03:27:58+00:00", "event": "data_read", "cell": "MMM", "kind": "prices", "source": "massive_prices", "status": "ok", "cached": false, "raw_chars": 842, "capped_chars": 842, "raw_tokens": 210, "capped_tokens": 210}
{"ts": "2026-08-06T03:27:58+00:00", "event": "data_read", "cell": "CAT", "kind": "prices", "source": "massive_prices", "status": "ok", "cached": false, "raw_chars": 830, "capped_chars": 830, "raw_tokens": 208, "capped_tokens": 208}
{"ts": "2026-08-06T03:27:58+00:00", "event": "data_read", "cell": "MMM", "kind": "prices", "source": "massive_prices", "status": "ok", "cached": false, "raw_chars": 830, "capped_chars": 830, "raw_tokens": 208, "capped_tokens": 208}
{"ts": "2026-08-06T03:27:58+00:00", "event": "data_read", "cell": "AAPL", "kind": "prices", "source": "massive_prices", "status": "ok", "cached": false, "raw_chars": 794, "capped_chars": 794, "raw_tokens": 198, "capped_tokens": 198}
{"ts": "2026-08-06T03:27:58+00:00", "event": "data_read", "cell": "WMT", "kind": "prices", "source": "massive_prices", "status": "ok", "cached": false, "raw_chars": 842, "capped_chars": 842, "raw_tokens": 210, "capped_tokens": 210}
{"ts": "2026-08-06T03:27:58+00:00", "event": "data_read", "cell": "MMM", "kind": "prices", "source": "massive_prices", "status": "ok", "cached": false, "raw_chars": 830, "capped_chars": 830, "raw_tokens": 208, "capped_tokens": 208}
{"ts": "2026-08-06T03:28:07+00:00", "event": "data_read", "cell": "JPM", "kind": "macro", "source": "fred_macro", "status": "ok", "cached": false, "raw_chars": 30909, "capped_chars": 30909, "raw_tokens": 7727, "capped_tokens": 7727}
{"ts": "2026-08-06T03:28:07+00:00", "event": "data_read", "cell": "CAT", "kind": "macro", "source": "fred_macro", "status": "ok", "cached": false, "raw_chars": 30909, "capped_chars": 30909, "raw_tokens": 7727, "capped_tokens": 7727}
{"ts": "2026-08-06T03:28:07+00:00", "event": "data_read", "cell": "JNJ", "kind": "macro", "source": "fred_macro", "status": "ok", "cached": false, "raw_chars": 30909, "capped_chars": 30909, "raw_tokens": 7727, "capped_tokens": 7727}
{"ts": "2026-08-06T03:28:07+00:00", "event": "data_read", "cell": "MMM", "kind": "macro", "source": "fred_macro", "status": "ok", "cached": false, "raw_chars": 30909, "capped_chars": 30909, "raw_tokens": 7727, "capped_tokens": 7727}
{"ts": "2026-08-06T03:28:07+00:00", "event": "data_read", "cell": "AAPL", "kind": "macro", "source": "fred_macro", "status": "ok", "cached": false, "raw_chars": 30909, "capped_chars": 30909, "raw_tokens": 7727, "capped_tokens": 7727}
{"ts": "2026-08-06T03:28:07+00:00", "event": "data_read", "cell": "AMZN", "kind": "macro", "source": "fred_macro", "status": "ok", "cached": false, "raw_chars": 30858, "capped_chars": 30858, "raw_tokens": 7714, "capped_tokens": 7714}
{"ts": "2026-08-06T03:28:07+00:00", "event": "data_read", "cell": "JPM", "kind": "news_sentiment", "source": "news_sentiment", "status": "ok", "cached": false, "raw_chars": 3526, "capped_chars": 3526, "raw_tokens": 882, "capped_tokens": 882}
{"ts": "2026-08-06T03:28:07+00:00", "event": "data_read", "cell": "MMM", "kind": "news_sentiment", "source": "news_sentiment", "status": "ok", "cached": false, "raw_chars": 921, "capped_chars": 921, "raw_tokens": 230, "capped_tokens": 230}
{"ts": "2026-08-06T03:28:07+00:00", "event": "data_read", "cell": "AAPL", "kind": "news_sentiment", "source": "news_sentiment", "status": "ok", "cached": false, "raw_chars": 4290, "capped_chars": 4290, "raw_tokens": 1072, "capped_tokens": 1072}
{"ts": "2026-08-06T03:28:07+00:00", "event": "data_read", "cell": "MMM", "kind": "macro", "source": "fred_macro", "status": "ok", "cached": false, "raw_chars": 30858, "capped_chars": 30858, "raw_tokens": 7714, "capped_tokens": 7714}
{"ts": "2026-08-06T03:28:07+00:00", "event": "data_read", "cell": "JNJ", "kind": "news_sentiment", "source": "news_sentiment", "status": "ok", "cached": false, "raw_chars": 2628, "capped_chars": 2628, "raw_tokens": 657, "capped_tokens": 657}
{"ts": "2026-08-06T03:28:07+00:00", "event": "data_read", "cell": "HD", "kind": "macro", "source": "fred_macro", "status": "ok", "cached": false, "raw_chars": 30858, "capped_chars": 30858, "raw_tokens": 7714, "capped_tokens": 7714}
{"ts": "2026-08-06T03:28:07+00:00", "event": "data_read", "cell": "WMT", "kind": "macro", "source": "fred_macro", "status": "ok", "cached": false, "raw_chars": 30858, "capped_chars": 30858, "raw_tokens": 7714, "capped_tokens": 7714}
{"ts": "2026-08-06T03:28:07+00:00", "event": "data_read", "cell": "CAT", "kind": "news_sentiment", "source": "news_sentiment", "status": "ok", "cached": false, "raw_chars": 1615, "capped_chars": 1615, "raw_tokens": 404, "capped_tokens": 404}
{"ts": "2026-08-06T03:28:07+00:00", "event": "agent_stage", "cell": "JPM", "decision_date": "2026-05-15", "stage": "evidence_qualitative", "symbol": "JPM"}
{"ts": "2026-08-06T03:28:07+00:00", "event": "agent_stage", "cell": "MMM", "decision_date": "2026-05-15", "stage": "evidence_qualitative", "symbol": "MMM"}
{"ts": "2026-08-06T03:28:07+00:00", "event": "agent_stage", "cell": "AAPL", "decision_date": "2026-05-15", "stage": "evidence_qualitative", "symbol": "AAPL"}
{"ts": "2026-08-06T03:28:07+00:00", "event": "agent_stage", "cell": "JNJ", "decision_date": "2026-05-15", "stage": "evidence_qualitative", "symbol": "JNJ"}
{"ts": "2026-08-06T03:28:07+00:00", "event": "data_read", "cell": "MMM", "kind": "news_sentiment", "source": "news_sentiment", "status": "ok", "cached": false, "raw_chars": 922, "capped_chars": 922, "raw_tokens": 230, "capped_tokens": 230}
{"ts": "2026-08-06T03:28:07+00:00", "event": "data_read", "cell": "AMZN", "kind": "news_sentiment", "source": "news_sentiment", "status": "ok", "cached": false, "raw_chars": 4378, "capped_chars": 4378, "raw_tokens": 1094, "capped_tokens": 1094}
{"ts": "2026-08-06T03:28:07+00:00", "event": "agent_stage", "cell": "CAT", "decision_date": "2026-05-15", "stage": "evidence_qualitative", "symbol": "CAT"}
{"ts": "2026-08-06T03:28:07+00:00", "event": "run_grid", "grid": "== cells\n   \u2026 AMZN     evidence_quantitative  calls=0  idle=9s\n   \u2026 HD       evidence_quantitative  calls=0  idle=9s\n   \u2026 MMM      evidence_quantitative  calls=0  idle=9s\n   \u2026 WMT      evidence_quantitative  calls=0  idle=9s\n   \u2026 AAPL     evidence_quantitative  calls=0  idle=9s\n   \u2026 CAT      evidence_quantitative  calls=0  idle=9s\n   \u2026 JNJ      evidence_quantitative  calls=0  idle=9s\n   \u2026 JPM      evidence_qualitative  calls=0  idle=0s"}
{"ts": "2026-08-06T03:28:07+00:00", "event": "data_read", "cell": "HD", "kind": "news_sentiment", "source": "news_sentiment", "status": "ok", "cached": false, "raw_chars": 1432, "capped_chars": 1432, "raw_tokens": 358, "capped_tokens": 358}
{"ts": "2026-08-06T03:28:07+00:00", "event": "data_read", "cell": "WMT", "kind": "news_sentiment", "source": "news_sentiment", "status": "ok", "cached": false, "raw_chars": 3538, "capped_chars": 3538, "raw_tokens": 884, "capped_tokens": 884}
{"ts": "2026-08-06T03:28:07+00:00", "event": "data_read", "cell": "MMM", "kind": "news", "source": "massive_news", "status": "ok", "cached": false, "raw_chars": 16964, "capped_chars": 3156, "raw_tokens": 4241, "capped_tokens": 789}
{"ts": "2026-08-06T03:28:07+00:00", "event": "agent_stage", "cell": "MMM", "decision_date": "2026-05-01", "stage": "evidence_qualitative", "symbol": "MMM"}
{"ts": "2026-08-06T03:28:07+00:00", "event": "data_read", "cell": "JNJ", "kind": "news", "source": "massive_news", "status": "ok", "cached": false, "raw_chars": 26445, "capped_chars": 6616, "raw_tokens": 6611, "capped_tokens": 1654}
{"ts": "2026-08-06T03:28:07+00:00", "event": "agent_stage", "cell": "AMZN", "decision_date": "2026-05-01", "stage": "evidence_qualitative", "symbol": "AMZN"}
{"ts": "2026-08-06T03:28:07+00:00", "event": "data_read", "cell": "AAPL", "kind": "news", "source": "massive_news", "status": "ok", "cached": false, "raw_chars": 217355, "capped_chars": 47765, "raw_tokens": 54339, "capped_tokens": 11941}
{"ts": "2026-08-06T03:28:07+00:00", "event": "data_read", "cell": "CAT", "kind": "news", "source": "massive_news", "status": "ok", "cached": false, "raw_chars": 19141, "capped_chars": 4288, "raw_tokens": 4785, "capped_tokens": 1072}
{"ts": "2026-08-06T03:28:07+00:00", "event": "agent_stage", "cell": "HD", "decision_date": "2026-05-01", "stage": "evidence_qualitative", "symbol": "HD"}
{"ts": "2026-08-06T03:28:07+00:00", "event": "agent_stage", "cell": "WMT", "decision_date": "2026-05-01", "stage": "evidence_qualitative", "symbol": "WMT"}
{"ts": "2026-08-06T03:28:07+00:00", "event": "data_read", "cell": "JPM", "kind": "news", "source": "massive_news", "status": "ok", "cached": false, "raw_chars": 136451, "capped_chars": 15715, "raw_tokens": 34113, "capped_tokens": 3929}
{"ts": "2026-08-06T03:28:07+00:00", "event": "data_read", "cell": "MMM", "kind": "news", "source": "massive_news", "status": "ok", "cached": false, "raw_chars": 13742, "capped_chars": 3456, "raw_tokens": 3436, "capped_tokens": 864}
{"ts": "2026-08-06T03:28:07+00:00", "event": "data_read", "cell": "MMM", "kind": "web_search", "source": "web_search", "status": "ok", "cached": false, "raw_chars": 19860, "capped_chars": 15745, "raw_tokens": 4965, "capped_tokens": 3936}
{"ts": "2026-08-06T03:28:07+00:00", "event": "data_read", "cell": "JNJ", "kind": "web_search", "source": "web_search", "status": "ok", "cached": false, "raw_chars": 27859, "capped_chars": 23422, "raw_tokens": 6965, "capped_tokens": 5856}
{"ts": "2026-08-06T03:28:07+00:00", "event": "data_read", "cell": "HD", "kind": "news", "source": "massive_news", "status": "ok", "cached": false, "raw_chars": 10108, "capped_chars": 3033, "raw_tokens": 2527, "capped_tokens": 758}
{"ts": "2026-08-06T03:28:07+00:00", "event": "data_read", "cell": "CAT", "kind": "web_search", "source": "web_search", "status": "ok", "cached": false, "raw_chars": 29059, "capped_chars": 25253, "raw_tokens": 7265, "capped_tokens": 6313}
{"ts": "2026-08-06T03:28:07+00:00", "event": "data_read", "cell": "AMZN", "kind": "news", "source": "massive_news", "status": "ok", "cached": false, "raw_chars": 393118, "capped_chars": 91154, "raw_tokens": 98280, "capped_tokens": 22788}
{"ts": "2026-08-06T03:28:07+00:00", "event": "data_read", "cell": "AAPL", "kind": "web_search", "source": "web_search", "status": "ok", "cached": false, "raw_chars": 30506, "capped_chars": 25499, "raw_tokens": 7626, "capped_tokens": 6375}
{"ts": "2026-08-06T03:28:07+00:00", "event": "data_read", "cell": "WMT", "kind": "news", "source": "massive_news", "status": "ok", "cached": false, "raw_chars": 29835, "capped_chars": 8949, "raw_tokens": 7459, "capped_tokens": 2237}
{"ts": "2026-08-06T03:28:07+00:00", "event": "data_read", "cell": "JPM", "kind": "web_search", "source": "web_search", "status": "ok", "cached": false, "raw_chars": 22829, "capped_chars": 14052, "raw_tokens": 5707, "capped_tokens": 3513}
{"ts": "2026-08-06T03:28:07+00:00", "event": "data_read", "cell": "MMM", "kind": "web_search", "source": "web_search", "status": "ok", "cached": false, "raw_chars": 34729, "capped_chars": 30386, "raw_tokens": 8682, "capped_tokens": 7596}
{"ts": "2026-08-06T03:28:07+00:00", "event": "data_read", "cell": "MMM", "kind": "web_search", "source": "web_search", "status": "ok", "cached": false, "raw_chars": 29027, "capped_chars": 24158, "raw_tokens": 7257, "capped_tokens": 6040}
{"ts": "2026-08-06T03:28:07+00:00", "event": "data_read", "cell": "JNJ", "kind": "web_search", "source": "web_search", "status": "ok", "cached": false, "raw_chars": 32159, "capped_chars": 28099, "raw_tokens": 8040, "capped_tokens": 7025}
{"ts": "2026-08-06T03:28:07+00:00", "event": "data_read", "cell": "HD", "kind": "web_search", "source": "web_search", "status": "ok", "cached": false, "raw_chars": 22587, "capped_chars": 19033, "raw_tokens": 5647, "capped_tokens": 4758}
{"ts": "2026-08-06T03:28:07+00:00", "event": "data_read", "cell": "CAT", "kind": "web_search", "source": "web_search", "status": "ok", "cached": false, "raw_chars": 34857, "capped_chars": 30767, "raw_tokens": 8714, "capped_tokens": 7692}
{"ts": "2026-08-06T03:28:07+00:00", "event": "data_read", "cell": "AMZN", "kind": "web_search", "source": "web_search", "status": "ok", "cached": false, "raw_chars": 33385, "capped_chars": 28998, "raw_tokens": 8346, "capped_tokens": 7250}
{"ts": "2026-08-06T03:28:07+00:00", "event": "data_read", "cell": "WMT", "kind": "web_search", "source": "web_search", "status": "ok", "cached": false, "raw_chars": 25655, "capped_chars": 21224, "raw_tokens": 6414, "capped_tokens": 5306}
{"ts": "2026-08-06T03:28:07+00:00", "event": "data_read", "cell": "AAPL", "kind": "web_search", "source": "web_search", "status": "ok", "cached": false, "raw_chars": 29879, "capped_chars": 24692, "raw_tokens": 7470, "capped_tokens": 6173}
{"ts": "2026-08-06T03:28:07+00:00", "event": "data_read", "cell": "MMM", "kind": "web_search", "source": "web_search", "status": "ok", "cached": false, "raw_chars": 27913, "capped_chars": 23746, "raw_tokens": 6978, "capped_tokens": 5936}
{"ts": "2026-08-06T03:28:07+00:00", "event": "data_read", "cell": "JPM", "kind": "web_search", "source": "web_search", "status": "ok", "cached": false, "raw_chars": 29561, "capped_chars": 25341, "raw_tokens": 7390, "capped_tokens": 6335}
{"ts": "2026-08-06T03:28:07+00:00", "event": "data_read", "cell": "JNJ", "kind": "web_search", "source": "web_search", "status": "ok", "cached": false, "raw_chars": 18631, "capped_chars": 14488, "raw_tokens": 4658, "capped_tokens": 3622}
{"ts": "2026-08-06T03:28:07+00:00", "event": "data_read", "cell": "MMM", "kind": "web_search", "source": "web_search", "status": "ok", "cached": false, "raw_chars": 21661, "capped_chars": 17271, "raw_tokens": 5415, "capped_tokens": 4318}
{"ts": "2026-08-06T03:28:07+00:00", "event": "data_read", "cell": "HD", "kind": "web_search", "source": "web_search", "status": "ok", "cached": false, "raw_chars": 18243, "capped_chars": 14551, "raw_tokens": 4561, "capped_tokens": 3638}
{"ts": "2026-08-06T03:28:07+00:00", "event": "data_read", "cell": "CAT", "kind": "web_search", "source": "web_search", "status": "ok", "cached": false, "raw_chars": 27945, "capped_chars": 22258, "raw_tokens": 6986, "capped_tokens": 5564}
{"ts": "2026-08-06T03:28:07+00:00", "event": "data_read", "cell": "AMZN", "kind": "web_search", "source": "web_search", "status": "ok", "cached": false, "raw_chars": 31788, "capped_chars": 26402, "raw_tokens": 7947, "capped_tokens": 6600}
{"ts": "2026-08-06T03:28:07+00:00", "event": "data_read", "cell": "WMT", "kind": "web_search", "source": "web_search", "status": "ok", "cached": false, "raw_chars": 21370, "capped_chars": 17247, "raw_tokens": 5342, "capped_tokens": 4312}
{"ts": "2026-08-06T03:28:07+00:00", "event": "data_read", "cell": "MMM", "kind": "web_search", "source": "web_search", "status": "ok", "cached": false, "raw_chars": 10708, "capped_chars": 7735, "raw_tokens": 2677, "capped_tokens": 1934}
{"ts": "2026-08-06T03:28:07+00:00", "event": "data_read", "cell": "AAPL", "kind": "web_search", "source": "web_search", "status": "ok", "cached": false, "raw_chars": 24051, "capped_chars": 19555, "raw_tokens": 6013, "capped_tokens": 4889}
{"ts": "2026-08-06T03:28:07+00:00", "event": "data_read", "cell": "JPM", "kind": "web_search", "source": "web_search", "status": "ok", "cached": false, "raw_chars": 18024, "capped_chars": 13471, "raw_tokens": 4506, "capped_tokens": 3368}
{"ts": "2026-08-06T03:28:07+00:00", "event": "data_read", "cell": "JNJ", "kind": "web_search", "source": "web_search", "status": "ok", "cached": false, "raw_chars": 22928, "capped_chars": 19135, "raw_tokens": 5732, "capped_tokens": 4784}
{"ts": "2026-08-06T03:28:07+00:00", "event": "data_read", "cell": "MMM", "kind": "web_search", "source": "web_search", "status": "ok", "cached": false, "raw_chars": 10236, "capped_chars": 6851, "raw_tokens": 2559, "capped_tokens": 1713}
{"ts": "2026-08-06T03:28:07+00:00", "event": "data_read", "cell": "CAT", "kind": "web_search", "source": "web_search", "status": "ok", "cached": false, "raw_chars": 15467, "capped_chars": 12529, "raw_tokens": 3867, "capped_tokens": 3132}
{"ts": "2026-08-06T03:28:07+00:00", "event": "data_read", "cell": "HD", "kind": "web_search", "source": "web_search", "status": "ok", "cached": false, "raw_chars": 19781, "capped_chars": 16042, "raw_tokens": 4945, "capped_tokens": 4010}
{"ts": "2026-08-06T03:28:07+00:00", "event": "data_read", "cell": "AMZN", "kind": "web_search", "source": "web_search", "status": "ok", "cached": false, "raw_chars": 20716, "capped_chars": 16861, "raw_tokens": 5179, "capped_tokens": 4215}
{"ts": "2026-08-06T03:28:07+00:00", "event": "data_read", "cell": "WMT", "kind": "web_search", "source": "web_search", "status": "ok", "cached": false, "raw_chars": 7606, "capped_chars": 4170, "raw_tokens": 1902, "capped_tokens": 1042}
{"ts": "2026-08-06T03:28:07+00:00", "event": "data_read", "cell": "MMM", "kind": "web_search", "source": "web_search", "status": "ok", "cached": false, "raw_chars": 30815, "capped_chars": 26780, "raw_tokens": 7704, "capped_tokens": 6695}
{"ts": "2026-08-06T03:28:07+00:00", "event": "data_read", "cell": "AAPL", "kind": "web_search", "source": "web_search", "status": "ok", "cached": false, "raw_chars": 32003, "capped_chars": 27795, "raw_tokens": 8001, "capped_tokens": 6949}
{"ts": "2026-08-06T03:28:07+00:00", "event": "data_read", "cell": "JPM", "kind": "web_search", "source": "web_search", "status": "ok", "cached": false, "raw_chars": 25372, "capped_chars": 21467, "raw_tokens": 6343, "capped_tokens": 5367}
{"ts": "2026-08-06T03:28:07+00:00", "event": "data_read", "cell": "JNJ", "kind": "web_search", "source": "web_search", "status": "ok", "cached": false, "raw_chars": 19525, "capped_chars": 15331, "raw_tokens": 4881, "capped_tokens": 3833}
{"ts": "2026-08-06T03:28:07+00:00", "event": "data_read", "cell": "MMM", "kind": "web_search", "source": "web_search", "status": "ok", "cached": false, "raw_chars": 6701, "capped_chars": 4173, "raw_tokens": 1675, "capped_tokens": 1043}
{"ts": "2026-08-06T03:28:07+00:00", "event": "data_read", "cell": "CAT", "kind": "web_search", "source": "web_search", "status": "ok", "cached": false, "raw_chars": 7172, "capped_chars": 4023, "raw_tokens": 1793, "capped_tokens": 1006}
{"ts": "2026-08-06T03:28:07+00:00", "event": "data_read", "cell": "HD", "kind": "web_search", "source": "web_search", "status": "ok", "cached": false, "raw_chars": 9587, "capped_chars": 5941, "raw_tokens": 2397, "capped_tokens": 1485}
{"ts": "2026-08-06T03:28:07+00:00", "event": "data_read", "cell": "AMZN", "kind": "web_search", "source": "web_search", "status": "ok", "cached": false, "raw_chars": 17937, "capped_chars": 13798, "raw_tokens": 4484, "capped_tokens": 3450}
{"ts": "2026-08-06T03:28:07+00:00", "event": "data_read", "cell": "WMT", "kind": "web_search", "source": "web_search", "status": "ok", "cached": false, "raw_chars": 19842, "capped_chars": 15322, "raw_tokens": 4960, "capped_tokens": 3830}
{"ts": "2026-08-06T03:28:07+00:00", "event": "data_read", "cell": "MMM", "kind": "web_search", "source": "web_search", "status": "ok", "cached": false, "raw_chars": 8981, "capped_chars": 5768, "raw_tokens": 2245, "capped_tokens": 1442}
{"ts": "2026-08-06T03:28:07+00:00", "event": "data_read", "cell": "AAPL", "kind": "web_search", "source": "web_search", "status": "ok", "cached": false, "raw_chars": 14452, "capped_chars": 10719, "raw_tokens": 3613, "capped_tokens": 2680}
{"ts": "2026-08-06T03:28:07+00:00", "event": "agent_stage", "cell": "JNJ", "decision_date": "2026-05-15", "stage": "quantitative_specialist", "symbol": "JNJ"}
{"ts": "2026-08-06T03:28:07+00:00", "event": "data_read", "cell": "JPM", "kind": "web_search", "source": "web_search", "status": "ok", "cached": false, "raw_chars": 19252, "capped_chars": 13389, "raw_tokens": 4813, "capped_tokens": 3347}
{"ts": "2026-08-06T03:28:07+00:00", "event": "agent_stage", "cell": "MMM", "decision_date": "2026-05-15", "stage": "quantitative_specialist", "symbol": "MMM"}
{"ts": "2026-08-06T03:28:07+00:00", "event": "agent_stage", "cell": "CAT", "decision_date": "2026-05-15", "stage": "quantitative_specialist", "symbol": "CAT"}
{"ts": "2026-08-06T03:28:07+00:00", "event": "data_read", "cell": "HD", "kind": "web_search", "source": "web_search", "status": "ok", "cached": false, "raw_chars": 9831, "capped_chars": 6111, "raw_tokens": 2458, "capped_tokens": 1528}
{"ts": "2026-08-06T03:28:07+00:00", "event": "agent_stage", "cell": "MMM", "decision_date": "2026-05-01", "stage": "quantitative_specialist", "symbol": "MMM"}
{"ts": "2026-08-06T03:28:07+00:00", "event": "agent_stage", "cell": "AAPL", "decision_date": "2026-05-15", "stage": "quantitative_specialist", "symbol": "AAPL"}
{"ts": "2026-08-06T03:28:07+00:00", "event": "data_read", "cell": "AMZN", "kind": "web_search", "source": "web_search", "status": "ok", "cached": false, "raw_chars": 15224, "capped_chars": 11569, "raw_tokens": 3806, "capped_tokens": 2892}
{"ts": "2026-08-06T03:28:07+00:00", "event": "data_read", "cell": "WMT", "kind": "web_search", "source": "web_search", "status": "ok", "cached": false, "raw_chars": 14499, "capped_chars": 10476, "raw_tokens": 3625, "capped_tokens": 2619}
{"ts": "2026-08-06T03:28:07+00:00", "event": "agent_stage", "cell": "JNJ", "decision_date": "2026-05-15", "stage": "qualitative_specialist", "symbol": "JNJ"}
{"ts": "2026-08-06T03:28:07+00:00", "event": "agent_stage", "cell": "JPM", "decision_date": "2026-05-15", "stage": "quantitative_specialist", "symbol": "JPM"}
{"ts": "2026-08-06T03:28:07+00:00", "event": "agent_stage", "cell": "MMM", "decision_date": "2026-05-15", "stage": "qualitative_specialist", "symbol": "MMM"}
{"ts": "2026-08-06T03:28:07+00:00", "event": "agent_stage", "cell": "CAT", "decision_date": "2026-05-15", "stage": "qualitative_specialist", "symbol": "CAT"}
{"ts": "2026-08-06T03:28:07+00:00", "event": "agent_stage", "cell": "HD", "decision_date": "2026-05-01", "stage": "quantitative_specialist", "symbol": "HD"}
{"ts": "2026-08-06T03:28:07+00:00", "event": "agent_stage", "cell": "HD", "decision_date": "2026-05-01", "stage": "qualitative_specialist", "symbol": "HD"}
{"ts": "2026-08-06T03:28:07+00:00", "event": "agent_stage", "cell": "AAPL", "decision_date": "2026-05-15", "stage": "qualitative_specialist", "symbol": "AAPL"}
{"ts": "2026-08-06T03:28:07+00:00", "event": "agent_stage", "cell": "AMZN", "decision_date": "2026-05-01", "stage": "quantitative_specialist", "symbol": "AMZN"}
{"ts": "2026-08-06T03:28:07+00:00", "event": "agent_stage", "cell": "WMT", "decision_date": "2026-05-01", "stage": "quantitative_specialist", "symbol": "WMT"}
{"ts": "2026-08-06T03:28:07+00:00", "event": "agent_stage", "cell": "WMT", "decision_date": "2026-05-01", "stage": "qualitative_specialist", "symbol": "WMT"}
{"ts": "2026-08-06T03:28:07+00:00", "event": "agent_stage", "cell": "MMM", "decision_date": "2026-05-01", "stage": "qualitative_specialist", "symbol": "MMM"}
{"ts": "2026-08-06T03:28:07+00:00", "event": "agent_stage", "cell": "AMZN", "decision_date": "2026-05-01", "stage": "qualitative_specialist", "symbol": "AMZN"}
{"ts": "2026-08-06T03:28:07+00:00", "event": "agent_stage", "cell": "JPM", "decision_date": "2026-05-15", "stage": "qualitative_specialist", "symbol": "JPM"}
{"ts": "2026-08-06T03:28:08+00:00", "event": "data_read", "cell": "MMM", "kind": "macro", "source": "fred_macro", "status": "ok", "cached": false, "raw_chars": 30894, "capped_chars": 30894, "raw_tokens": 7724, "capped_tokens": 7724}
{"ts": "2026-08-06T03:28:08+00:00", "event": "data_read", "cell": "MMM", "kind": "news_sentiment", "source": "news_sentiment", "status": "ok", "cached": false, "raw_chars": 875, "capped_chars": 875, "raw_tokens": 219, "capped_tokens": 219}
{"ts": "2026-08-06T03:28:08+00:00", "event": "agent_stage", "cell": "MMM", "decision_date": "2026-05-08", "stage": "evidence_qualitative", "symbol": "MMM"}
{"ts": "2026-08-06T03:28:08+00:00", "event": "data_read", "cell": "MMM", "kind": "news", "source": "massive_news", "status": "ok", "cached": false, "raw_chars": 18870, "capped_chars": 3805, "raw_tokens": 4718, "capped_tokens": 951}
{"ts": "2026-08-06T03:28:08+00:00", "event": "data_read", "cell": "MMM", "kind": "web_search", "source": "web_search", "status": "ok", "cached": false, "raw_chars": 34484, "capped_chars": 30142, "raw_tokens": 8621, "capped_tokens": 7536}
{"ts": "2026-08-06T03:28:08+00:00", "event": "data_read", "cell": "MMM", "kind": "web_search", "source": "web_search", "status": "ok", "cached": false, "raw_chars": 27913, "capped_chars": 23746, "raw_tokens": 6978, "capped_tokens": 5936}
{"ts": "2026-08-06T03:28:08+00:00", "event": "data_read", "cell": "MMM", "kind": "web_search", "source": "web_search", "status": "ok", "cached": false, "raw_chars": 20615, "capped_chars": 16393, "raw_tokens": 5154, "capped_tokens": 4098}
{"ts": "2026-08-06T03:28:08+00:00", "event": "data_read", "cell": "MMM", "kind": "web_search", "source": "web_search", "status": "ok", "cached": false, "raw_chars": 23484, "capped_chars": 19620, "raw_tokens": 5871, "capped_tokens": 4905}
{"ts": "2026-08-06T03:28:08+00:00", "event": "data_read", "cell": "MMM", "kind": "web_search", "source": "web_search", "status": "ok", "cached": false, "raw_chars": 12297, "capped_chars": 6688, "raw_tokens": 3074, "capped_tokens": 1672}
{"ts": "2026-08-06T03:28:08+00:00", "event": "agent_stage", "cell": "MMM", "decision_date": "2026-05-08", "stage": "quantitative_specialist", "symbol": "MMM"}
{"ts": "2026-08-06T03:28:08+00:00", "event": "agent_stage", "cell": "MMM", "decision_date": "2026-05-08", "stage": "qualitative_specialist", "symbol": "MMM"}
{"ts": "2026-08-06T03:29:02+00:00", "event": "agent_stage", "cell": "WMT", "decision_date": "2026-05-01", "stage": "independent_verifier", "symbol": "WMT"}
{"ts": "2026-08-06T03:29:02+00:00", "event": "run_grid", "grid": "== cells\n   \u2026 AMZN     qualitative_specialist  calls=0  idle=54s\n   \u2026 HD       qualitative_specialist  calls=0  idle=54s\n   \u2026 MMM      qualitative_specialist  calls=0  idle=54s\n   \u2026 WMT      independent_verifier  calls=0  idle=0s\n   \u2026 AAPL     qualitative_specialist  calls=0  idle=54s\n   \u2026 CAT      qualitative_specialist  calls=0  idle=54s\n   \u2026 JNJ      qualitative_specialist  calls=0  idle=54s\n   \u2026 JPM      qualitative_specialist  calls=0  idle=54s"}
{"ts": "2026-08-06T03:29:12+00:00", "event": "agent_stage", "cell": "JPM", "decision_date": "2026-05-15", "stage": "independent_verifier", "symbol": "JPM"}
{"ts": "2026-08-06T03:29:12+00:00", "event": "run_grid", "grid": "== cells\n   \u2026 AMZN     qualitative_specialist  calls=0  idle=65s\n   \u2026 HD       qualitative_specialist  calls=0  idle=65s\n   \u2026 MMM      qualitative_specialist  calls=0  idle=64s\n   \u2026 WMT      independent_verifier  calls=0  idle=10s\n   \u2026 AAPL     qualitative_specialist  calls=0  idle=65s\n   \u2026 CAT      qualitative_specialist  calls=0  idle=65s\n   \u2026 JNJ      qualitative_specialist  calls=0  idle=65s\n   \u2026 JPM      independent_verifier  calls=0  idle=0s"}
{"ts": "2026-08-06T03:29:17+00:00", "event": "agent_stage", "cell": "AMZN", "decision_date": "2026-05-01", "stage": "independent_verifier", "symbol": "AMZN"}
{"ts": "2026-08-06T03:29:17+00:00", "event": "run_grid", "grid": "== cells\n   \u2026 AMZN     independent_verifier  calls=0  idle=0s\n   \u2026 HD       qualitative_specialist  calls=0  idle=70s\n   \u2026 MMM      qualitative_specialist  calls=0  idle=69s\n   \u2026 WMT      independent_verifier  calls=0  idle=15s\n   \u2026 AAPL     qualitative_specialist  calls=0  idle=70s\n   \u2026 CAT      qualitative_specialist  calls=0  idle=70s\n   \u2026 JNJ      qualitative_specialist  calls=0  idle=70s\n   \u2026 JPM      independent_verifier  calls=0  idle=5s"}
{"ts": "2026-08-06T03:29:18+00:00", "event": "agent_stage", "cell": "CAT", "decision_date": "2026-05-15", "stage": "independent_verifier", "symbol": "CAT"}
{"ts": "2026-08-06T03:29:24+00:00", "event": "agent_stage", "cell": "AAPL", "decision_date": "2026-05-15", "stage": "independent_verifier", "symbol": "AAPL"}
{"ts": "2026-08-06T03:29:24+00:00", "event": "run_grid", "grid": "== cells\n   \u2026 AMZN     independent_verifier  calls=0  idle=6s\n   \u2026 HD       qualitative_specialist  calls=0  idle=76s\n   \u2026 MMM      qualitative_specialist  calls=0  idle=76s\n   \u2026 WMT      independent_verifier  calls=0  idle=21s\n   \u2026 AAPL     independent_verifier  calls=0  idle=0s\n   \u2026 CAT      independent_verifier  calls=0  idle=5s\n   \u2026 JNJ      qualitative_specialist  calls=0  idle=76s\n   \u2026 JPM      independent_verifier  calls=0  idle=11s"}
{"ts": "2026-08-06T03:29:25+00:00", "event": "agent_stage", "cell": "MMM", "decision_date": "2026-05-08", "stage": "independent_verifier", "symbol": "MMM"}
{"ts": "2026-08-06T03:29:25+00:00", "event": "agent_stage", "cell": "JNJ", "decision_date": "2026-05-15", "stage": "independent_verifier", "symbol": "JNJ"}
{"ts": "2026-08-06T03:29:32+00:00", "event": "agent_stage", "cell": "HD", "decision_date": "2026-05-01", "stage": "independent_verifier", "symbol": "HD"}
{"ts": "2026-08-06T03:29:32+00:00", "event": "run_grid", "grid": "== cells\n   \u2026 AMZN     independent_verifier  calls=0  idle=14s\n   \u2026 HD       independent_verifier  calls=0  idle=0s\n   \u2026 MMM      independent_verifier  calls=0  idle=6s\n   \u2026 WMT      independent_verifier  calls=0  idle=30s\n   \u2026 AAPL     independent_verifier  calls=0  idle=8s\n   \u2026 CAT      independent_verifier  calls=0  idle=13s\n   \u2026 JNJ      independent_verifier  calls=0  idle=6s\n   \u2026 JPM      independent_verifier  calls=0  idle=19s"}
{"ts": "2026-08-06T03:29:34+00:00", "event": "agent_stage", "cell": "WMT", "decision_date": "2026-05-01", "stage": "final_pm", "symbol": "WMT"}
{"ts": "2026-08-06T03:29:34+00:00", "event": "run_grid", "grid": "== cells\n   \u2026 AMZN     independent_verifier  calls=0  idle=16s\n   \u2026 HD       independent_verifier  calls=0  idle=2s\n   \u2026 MMM      independent_verifier  calls=0  idle=9s\n   \u2026 WMT      final_pm      calls=0  idle=0s\n   \u2026 AAPL     independent_verifier  calls=0  idle=10s\n   \u2026 CAT      independent_verifier  calls=0  idle=15s\n   \u2026 JNJ      independent_verifier  calls=0  idle=8s\n   \u2026 JPM      independent_verifier  calls=0  idle=21s"}
{"ts": "2026-08-06T03:29:43+00:00", "event": "agent_stage", "cell": "MMM", "decision_date": "2026-05-08", "stage": "final_pm", "symbol": "MMM"}
{"ts": "2026-08-06T03:29:43+00:00", "event": "run_grid", "grid": "== cells\n   \u2026 AMZN     independent_verifier  calls=0  idle=25s\n   \u2026 HD       independent_verifier  calls=0  idle=10s\n   \u2026 MMM      final_pm      calls=0  idle=0s\n   \u2026 WMT      final_pm      calls=0  idle=8s\n   \u2026 AAPL     independent_verifier  calls=0  idle=18s\n   \u2026 CAT      independent_verifier  calls=0  idle=24s\n   \u2026 JNJ      independent_verifier  calls=0  idle=17s\n   \u2026 JPM      independent_verifier  calls=0  idle=30s"}
{"ts": "2026-08-06T03:29:43+00:00", "event": "agent_stage", "cell": "MMM", "decision_date": "2026-05-15", "stage": "independent_verifier", "symbol": "MMM"}
{"ts": "2026-08-06T03:29:44+00:00", "event": "agent_stage", "cell": "MMM", "decision_date": "2026-05-01", "stage": "independent_verifier", "symbol": "MMM"}
{"ts": "2026-08-06T03:29:49+00:00", "event": "agent_stage", "cell": "JPM", "decision_date": "2026-05-15", "stage": "final_pm", "symbol": "JPM"}
{"ts": "2026-08-06T03:29:49+00:00", "event": "run_grid", "grid": "== cells\n   \u2026 AMZN     independent_verifier  calls=0  idle=31s\n   \u2026 HD       independent_verifier  calls=0  idle=17s\n   \u2026 MMM      independent_verifier  calls=0  idle=5s\n   \u2026 WMT      final_pm      calls=0  idle=15s\n   \u2026 AAPL     independent_verifier  calls=0  idle=25s\n   \u2026 CAT      independent_verifier  calls=0  idle=31s\n   \u2026 JNJ      independent_verifier  calls=0  idle=23s\n   \u2026 JPM      final_pm      calls=0  idle=0s"}
{"ts": "2026-08-06T03:29:51+00:00", "event": "agent_stage", "cell": "AMZN", "decision_date": "2026-05-01", "stage": "final_pm", "symbol": "AMZN"}
{"ts": "2026-08-06T03:29:53+00:00", "event": "agent_stage", "cell": "HD", "decision_date": "2026-05-01", "stage": "final_pm", "symbol": "HD"}
{"ts": "2026-08-06T03:29:53+00:00", "event": "run_grid", "grid": "== cells\n   \u2026 AMZN     final_pm      calls=0  idle=1s\n   \u2026 HD       final_pm      calls=0  idle=0s\n   \u2026 MMM      independent_verifier  calls=0  idle=9s\n   \u2026 WMT      final_pm      calls=0  idle=19s\n   \u2026 AAPL     independent_verifier  calls=0  idle=29s\n   \u2026 CAT      independent_verifier  calls=0  idle=34s\n   \u2026 JNJ      independent_verifier  calls=0  idle=27s\n   \u2026 JPM      final_pm      calls=0  idle=3s"}
{"ts": "2026-08-06T03:30:04+00:00", "event": "agent_stage", "cell": "MMM", "decision_date": "2026-05-01", "stage": "final_pm", "symbol": "MMM"}
{"ts": "2026-08-06T03:30:04+00:00", "event": "run_grid", "grid": "== cells\n   \u2026 AMZN     final_pm      calls=0  idle=12s\n   \u2026 HD       final_pm      calls=0  idle=10s\n   \u2026 MMM      final_pm      calls=0  idle=0s\n   \u2026 WMT      final_pm      calls=0  idle=30s\n   \u2026 AAPL     independent_verifier  calls=0  idle=40s\n   \u2026 CAT      independent_verifier  calls=0  idle=45s\n   \u2026 JNJ      independent_verifier  calls=0  idle=38s\n   \u2026 JPM      final_pm      calls=0  idle=14s"}
{"ts": "2026-08-06T03:30:05+00:00", "event": "cell_done", "cell": "WMT", "decision_date": "2026-05-01", "outcome": "ok", "health": "ok", "n_reads": 11, "elapsed_ms": 127693, "n_llm_calls": 4, "tokens_in": 81626, "tokens_out": 10746, "cost_usd": 0.083741112, "cost_basis": "reported", "detail": ""}
{"ts": "2026-08-06T03:30:05+00:00", "event": "cell_start", "cell": "AMZN", "decision_date": "2026-05-22"}
{"ts": "2026-08-06T03:30:05+00:00", "event": "agent_stage", "cell": "AMZN", "decision_date": "2026-05-22", "stage": "evidence", "symbol": "AMZN"}
{"ts": "2026-08-06T03:30:05+00:00", "event": "agent_stage", "cell": "AMZN", "decision_date": "2026-05-22", "stage": "evidence_quantitative", "symbol": "AMZN"}
{"ts": "2026-08-06T03:30:05+00:00", "event": "data_read", "cell": "AMZN", "kind": "fundamentals", "source": "massive_fundamentals", "status": "ok", "cached": false, "raw_chars": 3859, "capped_chars": 3859, "raw_tokens": 965, "capped_tokens": 965}
{"ts": "2026-08-06T03:30:05+00:00", "event": "data_read", "cell": "AMZN", "kind": "ratios", "source": "valuation_ratios", "status": "ok", "cached": false, "raw_chars": 231829, "capped_chars": 231829, "raw_tokens": 57957, "capped_tokens": 57957}
{"ts": "2026-08-06T03:30:05+00:00", "event": "data_read", "cell": "AMZN", "kind": "prices", "source": "massive_prices", "status": "ok", "cached": false, "raw_chars": 842, "capped_chars": 842, "raw_tokens": 210, "capped_tokens": 210}
{"ts": "2026-08-06T03:30:05+00:00", "event": "agent_stage", "cell": "JNJ", "decision_date": "2026-05-15", "stage": "final_pm", "symbol": "JNJ"}
{"ts": "2026-08-06T03:30:06+00:00", "event": "agent_stage", "cell": "CAT", "decision_date": "2026-05-15", "stage": "final_pm", "symbol": "CAT"}
{"ts": "2026-08-06T03:30:13+00:00", "event": "cell_done", "cell": "MMM", "decision_date": "2026-05-08", "outcome": "ok", "health": "ok", "n_reads": 11, "elapsed_ms": 135350, "n_llm_calls": 4, "tokens_in": 87235, "tokens_out": 11391, "cost_usd": 0.08092181999999999, "cost_basis": "reported", "detail": ""}
{"ts": "2026-08-06T03:30:13+00:00", "event": "run_grid", "grid": "== cells\n   \u2026 AMZN     evidence_quantitative  calls=0  idle=7s\n   \u2026 HD       final_pm      calls=0  idle=19s\n   \u2713 MMM      done          calls=0  idle=0s\n   \u2713 WMT      done          calls=0  idle=7s\n   \u2026 AAPL     independent_verifier  calls=0  idle=49s\n   \u2026 CAT      final_pm      calls=0  idle=6s\n   \u2026 JNJ      final_pm      calls=0  idle=7s\n   \u2026 JPM      final_pm      calls=0  idle=23s"}
{"ts": "2026-08-06T03:30:13+00:00", "event": "cell_start", "cell": "AXP", "decision_date": "2026-05-22"}
{"ts": "2026-08-06T03:30:13+00:00", "event": "agent_stage", "cell": "AXP", "decision_date": "2026-05-22", "stage": "evidence", "symbol": "AXP"}
{"ts": "2026-08-06T03:30:13+00:00", "event": "agent_stage", "cell": "AXP", "decision_date": "2026-05-22", "stage": "evidence_quantitative", "symbol": "AXP"}
{"ts": "2026-08-06T03:30:13+00:00", "event": "data_read", "cell": "AXP", "kind": "fundamentals", "source": "massive_fundamentals", "status": "ok", "cached": false, "raw_chars": 4463, "capped_chars": 4463, "raw_tokens": 1116, "capped_tokens": 1116}
{"ts": "2026-08-06T03:30:13+00:00", "event": "data_read", "cell": "AXP", "kind": "ratios", "source": "valuation_ratios", "status": "ok", "cached": false, "raw_chars": 227124, "capped_chars": 227124, "raw_tokens": 56781, "capped_tokens": 56781}
{"ts": "2026-08-06T03:30:13+00:00", "event": "data_read", "cell": "AXP", "kind": "prices", "source": "massive_prices", "status": "ok", "cached": false, "raw_chars": 818, "capped_chars": 818, "raw_tokens": 204, "capped_tokens": 204}
{"ts": "2026-08-06T03:30:15+00:00", "event": "agent_stage", "cell": "MMM", "decision_date": "2026-05-15", "stage": "final_pm", "symbol": "MMM"}
{"ts": "2026-08-06T03:30:15+00:00", "event": "run_grid", "grid": "== cells\n   \u2026 AMZN     evidence_quantitative  calls=0  idle=9s\n   \u2026 HD       final_pm      calls=0  idle=21s\n   \u2713 MMM      final_pm      calls=0  idle=0s\n   \u2713 WMT      done          calls=0  idle=9s\n   \u2026 AAPL     independent_verifier  calls=0  idle=51s\n   \u2026 CAT      final_pm      calls=0  idle=9s\n   \u2026 JNJ      final_pm      calls=0  idle=9s\n   \u2026 JPM      final_pm      calls=0  idle=25s\n   \u2026 AXP      evidence_quantitative  calls=0  idle=2s"}
{"ts": "2026-08-06T03:30:18+00:00", "event": "data_read", "cell": "AXP", "kind": "macro", "source": "fred_macro", "status": "failed", "cached": false, "raw_chars": 0, "capped_chars": 0, "raw_tokens": 0, "capped_tokens": 0}
{"ts": "2026-08-06T03:30:18+00:00", "event": "data_read", "cell": "AMZN", "kind": "macro", "source": "fred_macro", "status": "failed", "cached": false, "raw_chars": 0, "capped_chars": 0, "raw_tokens": 0, "capped_tokens": 0}
{"ts": "2026-08-06T03:30:18+00:00", "event": "data_read", "cell": "AXP", "kind": "news_sentiment", "source": "news_sentiment", "status": "ok", "cached": false, "raw_chars": 2216, "capped_chars": 2216, "raw_tokens": 554, "capped_tokens": 554}
{"ts": "2026-08-06T03:30:18+00:00", "event": "agent_stage", "cell": "AXP", "decision_date": "2026-05-22", "stage": "evidence_qualitative", "symbol": "AXP"}
{"ts": "2026-08-06T03:30:18+00:00", "event": "run_grid", "grid": "== cells\n   \u2026 AMZN     evidence_quantitative  calls=0  idle=13s\n   \u2026 HD       final_pm      calls=0  idle=25s\n   \u2713 MMM      final_pm      calls=0  idle=3s\n   \u2713 WMT      done          calls=0  idle=13s\n   \u2026 AAPL     independent_verifier  calls=0  idle=54s\n   \u2026 CAT      final_pm      calls=0  idle=12s\n   \u2026 JNJ      final_pm      calls=0  idle=12s\n   \u2026 JPM      final_pm      calls=0  idle=28s\n   \u2026 AXP      evidence_qualitative  calls=0  idle=0s"}
{"ts": "2026-08-06T03:30:18+00:00", "event": "data_read", "cell": "AMZN", "kind": "news_sentiment", "source": "news_sentiment", "status": "ok", "cached": false, "raw_chars": 4409, "capped_chars": 4409, "raw_tokens": 1102, "capped_tokens": 1102}
{"ts": "2026-08-06T03:30:18+00:00", "event": "data_read", "cell": "AXP", "kind": "news", "source": "massive_news", "status": "ok", "cached": false, "raw_chars": 35354, "capped_chars": 6377, "raw_tokens": 8838, "capped_tokens": 1594}
{"ts": "2026-08-06T03:30:18+00:00", "event": "agent_stage", "cell": "AMZN", "decision_date": "2026-05-22", "stage": "evidence_qualitative", "symbol": "AMZN"}
{"ts": "2026-08-06T03:30:18+00:00", "event": "data_read", "cell": "AMZN", "kind": "news", "source": "massive_news", "status": "ok", "cached": false, "raw_chars": 372595, "capped_chars": 80647, "raw_tokens": 93149, "capped_tokens": 20162}
{"ts": "2026-08-06T03:30:18+00:00", "event": "data_read", "cell": "AXP", "kind": "web_search", "source": "web_search", "status": "ok", "cached": false, "raw_chars": 41127, "capped_chars": 30894, "raw_tokens": 10282, "capped_tokens": 7724}
{"ts": "2026-08-06T03:30:18+00:00", "event": "data_read", "cell": "AMZN", "kind": "web_search", "source": "web_search", "status": "ok", "cached": false, "raw_chars": 32783, "capped_chars": 24101, "raw_tokens": 8196, "capped_tokens": 6025}
{"ts": "2026-08-06T03:30:18+00:00", "event": "data_read", "cell": "AXP", "kind": "web_search", "source": "web_search", "status": "ok", "cached": false, "raw_chars": 24426, "capped_chars": 19924, "raw_tokens": 6106, "capped_tokens": 4981}
{"ts": "2026-08-06T03:30:18+00:00", "event": "data_read", "cell": "AMZN", "kind": "web_search", "source": "web_search", "status": "ok", "cached": false, "raw_chars": 34639, "capped_chars": 22451, "raw_tokens": 8660, "capped_tokens": 5613}
{"ts": "2026-08-06T03:30:18+00:00", "event": "data_read", "cell": "AXP", "kind": "web_search", "source": "web_search", "status": "ok", "cached": false, "raw_chars": 12732, "capped_chars": 9793, "raw_tokens": 3183, "capped_tokens": 2448}
{"ts": "2026-08-06T03:30:18+00:00", "event": "data_read", "cell": "AMZN", "kind": "web_search", "source": "web_search", "status": "ok", "cached": false, "raw_chars": 27040, "capped_chars": 20560, "raw_tokens": 6760, "capped_tokens": 5140}
{"ts": "2026-08-06T03:30:18+00:00", "event": "data_read", "cell": "AXP", "kind": "web_search", "source": "web_search", "status": "ok", "cached": false, "raw_chars": 24462, "capped_chars": 20370, "raw_tokens": 6116, "capped_tokens": 5092}
{"ts": "2026-08-06T03:30:18+00:00", "event": "data_read", "cell": "AMZN", "kind": "web_search", "source": "web_search", "status": "ok", "cached": false, "raw_chars": 32982, "capped_chars": 22203, "raw_tokens": 8246, "capped_tokens": 5551}
{"ts": "2026-08-06T03:30:18+00:00", "event": "data_read", "cell": "AXP", "kind": "web_search", "source": "web_search", "status": "ok", "cached": false, "raw_chars": 13468, "capped_chars": 10113, "raw_tokens": 3367, "capped_tokens": 2528}
{"ts": "2026-08-06T03:30:18+00:00", "event": "data_read", "cell": "AMZN", "kind": "web_search", "source": "web_search", "status": "ok", "cached": false, "raw_chars": 10653, "capped_chars": 7094, "raw_tokens": 2663, "capped_tokens": 1774}
{"ts": "2026-08-06T03:30:18+00:00", "event": "agent_stage", "cell": "AXP", "decision_date": "2026-05-22", "stage": "quantitative_specialist", "symbol": "AXP"}
{"ts": "2026-08-06T03:30:18+00:00", "event": "agent_stage", "cell": "AMZN", "decision_date": "2026-05-22", "stage": "quantitative_specialist", "symbol": "AMZN"}
{"ts": "2026-08-06T03:30:18+00:00", "event": "agent_stage", "cell": "AXP", "decision_date": "2026-05-22", "stage": "qualitative_specialist", "symbol": "AXP"}
{"ts": "2026-08-06T03:30:18+00:00", "event": "agent_stage", "cell": "AMZN", "decision_date": "2026-05-22", "stage": "qualitative_specialist", "symbol": "AMZN"}
{"ts": "2026-08-06T03:30:20+00:00", "event": "cell_done", "cell": "MMM", "decision_date": "2026-05-01", "outcome": "ok", "health": "ok", "n_reads": 11, "elapsed_ms": 142864, "n_llm_calls": 4, "tokens_in": 81927, "tokens_out": 10722, "cost_usd": 0.07787359819999999, "cost_basis": "reported", "detail": ""}
{"ts": "2026-08-06T03:30:20+00:00", "event": "cell_start", "cell": "KO", "decision_date": "2026-05-22"}
{"ts": "2026-08-06T03:30:20+00:00", "event": "agent_stage", "cell": "KO", "decision_date": "2026-05-22", "stage": "evidence", "symbol": "KO"}
{"ts": "2026-08-06T03:30:20+00:00", "event": "agent_stage", "cell": "KO", "decision_date": "2026-05-22", "stage": "evidence_quantitative", "symbol": "KO"}
{"ts": "2026-08-06T03:30:20+00:00", "event": "data_read", "cell": "KO", "kind": "fundamentals", "source": "massive_fundamentals", "status": "ok", "cached": false, "raw_chars": 3045, "capped_chars": 3045, "raw_tokens": 761, "capped_tokens": 761}
{"ts": "2026-08-06T03:30:20+00:00", "event": "data_read", "cell": "KO", "kind": "ratios", "source": "valuation_ratios", "status": "ok", "cached": false, "raw_chars": 223403, "capped_chars": 223403, "raw_tokens": 55851, "capped_tokens": 55851}
{"ts": "2026-08-06T03:30:20+00:00", "event": "data_read", "cell": "KO", "kind": "prices", "source": "massive_prices", "status": "ok", "cached": false, "raw_chars": 782, "capped_chars": 782, "raw_tokens": 196, "capped_tokens": 196}
{"ts": "2026-08-06T03:30:20+00:00", "event": "cell_done", "cell": "AMZN", "decision_date": "2026-05-01", "outcome": "ok", "health": "ok", "n_reads": 11, "elapsed_ms": 143140, "n_llm_calls": 4, "tokens_in": 132704, "tokens_out": 10798, "cost_usd": 0.1141149332, "cost_basis": "reported", "detail": ""}
{"ts": "2026-08-06T03:30:20+00:00", "event": "run_grid", "grid": "== cells\n   \u2713 AMZN     done          calls=0  idle=0s\n   \u2026 HD       final_pm      calls=0  idle=27s\n   \u2713 MMM      done          calls=0  idle=0s\n   \u2713 WMT      done          calls=0  idle=15s\n   \u2026 AAPL     independent_verifier  calls=0  idle=56s\n   \u2026 CAT      final_pm      calls=0  idle=14s\n   \u2026 JNJ      final_pm      calls=0  idle=15s\n   \u2026 JPM      final_pm      calls=0  idle=31s\n   \u2026 AXP      qualitative_specialist  calls=0  idle=2s\n   \u2026 KO       evidence_quantitative  calls=0  idle=0s"}
{"ts": "2026-08-06T03:30:20+00:00", "event": "cell_start", "cell": "MCD", "decision_date": "2026-05-22"}
{"ts": "2026-08-06T03:30:20+00:00", "event": "agent_stage", "cell": "MCD", "decision_date": "2026-05-22", "stage": "evidence", "symbol": "MCD"}
{"ts": "2026-08-06T03:30:20+00:00", "event": "agent_stage", "cell": "MCD", "decision_date": "2026-05-22", "stage": "evidence_quantitative", "symbol": "MCD"}
{"ts": "2026-08-06T03:30:20+00:00", "event": "data_read", "cell": "MCD", "kind": "fundamentals", "source": "massive_fundamentals", "status": "ok", "cached": false, "raw_chars": 4392, "capped_chars": 4392, "raw_tokens": 1098, "capped_tokens": 1098}
{"ts": "2026-08-06T03:30:21+00:00", "event": "data_read", "cell": "MCD", "kind": "ratios", "source": "valuation_ratios", "status": "ok", "cached": false, "raw_chars": 215417, "capped_chars": 215417, "raw_tokens": 53854, "capped_tokens": 53854}
{"ts": "2026-08-06T03:30:21+00:00", "event": "data_read", "cell": "MCD", "kind": "prices", "source": "massive_prices", "status": "ok", "cached": false, "raw_chars": 818, "capped_chars": 818, "raw_tokens": 204, "capped_tokens": 204}
{"ts": "2026-08-06T03:30:21+00:00", "event": "cell_done", "cell": "JPM", "decision_date": "2026-05-15", "outcome": "ok", "health": "ok", "n_reads": 11, "elapsed_ms": 143628, "n_llm_calls": 4, "tokens_in": 87147, "tokens_out": 11243, "cost_usd": 0.0844061, "cost_basis": "reported", "detail": ""}
{"ts": "2026-08-06T03:30:21+00:00", "event": "cell_start", "cell": "MMM", "decision_date": "2026-05-22"}
{"ts": "2026-08-06T03:30:21+00:00", "event": "agent_stage", "cell": "MMM", "decision_date": "2026-05-22", "stage": "evidence", "symbol": "MMM"}
{"ts": "2026-08-06T03:30:21+00:00", "event": "agent_stage", "cell": "MMM", "decision_date": "2026-05-22", "stage": "evidence_quantitative", "symbol": "MMM"}
{"ts": "2026-08-06T03:30:21+00:00", "event": "data_read", "cell": "MMM", "kind": "fundamentals", "source": "massive_fundamentals", "status": "ok", "cached": false, "raw_chars": 4521, "capped_chars": 4521, "raw_tokens": 1130, "capped_tokens": 1130}
{"ts": "2026-08-06T03:30:21+00:00", "event": "data_read", "cell": "MMM", "kind": "ratios", "source": "valuation_ratios", "status": "ok", "cached": false, "raw_chars": 247225, "capped_chars": 247225, "raw_tokens": 61806, "capped_tokens": 61806}
{"ts": "2026-08-06T03:30:21+00:00", "event": "data_read", "cell": "MMM", "kind": "prices", "source": "massive_prices", "status": "ok", "cached": false, "raw_chars": 806, "capped_chars": 806, "raw_tokens": 202, "capped_tokens": 202}
{"ts": "2026-08-06T03:30:23+00:00", "event": "cell_done", "cell": "JNJ", "decision_date": "2026-05-15", "outcome": "ok", "health": "ok", "n_reads": 11, "elapsed_ms": 145351, "n_llm_calls": 4, "tokens_in": 79209, "tokens_out": 11073, "cost_usd": 0.07771332507999999, "cost_basis": "reported", "detail": ""}
{"ts": "2026-08-06T03:30:23+00:00", "event": "run_grid", "grid": "== cells\n   \u2713 AMZN     done          calls=0  idle=2s\n   \u2026 HD       final_pm      calls=0  idle=29s\n   \u2713 MMM      evidence_quantitative  calls=0  idle=1s\n   \u2713 WMT      done          calls=0  idle=17s\n   \u2026 AAPL     independent_verifier  calls=0  idle=59s\n   \u2026 CAT      final_pm      calls=0  idle=16s\n   \u2713 JNJ      done          calls=0  idle=0s\n   \u2713 JPM      done          calls=0  idle=1s\n   \u2026 AXP      qualitative_specialist  calls=0  idle=4s\n   \u2026 KO       evidence_quantitative  calls=0  idle=2s\n   \u2026 MCD      evidence_quantitative  calls=0  idle=2s"}
{"ts": "2026-08-06T03:30:23+00:00", "event": "cell_start", "cell": "MRK", "decision_date": "2026-05-22"}
{"ts": "2026-08-06T03:30:23+00:00", "event": "agent_stage", "cell": "MRK", "decision_date": "2026-05-22", "stage": "evidence", "symbol": "MRK"}
{"ts": "2026-08-06T03:30:23+00:00", "event": "agent_stage", "cell": "MRK", "decision_date": "2026-05-22", "stage": "evidence_quantitative", "symbol": "MRK"}
{"ts": "2026-08-06T03:30:23+00:00", "event": "data_read", "cell": "MRK", "kind": "fundamentals", "source": "massive_fundamentals", "status": "ok", "cached": false, "raw_chars": 4573, "capped_chars": 4573, "raw_tokens": 1143, "capped_tokens": 1143}
{"ts": "2026-08-06T03:30:23+00:00", "event": "data_read", "cell": "MRK", "kind": "ratios", "source": "valuation_ratios", "status": "ok", "cached": false, "raw_chars": 224780, "capped_chars": 224780, "raw_tokens": 56195, "capped_tokens": 56195}
{"ts": "2026-08-06T03:30:23+00:00", "event": "data_read", "cell": "MRK", "kind": "prices", "source": "massive_prices", "status": "ok", "cached": false, "raw_chars": 818, "capped_chars": 818, "raw_tokens": 204, "capped_tokens": 204}
{"ts": "2026-08-06T03:30:23+00:00", "event": "cell_done", "cell": "CAT", "decision_date": "2026-05-15", "outcome": "ok", "health": "ok", "n_reads": 11, "elapsed_ms": 145374, "n_llm_calls": 4, "tokens_in": 80505, "tokens_out": 10682, "cost_usd": 0.07865402464, "cost_basis": "reported", "detail": ""}
{"ts": "2026-08-06T03:30:23+00:00", "event": "cell_start", "cell": "AMGN", "decision_date": "2026-05-29"}
{"ts": "2026-08-06T03:30:23+00:00", "event": "agent_stage", "cell": "AMGN", "decision_date": "2026-05-29", "stage": "evidence", "symbol": "AMGN"}
{"ts": "2026-08-06T03:30:23+00:00", "event": "agent_stage", "cell": "AMGN", "decision_date": "2026-05-29", "stage": "evidence_quantitative", "symbol": "AMGN"}
{"ts": "2026-08-06T03:30:23+00:00", "event": "data_read", "cell": "AMGN", "kind": "fundamentals", "source": "massive_fundamentals", "status": "ok", "cached": false, "raw_chars": 3777, "capped_chars": 3777, "raw_tokens": 944, "capped_tokens": 944}
{"ts": "2026-08-06T03:30:23+00:00", "event": "data_read", "cell": "AMGN", "kind": "ratios", "source": "valuation_ratios", "status": "ok", "cached": false, "raw_chars": 251421, "capped_chars": 251421, "raw_tokens": 62855, "capped_tokens": 62855}
{"ts": "2026-08-06T03:30:23+00:00", "event": "data_read", "cell": "AMGN", "kind": "prices", "source": "massive_prices", "status": "ok", "cached": false, "raw_chars": 818, "capped_chars": 818, "raw_tokens": 204, "capped_tokens": 204}
{"ts": "2026-08-06T03:30:23+00:00", "event": "cell_done", "cell": "HD", "decision_date": "2026-05-01", "outcome": "ok", "health": "ok", "n_reads": 11, "elapsed_ms": 145617, "n_llm_calls": 4, "tokens_in": 68254, "tokens_out": 10605, "cost_usd": 0.06853293624, "cost_basis": "reported", "detail": ""}
{"ts": "2026-08-06T03:30:23+00:00", "event": "cell_start", "cell": "AMZN", "decision_date": "2026-05-29"}
{"ts": "2026-08-06T03:30:23+00:00", "event": "agent_stage", "cell": "AMZN", "decision_date": "2026-05-29", "stage": "evidence", "symbol": "AMZN"}
{"ts": "2026-08-06T03:30:23+00:00", "event": "agent_stage", "cell": "AMZN", "decision_date": "2026-05-29", "stage": "evidence_quantitative", "symbol": "AMZN"}
{"ts": "2026-08-06T03:30:23+00:00", "event": "data_read", "cell": "AMZN", "kind": "fundamentals", "source": "massive_fundamentals", "status": "ok", "cached": false, "raw_chars": 3859, "capped_chars": 3859, "raw_tokens": 965, "capped_tokens": 965}
{"ts": "2026-08-06T03:30:23+00:00", "event": "data_read", "cell": "AMZN", "kind": "ratios", "source": "valuation_ratios", "status": "ok", "cached": false, "raw_chars": 231830, "capped_chars": 231830, "raw_tokens": 57958, "capped_tokens": 57958}
{"ts": "2026-08-06T03:30:23+00:00", "event": "data_read", "cell": "AMZN", "kind": "prices", "source": "massive_prices", "status": "ok", "cached": false, "raw_chars": 842, "capped_chars": 842, "raw_tokens": 210, "capped_tokens": 210}
{"ts": "2026-08-06T03:30:24+00:00", "event": "agent_stage", "cell": "AAPL", "decision_date": "2026-05-15", "stage": "final_pm", "symbol": "AAPL"}
{"ts": "2026-08-06T03:30:28+00:00", "event": "cell_done", "cell": "MMM", "decision_date": "2026-05-15", "outcome": "ok", "health": "ok", "n_reads": 11, "elapsed_ms": 150535, "n_llm_calls": 4, "tokens_in": 75377, "tokens_out": 11625, "cost_usd": 0.07382073188, "cost_basis": "reported", "detail": ""}
{"ts": "2026-08-06T03:30:28+00:00", "event": "run_grid", "grid": "== cells\n   \u2713 AMZN     evidence_quantitative  calls=0  idle=4s\n   \u2713 HD       done          calls=0  idle=4s\n   \u2713 MMM      done          calls=0  idle=0s\n   \u2713 WMT      done          calls=0  idle=22s\n   \u2026 AAPL     final_pm      calls=0  idle=4s\n   \u2713 CAT      done          calls=0  idle=5s\n   \u2713 JNJ      done          calls=0  idle=5s\n   \u2713 JPM      done          calls=0  idle=6s\n   \u2026 AXP      qualitative_specialist  calls=0  idle=9s\n   \u2026 KO       evidence_quantitative  calls=0  idle=7s\n   \u2026 MCD      evidence_quantitative  calls=0  idle=7s\n   \u2026 MRK      evidence_quantitative  calls=0  idle=5s\n   \u2026 AMGN     evidence_quantitative  calls=0  idle=5s"}
{"ts": "2026-08-06T03:30:28+00:00", "event": "cell_start", "cell": "MMM", "decision_date": "2026-05-29"}
{"ts": "2026-08-06T03:30:28+00:00", "event": "agent_stage", "cell": "MMM", "decision_date": "2026-05-29", "stage": "evidence", "symbol": "MMM"}
{"ts": "2026-08-06T03:30:28+00:00", "event": "agent_stage", "cell": "MMM", "decision_date": "2026-05-29", "stage": "evidence_quantitative", "symbol": "MMM"}
{"ts": "2026-08-06T03:30:28+00:00", "event": "data_read", "cell": "MMM", "kind": "fundamentals", "source": "massive_fundamentals", "status": "ok", "cached": false, "raw_chars": 4521, "capped_chars": 4521, "raw_tokens": 1130, "capped_tokens": 1130}
{"ts": "2026-08-06T03:30:28+00:00", "event": "data_read", "cell": "MMM", "kind": "ratios", "source": "valuation_ratios", "status": "ok", "cached": false, "raw_chars": 247126, "capped_chars": 247126, "raw_tokens": 61782, "capped_tokens": 61782}
{"ts": "2026-08-06T03:30:28+00:00", "event": "data_read", "cell": "MMM", "kind": "prices", "source": "massive_prices", "status": "ok", "cached": false, "raw_chars": 830, "capped_chars": 830, "raw_tokens": 208, "capped_tokens": 208}
{"ts": "2026-08-06T03:30:33+00:00", "event": "cell_done", "cell": "AAPL", "decision_date": "2026-05-15", "outcome": "ok", "health": "ok", "n_reads": 11, "elapsed_ms": 156127, "n_llm_calls": 4, "tokens_in": 119129, "tokens_out": 13360, "cost_usd": 0.11160892840000002, "cost_basis": "reported", "detail": ""}
{"ts": "2026-08-06T03:30:33+00:00", "event": "run_grid", "grid": "== cells\n   \u2713 AMZN     evidence_quantitative  calls=0  idle=10s\n   \u2713 HD       done          calls=0  idle=10s\n   \u2713 MMM      evidence_quantitative  calls=0  idle=5s\n   \u2713 WMT      done          calls=0  idle=28s\n   \u2713 AAPL     done          calls=0  idle=0s\n   \u2713 CAT      done          calls=0  idle=10s\n   \u2713 JNJ      done          calls=0  idle=10s\n   \u2713 JPM      done          calls=0  idle=12s\n   \u2026 AXP      qualitative_specialist  calls=0  idle=15s\n   \u2026 KO       evidence_quantitative  calls=0  idle=13s\n   \u2026 MCD      evidence_quantitative  calls=0  idle=12s\n   \u2026 MRK      evidence_quantitative  calls=0  idle=10s\n   \u2026 AMGN     evidence_quantitative  calls=0  idle=10s"}
{"ts": "2026-08-06T03:30:33+00:00", "event": "cell_start", "cell": "MSFT", "decision_date": "2026-05-29"}
{"ts": "2026-08-06T03:30:33+00:00", "event": "agent_stage", "cell": "MSFT", "decision_date": "2026-05-29", "stage": "evidence", "symbol": "MSFT"}
{"ts": "2026-08-06T03:30:33+00:00", "event": "agent_stage", "cell": "MSFT", "decision_date": "2026-05-29", "stage": "evidence_quantitative", "symbol": "MSFT"}
{"ts": "2026-08-06T03:30:33+00:00", "event": "data_read", "cell": "MSFT", "kind": "fundamentals", "source": "massive_fundamentals", "status": "ok", "cached": false, "raw_chars": 3930, "capped_chars": 3930, "raw_tokens": 982, "capped_tokens": 982}
{"ts": "2026-08-06T03:30:33+00:00", "event": "data_read", "cell": "MSFT", "kind": "ratios", "source": "valuation_ratios", "status": "ok", "cached": false, "raw_chars": 243534, "capped_chars": 243534, "raw_tokens": 60884, "capped_tokens": 60884}
{"ts": "2026-08-06T03:30:34+00:00", "event": "data_read", "cell": "MSFT", "kind": "prices", "source": "massive_prices", "status": "ok", "cached": false, "raw_chars": 818, "capped_chars": 818, "raw_tokens": 204, "capped_tokens": 204}
{"ts": "2026-08-06T03:30:41+00:00", "event": "data_read", "cell": "KO", "kind": "macro", "source": "fred_macro", "status": "ok", "cached": false, "raw_chars": 31263, "capped_chars": 31263, "raw_tokens": 7816, "capped_tokens": 7816}
{"ts": "2026-08-06T03:30:41+00:00", "event": "data_read", "cell": "MMM", "kind": "macro", "source": "fred_macro", "status": "ok", "cached": false, "raw_chars": 31263, "capped_chars": 31263, "raw_tokens": 7816, "capped_tokens": 7816}
{"ts": "2026-08-06T03:30:41+00:00", "event": "data_read", "cell": "MCD", "kind": "macro", "source": "fred_macro", "status": "ok", "cached": false, "raw_chars": 31263, "capped_chars": 31263, "raw_tokens": 7816, "capped_tokens": 7816}
{"ts": "2026-08-06T03:30:41+00:00", "event": "data_read", "cell": "MRK", "kind": "macro", "source": "fred_macro", "status": "ok", "cached": false, "raw_chars": 31263, "capped_chars": 31263, "raw_tokens": 7816, "capped_tokens": 7816}
{"ts": "2026-08-06T03:30:41+00:00", "event": "data_read", "cell": "MMM", "kind": "news_sentiment", "source": "news_sentiment", "status": "ok", "cached": false, "raw_chars": 967, "capped_chars": 967, "raw_tokens": 242, "capped_tokens": 242}
{"ts": "2026-08-06T03:30:41+00:00", "event": "data_read", "cell": "MCD", "kind": "news_sentiment", "source": "news_sentiment", "status": "ok", "cached": false, "raw_chars": 1611, "capped_chars": 1611, "raw_tokens": 403, "capped_tokens": 403}
{"ts": "2026-08-06T03:30:41+00:00", "event": "data_read", "cell": "KO", "kind": "news_sentiment", "source": "news_sentiment", "status": "ok", "cached": false, "raw_chars": 2999, "capped_chars": 2999, "raw_tokens": 750, "capped_tokens": 750}
{"ts": "2026-08-06T03:30:41+00:00", "event": "agent_stage", "cell": "MMM", "decision_date": "2026-05-22", "stage": "evidence_qualitative", "symbol": "MMM"}
{"ts": "2026-08-06T03:30:41+00:00", "event": "agent_stage", "cell": "MCD", "decision_date": "2026-05-22", "stage": "evidence_qualitative", "symbol": "MCD"}
{"ts": "2026-08-06T03:30:41+00:00", "event": "data_read", "cell": "MRK", "kind": "news_sentiment", "source": "news_sentiment", "status": "ok", "cached": false, "raw_chars": 1846, "capped_chars": 1846, "raw_tokens": 462, "capped_tokens": 462}
{"ts": "2026-08-06T03:30:41+00:00", "event": "agent_stage", "cell": "KO", "decision_date": "2026-05-22", "stage": "evidence_qualitative", "symbol": "KO"}
{"ts": "2026-08-06T03:30:41+00:00", "event": "run_grid", "grid": "== cells\n   \u2713 AMZN     evidence_quantitative  calls=0  idle=18s\n   \u2713 HD       done          calls=0  idle=18s\n   \u2713 MMM      evidence_qualitative  calls=0  idle=0s\n   \u2713 WMT      done          calls=0  idle=36s\n   \u2713 AAPL     done          calls=0  idle=7s\n   \u2713 CAT      done          calls=0  idle=18s\n   \u2713 JNJ      done          calls=0  idle=18s\n   \u2713 JPM      done          calls=0  idle=20s\n   \u2026 AXP      qualitative_specialist  calls=0  idle=22s\n   \u2026 KO       evidence_quantitative  calls=0  idle=21s\n   \u2026 MCD      evidence_quantitative  calls=0  idle=20s\n   \u2026 MRK      evidence_quantitative  calls=0  idle=18s\n   \u2026 AMGN     evidence_quantitative  calls=0  idle=18s\n   \u2026 MSFT     evidence_quantitative  calls=0  idle=7s"}
{"ts": "2026-08-06T03:30:41+00:00", "event": "agent_stage", "cell": "MRK", "decision_date": "2026-05-22", "stage": "evidence_qualitative", "symbol": "MRK"}
{"ts": "2026-08-06T03:30:41+00:00", "event": "data_read", "cell": "MCD", "kind": "news", "source": "massive_news", "status": "ok", "cached": false, "raw_chars": 16427, "capped_chars": 4184, "raw_tokens": 4107, "capped_tokens": 1046}
{"ts": "2026-08-06T03:30:41+00:00", "event": "data_read", "cell": "KO", "kind": "news", "source": "massive_news", "status": "ok", "cached": false, "raw_chars": 39673, "capped_chars": 7866, "raw_tokens": 9918, "capped_tokens": 1966}
{"ts": "2026-08-06T03:30:41+00:00", "event": "data_read", "cell": "MMM", "kind": "news", "source": "massive_news", "status": "ok", "cached": false, "raw_chars": 6460, "capped_chars": 1822, "raw_tokens": 1615, "capped_tokens": 456}
{"ts": "2026-08-06T03:30:41+00:00", "event": "data_read", "cell": "MRK", "kind": "news", "source": "massive_news", "status": "ok", "cached": false, "raw_chars": 17625, "capped_chars": 4028, "raw_tokens": 4406, "capped_tokens": 1007}
{"ts": "2026-08-06T03:30:41+00:00", "event": "data_read", "cell": "KO", "kind": "web_search", "source": "web_search", "status": "ok", "cached": false, "raw_chars": 32867, "capped_chars": 28480, "raw_tokens": 8217, "capped_tokens": 7120}
{"ts": "2026-08-06T03:30:41+00:00", "event": "data_read", "cell": "MCD", "kind": "web_search", "source": "web_search", "status": "ok", "cached": false, "raw_chars": 31581, "capped_chars": 27102, "raw_tokens": 7895, "capped_tokens": 6776}
{"ts": "2026-08-06T03:30:41+00:00", "event": "data_read", "cell": "MMM", "kind": "web_search", "source": "web_search", "status": "ok", "cached": false, "raw_chars": 24984, "capped_chars": 20760, "raw_tokens": 6246, "capped_tokens": 5190}
{"ts": "2026-08-06T03:30:41+00:00", "event": "data_read", "cell": "MRK", "kind": "web_search", "source": "web_search", "status": "ok", "cached": false, "raw_chars": 23204, "capped_chars": 19028, "raw_tokens": 5801, "capped_tokens": 4757}
{"ts": "2026-08-06T03:30:41+00:00", "event": "data_read", "cell": "KO", "kind": "web_search", "source": "web_search", "status": "ok", "cached": false, "raw_chars": 28294, "capped_chars": 22779, "raw_tokens": 7074, "capped_tokens": 5695}
{"ts": "2026-08-06T03:30:41+00:00", "event": "data_read", "cell": "MCD", "kind": "web_search", "source": "web_search", "status": "ok", "cached": false, "raw_chars": 26040, "capped_chars": 22093, "raw_tokens": 6510, "capped_tokens": 5523}
{"ts": "2026-08-06T03:30:41+00:00", "event": "data_read", "cell": "MMM", "kind": "web_search", "source": "web_search", "status": "ok", "cached": false, "raw_chars": 29223, "capped_chars": 24185, "raw_tokens": 7306, "capped_tokens": 6046}
{"ts": "2026-08-06T03:30:41+00:00", "event": "data_read", "cell": "MRK", "kind": "web_search", "source": "web_search", "status": "ok", "cached": false, "raw_chars": 17323, "capped_chars": 13788, "raw_tokens": 4331, "capped_tokens": 3447}
{"ts": "2026-08-06T03:30:41+00:00", "event": "data_read", "cell": "KO", "kind": "web_search", "source": "web_search", "status": "ok", "cached": false, "raw_chars": 20122, "capped_chars": 15801, "raw_tokens": 5030, "capped_tokens": 3950}
{"ts": "2026-08-06T03:30:41+00:00", "event": "data_read", "cell": "MCD", "kind": "web_search", "source": "web_search", "status": "ok", "cached": false, "raw_chars": 25736, "capped_chars": 19585, "raw_tokens": 6434, "capped_tokens": 4896}
{"ts": "2026-08-06T03:30:41+00:00", "event": "data_read", "cell": "MMM", "kind": "web_search", "source": "web_search", "status": "ok", "cached": false, "raw_chars": 19276, "capped_chars": 15099, "raw_tokens": 4819, "capped_tokens": 3775}
{"ts": "2026-08-06T03:30:41+00:00", "event": "data_read", "cell": "MRK", "kind": "web_search", "source": "web_search", "status": "ok", "cached": false, "raw_chars": 25083, "capped_chars": 20563, "raw_tokens": 6271, "capped_tokens": 5141}
{"ts": "2026-08-06T03:30:41+00:00", "event": "data_read", "cell": "KO", "kind": "web_search", "source": "web_search", "status": "ok", "cached": false, "raw_chars": 28752, "capped_chars": 24014, "raw_tokens": 7188, "capped_tokens": 6004}
{"ts": "2026-08-06T03:30:41+00:00", "event": "data_read", "cell": "MCD", "kind": "web_search", "source": "web_search", "status": "ok", "cached": false, "raw_chars": 30858, "capped_chars": 26810, "raw_tokens": 7714, "capped_tokens": 6702}
{"ts": "2026-08-06T03:30:41+00:00", "event": "data_read", "cell": "MMM", "kind": "web_search", "source": "web_search", "status": "ok", "cached": false, "raw_chars": 12433, "capped_chars": 8743, "raw_tokens": 3108, "capped_tokens": 2186}
{"ts": "2026-08-06T03:30:41+00:00", "event": "data_read", "cell": "MRK", "kind": "web_search", "source": "web_search", "status": "ok", "cached": false, "raw_chars": 13832, "capped_chars": 10072, "raw_tokens": 3458, "capped_tokens": 2518}
{"ts": "2026-08-06T03:30:41+00:00", "event": "data_read", "cell": "KO", "kind": "web_search", "source": "web_search", "status": "ok", "cached": false, "raw_chars": 1404, "capped_chars": 417, "raw_tokens": 351, "capped_tokens": 104}
{"ts": "2026-08-06T03:30:41+00:00", "event": "data_read", "cell": "MCD", "kind": "web_search", "source": "web_search", "status": "ok", "cached": false, "raw_chars": 9603, "capped_chars": 6279, "raw_tokens": 2401, "capped_tokens": 1570}
{"ts": "2026-08-06T03:30:41+00:00", "event": "agent_stage", "cell": "KO", "decision_date": "2026-05-22", "stage": "quantitative_specialist", "symbol": "KO"}
{"ts": "2026-08-06T03:30:41+00:00", "event": "data_read", "cell": "MMM", "kind": "web_search", "source": "web_search", "status": "ok", "cached": false, "raw_chars": 11529, "capped_chars": 7525, "raw_tokens": 2882, "capped_tokens": 1881}
{"ts": "2026-08-06T03:30:41+00:00", "event": "agent_stage", "cell": "MCD", "decision_date": "2026-05-22", "stage": "quantitative_specialist", "symbol": "MCD"}
{"ts": "2026-08-06T03:30:41+00:00", "event": "data_read", "cell": "MRK", "kind": "web_search", "source": "web_search", "status": "ok", "cached": false, "raw_chars": 10158, "capped_chars": 6767, "raw_tokens": 2540, "capped_tokens": 1692}
{"ts": "2026-08-06T03:30:41+00:00", "event": "agent_stage", "cell": "KO", "decision_date": "2026-05-22", "stage": "qualitative_specialist", "symbol": "KO"}
{"ts": "2026-08-06T03:30:41+00:00", "event": "agent_stage", "cell": "MMM", "decision_date": "2026-05-22", "stage": "quantitative_specialist", "symbol": "MMM"}
{"ts": "2026-08-06T03:30:41+00:00", "event": "agent_stage", "cell": "MCD", "decision_date": "2026-05-22", "stage": "qualitative_specialist", "symbol": "MCD"}
{"ts": "2026-08-06T03:30:41+00:00", "event": "agent_stage", "cell": "MRK", "decision_date": "2026-05-22", "stage": "quantitative_specialist", "symbol": "MRK"}
{"ts": "2026-08-06T03:30:41+00:00", "event": "agent_stage", "cell": "MMM", "decision_date": "2026-05-22", "stage": "qualitative_specialist", "symbol": "MMM"}
{"ts": "2026-08-06T03:30:41+00:00", "event": "agent_stage", "cell": "MRK", "decision_date": "2026-05-22", "stage": "qualitative_specialist", "symbol": "MRK"}
{"ts": "2026-08-06T03:30:42+00:00", "event": "data_read", "cell": "AMGN", "kind": "macro", "source": "fred_macro", "status": "ok", "cached": false, "raw_chars": 30916, "capped_chars": 30916, "raw_tokens": 7729, "capped_tokens": 7729}
{"ts": "2026-08-06T03:30:42+00:00", "event": "data_read", "cell": "AMZN", "kind": "macro", "source": "fred_macro", "status": "ok", "cached": false, "raw_chars": 30916, "capped_chars": 30916, "raw_tokens": 7729, "capped_tokens": 7729}
{"ts": "2026-08-06T03:30:42+00:00", "event": "data_read", "cell": "MSFT", "kind": "macro", "source": "fred_macro", "status": "ok", "cached": false, "raw_chars": 30916, "capped_chars": 30916, "raw_tokens": 7729, "capped_tokens": 7729}
{"ts": "2026-08-06T03:30:42+00:00", "event": "data_read", "cell": "MMM", "kind": "macro", "source": "fred_macro", "status": "ok", "cached": false, "raw_chars": 30916, "capped_chars": 30916, "raw_tokens": 7729, "capped_tokens": 7729}
{"ts": "2026-08-06T03:30:43+00:00", "event": "data_read", "cell": "MMM", "kind": "news_sentiment", "source": "news_sentiment", "status": "ok", "cached": false, "raw_chars": 967, "capped_chars": 967, "raw_tokens": 242, "capped_tokens": 242}
{"ts": "2026-08-06T03:30:43+00:00", "event": "data_read", "cell": "MSFT", "kind": "news_sentiment", "source": "news_sentiment", "status": "ok", "cached": false, "raw_chars": 4404, "capped_chars": 4404, "raw_tokens": 1101, "capped_tokens": 1101}
{"ts": "2026-08-06T03:30:43+00:00", "event": "data_read", "cell": "AMZN", "kind": "news_sentiment", "source": "news_sentiment", "status": "ok", "cached": false, "raw_chars": 4407, "capped_chars": 4407, "raw_tokens": 1102, "capped_tokens": 1102}
{"ts": "2026-08-06T03:30:43+00:00", "event": "agent_stage", "cell": "MMM", "decision_date": "2026-05-29", "stage": "evidence_qualitative", "symbol": "MMM"}
{"ts": "2026-08-06T03:30:43+00:00", "event": "data_read", "cell": "AMGN", "kind": "news_sentiment", "source": "news_sentiment", "status": "ok", "cached": false, "raw_chars": 1614, "capped_chars": 1614, "raw_tokens": 404, "capped_tokens": 404}
{"ts": "2026-08-06T03:30:43+00:00", "event": "agent_stage", "cell": "MSFT", "decision_date": "2026-05-29", "stage": "evidence_qualitative", "symbol": "MSFT"}
{"ts": "2026-08-06T03:30:43+00:00", "event": "agent_stage", "cell": "AMZN", "decision_date": "2026-05-29", "stage": "evidence_qualitative", "symbol": "AMZN"}
{"ts": "2026-08-06T03:30:43+00:00", "event": "agent_stage", "cell": "AMGN", "decision_date": "2026-05-29", "stage": "evidence_qualitative", "symbol": "AMGN"}
{"ts": "2026-08-06T03:30:43+00:00", "event": "data_read", "cell": "MMM", "kind": "news", "source": "massive_news", "status": "ok", "cached": false, "raw_chars": 5147, "capped_chars": 1690, "raw_tokens": 1287, "capped_tokens": 422}
{"ts": "2026-08-06T03:30:43+00:00", "event": "data_read", "cell": "AMGN", "kind": "news", "source": "massive_news", "status": "ok", "cached": false, "raw_chars": 12180, "capped_chars": 3607, "raw_tokens": 3045, "capped_tokens": 902}
{"ts": "2026-08-06T03:30:43+00:00", "event": "data_read", "cell": "MSFT", "kind": "news", "source": "massive_news", "status": "ok", "cached": false, "raw_chars": 334937, "capped_chars": 73386, "raw_tokens": 83734, "capped_tokens": 18346}
{"ts": "2026-08-06T03:30:43+00:00", "event": "data_read", "cell": "AMZN", "kind": "news", "source": "massive_news", "status": "ok", "cached": false, "raw_chars": 360172, "capped_chars": 76943, "raw_tokens": 90043, "capped_tokens": 19236}
{"ts": "2026-08-06T03:30:43+00:00", "event": "data_read", "cell": "MMM", "kind": "web_search", "source": "web_search", "status": "ok", "cached": false, "raw_chars": 34776, "capped_chars": 29829, "raw_tokens": 8694, "capped_tokens": 7457}
{"ts": "2026-08-06T03:30:43+00:00", "event": "data_read", "cell": "AMGN", "kind": "web_search", "source": "web_search", "status": "ok", "cached": false, "raw_chars": 35871, "capped_chars": 32062, "raw_tokens": 8968, "capped_tokens": 8016}
{"ts": "2026-08-06T03:30:43+00:00", "event": "data_read", "cell": "MSFT", "kind": "web_search", "source": "web_search", "status": "ok", "cached": false, "raw_chars": 17538, "capped_chars": 14291, "raw_tokens": 4384, "capped_tokens": 3573}
{"ts": "2026-08-06T03:30:43+00:00", "event": "data_read", "cell": "AMZN", "kind": "web_search", "source": "web_search", "status": "ok", "cached": false, "raw_chars": 35059, "capped_chars": 28521, "raw_tokens": 8765, "capped_tokens": 7130}
{"ts": "2026-08-06T03:30:43+00:00", "event": "data_read", "cell": "MMM", "kind": "web_search", "source": "web_search", "status": "ok", "cached": false, "raw_chars": 30420, "capped_chars": 22825, "raw_tokens": 7605, "capped_tokens": 5706}
{"ts": "2026-08-06T03:30:43+00:00", "event": "data_read", "cell": "AMGN", "kind": "web_search", "source": "web_search", "status": "ok", "cached": false, "raw_chars": 18308, "capped_chars": 14439, "raw_tokens": 4577, "capped_tokens": 3610}
{"ts": "2026-08-06T03:30:43+00:00", "event": "data_read", "cell": "MSFT", "kind": "web_search", "source": "web_search", "status": "ok", "cached": false, "raw_chars": 30537, "capped_chars": 25769, "raw_tokens": 7634, "capped_tokens": 6442}
{"ts": "2026-08-06T03:30:43+00:00", "event": "data_read", "cell": "AMZN", "kind": "web_search", "source": "web_search", "status": "ok", "cached": false, "raw_chars": 34731, "capped_chars": 22667, "raw_tokens": 8683, "capped_tokens": 5667}
{"ts": "2026-08-06T03:30:43+00:00", "event": "data_read", "cell": "MMM", "kind": "web_search", "source": "web_search", "status": "ok", "cached": false, "raw_chars": 17432, "capped_chars": 13193, "raw_tokens": 4358, "capped_tokens": 3298}
{"ts": "2026-08-06T03:30:43+00:00", "event": "data_read", "cell": "AMGN", "kind": "web_search", "source": "web_search", "status": "ok", "cached": false, "raw_chars": 21054, "capped_chars": 16912, "raw_tokens": 5264, "capped_tokens": 4228}
{"ts": "2026-08-06T03:30:43+00:00", "event": "data_read", "cell": "MSFT", "kind": "web_search", "source": "web_search", "status": "ok", "cached": false, "raw_chars": 15879, "capped_chars": 11659, "raw_tokens": 3970, "capped_tokens": 2915}
{"ts": "2026-08-06T03:30:43+00:00", "event": "data_read", "cell": "AMZN", "kind": "web_search", "source": "web_search", "status": "ok", "cached": false, "raw_chars": 28824, "capped_chars": 22804, "raw_tokens": 7206, "capped_tokens": 5701}
{"ts": "2026-08-06T03:30:43+00:00", "event": "data_read", "cell": "MMM", "kind": "web_search", "source": "web_search", "status": "ok", "cached": false, "raw_chars": 16047, "capped_chars": 12550, "raw_tokens": 4012, "capped_tokens": 3138}
{"ts": "2026-08-06T03:30:43+00:00", "event": "data_read", "cell": "AMGN", "kind": "web_search", "source": "web_search", "status": "ok", "cached": false, "raw_chars": 19709, "capped_chars": 15847, "raw_tokens": 4927, "capped_tokens": 3962}
{"ts": "2026-08-06T03:30:43+00:00", "event": "data_read", "cell": "MSFT", "kind": "web_search", "source": "web_search", "status": "ok", "cached": false, "raw_chars": 34443, "capped_chars": 30159, "raw_tokens": 8611, "capped_tokens": 7540}
{"ts": "2026-08-06T03:30:43+00:00", "event": "data_read", "cell": "AMZN", "kind": "web_search", "source": "web_search", "status": "ok", "cached": false, "raw_chars": 25394, "capped_chars": 14917, "raw_tokens": 6348, "capped_tokens": 3729}
{"ts": "2026-08-06T03:30:43+00:00", "event": "data_read", "cell": "MMM", "kind": "web_search", "source": "web_search", "status": "ok", "cached": false, "raw_chars": 9501, "capped_chars": 6166, "raw_tokens": 2375, "capped_tokens": 1542}
{"ts": "2026-08-06T03:30:43+00:00", "event": "data_read", "cell": "AMGN", "kind": "web_search", "source": "web_search", "status": "ok", "cached": false, "raw_chars": 5966, "capped_chars": 3558, "raw_tokens": 1492, "capped_tokens": 890}
{"ts": "2026-08-06T03:30:43+00:00", "event": "agent_stage", "cell": "MMM", "decision_date": "2026-05-29", "stage": "quantitative_specialist", "symbol": "MMM"}
{"ts": "2026-08-06T03:30:43+00:00", "event": "data_read", "cell": "MSFT", "kind": "web_search", "source": "web_search", "status": "ok", "cached": false, "raw_chars": 15031, "capped_chars": 11276, "raw_tokens": 3758, "capped_tokens": 2819}
{"ts": "2026-08-06T03:30:43+00:00", "event": "data_read", "cell": "AMZN", "kind": "web_search", "source": "web_search", "status": "ok", "cached": false, "raw_chars": 9551, "capped_chars": 6620, "raw_tokens": 2388, "capped_tokens": 1655}
{"ts": "2026-08-06T03:30:43+00:00", "event": "agent_stage", "cell": "AMGN", "decision_date": "2026-05-29", "stage": "quantitative_specialist", "symbol": "AMGN"}
{"ts": "2026-08-06T03:30:43+00:00", "event": "agent_stage", "cell": "MMM", "decision_date": "2026-05-29", "stage": "qualitative_specialist", "symbol": "MMM"}
{"ts": "2026-08-06T03:30:43+00:00", "event": "agent_stage", "cell": "MSFT", "decision_date": "2026-05-29", "stage": "quantitative_specialist", "symbol": "MSFT"}
{"ts": "2026-08-06T03:30:43+00:00", "event": "agent_stage", "cell": "AMZN", "decision_date": "2026-05-29", "stage": "quantitative_specialist", "symbol": "AMZN"}
{"ts": "2026-08-06T03:30:43+00:00", "event": "agent_stage", "cell": "AMGN", "decision_date": "2026-05-29", "stage": "qualitative_specialist", "symbol": "AMGN"}
{"ts": "2026-08-06T03:30:43+00:00", "event": "agent_stage", "cell": "MSFT", "decision_date": "2026-05-29", "stage": "qualitative_specialist", "symbol": "MSFT"}
{"ts": "2026-08-06T03:30:43+00:00", "event": "agent_stage", "cell": "AMZN", "decision_date": "2026-05-29", "stage": "qualitative_specialist", "symbol": "AMZN"}
{"ts": "2026-08-06T03:31:27+00:00", "event": "agent_stage", "cell": "AXP", "decision_date": "2026-05-22", "stage": "independent_verifier", "symbol": "AXP"}
{"ts": "2026-08-06T03:31:27+00:00", "event": "run_grid", "grid": "== cells\n   \u2713 AMZN     qualitative_specialist  calls=0  idle=44s\n   \u2713 HD       done          calls=0  idle=63s\n   \u2713 MMM      qualitative_specialist  calls=0  idle=44s\n   \u2713 WMT      done          calls=0  idle=81s\n   \u2713 AAPL     done          calls=0  idle=53s\n   \u2713 CAT      done          calls=0  idle=64s\n   \u2713 JNJ      done          calls=0  idle=64s\n   \u2713 JPM      done          calls=0  idle=65s\n   \u2026 AXP      independent_verifier  calls=0  idle=0s\n   \u2026 KO       qualitative_specialist  calls=0  idle=45s\n   \u2026 MCD      qualitative_specialist  calls=0  idle=45s\n   \u2026 MRK      qualitative_specialist  calls=0  idle=45s\n   \u2026 AMGN     qualitative_specialist  calls=0  idle=44s\n   \u2026 MSFT     qualitative_specialist  calls=0  idle=44s"}
{"ts": "2026-08-06T03:31:36+00:00", "event": "cell_done", "cell": "MMM", "decision_date": "2026-05-29", "outcome": "crashed", "health": "ok", "n_reads": 11, "elapsed_ms": 67843, "n_llm_calls": 0, "tokens_in": 0, "tokens_out": 0, "cost_usd": null, "cost_basis": "unknown", "detail": "JSONDecodeError: Expecting value: line 253 column 1 (char 1386)"}
{"ts": "2026-08-06T03:31:36+00:00", "event": "run_grid", "grid": "== cells\n   \u2713 AMZN     qualitative_specialist  calls=0  idle=53s\n   \u2713 HD       done          calls=0  idle=72s\n   \u2713 MMM      done          calls=0  idle=0s\n   \u2713 WMT      done          calls=0  idle=90s\n   \u2713 AAPL     done          calls=0  idle=62s\n   \u2713 CAT      done          calls=0  idle=73s\n   \u2713 JNJ      done          calls=0  idle=73s\n   \u2713 JPM      done          calls=0  idle=74s\n   \u2026 AXP      independent_verifier  calls=0  idle=8s\n   \u2026 KO       qualitative_specialist  calls=0  idle=54s\n   \u2026 MCD      qualitative_specialist  calls=0  idle=54s\n   \u2026 MRK      qualitative_specialist  calls=0  idle=54s\n   \u2026 AMGN     qualitative_specialist  calls=0  idle=53s\n   \u2026 MSFT     qualitative_specialist  calls=0  idle=53s"}
{"ts": "2026-08-06T03:31:36+00:00", "event": "cell_start", "cell": "NKE", "decision_date": "2026-05-29"}
{"ts": "2026-08-06T03:31:36+00:00", "event": "agent_stage", "cell": "NKE", "decision_date": "2026-05-29", "stage": "evidence", "symbol": "NKE"}
{"ts": "2026-08-06T03:31:36+00:00", "event": "agent_stage", "cell": "NKE", "decision_date": "2026-05-29", "stage": "evidence_quantitative", "symbol": "NKE"}
{"ts": "2026-08-06T03:31:36+00:00", "event": "data_read", "cell": "NKE", "kind": "fundamentals", "source": "massive_fundamentals", "status": "ok", "cached": false, "raw_chars": 4500, "capped_chars": 4500, "raw_tokens": 1125, "capped_tokens": 1125}
{"ts": "2026-08-06T03:31:36+00:00", "event": "data_read", "cell": "NKE", "kind": "ratios", "source": "valuation_ratios", "status": "ok", "cached": false, "raw_chars": 224347, "capped_chars": 224347, "raw_tokens": 56087, "capped_tokens": 56087}
{"ts": "2026-08-06T03:31:36+00:00", "event": "data_read", "cell": "NKE", "kind": "prices", "source": "massive_prices", "status": "ok", "cached": false, "raw_chars": 770, "capped_chars": 770, "raw_tokens": 192, "capped_tokens": 192}
{"ts": "2026-08-06T03:31:37+00:00", "event": "agent_stage", "cell": "AXP", "decision_date": "2026-05-22", "stage": "final_pm", "symbol": "AXP"}
{"ts": "2026-08-06T03:31:44+00:00", "event": "data_read", "cell": "NKE", "kind": "macro", "source": "fred_macro", "status": "ok", "cached": false, "raw_chars": 30916, "capped_chars": 30916, "raw_tokens": 7729, "capped_tokens": 7729}
{"ts": "2026-08-06T03:31:44+00:00", "event": "data_read", "cell": "NKE", "kind": "news_sentiment", "source": "news_sentiment", "status": "ok", "cached": false, "raw_chars": 1911, "capped_chars": 1911, "raw_tokens": 478, "capped_tokens": 478}
{"ts": "2026-08-06T03:31:44+00:00", "event": "agent_stage", "cell": "NKE", "decision_date": "2026-05-29", "stage": "evidence_qualitative", "symbol": "NKE"}
{"ts": "2026-08-06T03:31:44+00:00", "event": "run_grid", "grid": "== cells\n   \u2713 AMZN     qualitative_specialist  calls=0  idle=61s\n   \u2713 HD       done          calls=0  idle=80s\n   \u2713 MMM      done          calls=0  idle=8s\n   \u2713 WMT      done          calls=0  idle=98s\n   \u2713 AAPL     done          calls=0  idle=70s\n   \u2713 CAT      done          calls=0  idle=81s\n   \u2713 JNJ      done          calls=0  idle=81s\n   \u2713 JPM      done          calls=0  idle=82s\n   \u2026 AXP      final_pm      calls=0  idle=6s\n   \u2026 KO       qualitative_specialist  calls=0  idle=62s\n   \u2026 MCD      qualitative_specialist  calls=0  idle=62s\n   \u2026 MRK      qualitative_specialist  calls=0  idle=62s\n   \u2026 AMGN     qualitative_specialist  calls=0  idle=61s\n   \u2026 MSFT     qualitative_specialist  calls=0  idle=61s\n   \u2026 NKE      evidence_qualitative  calls=0  idle=0s"}
{"ts": "2026-08-06T03:31:44+00:00", "event": "data_read", "cell": "NKE", "kind": "news", "source": "massive_news", "status": "ok", "cached": false, "raw_chars": 15319, "capped_chars": 4374, "raw_tokens": 3830, "capped_tokens": 1094}
{"ts": "2026-08-06T03:31:44+00:00", "event": "data_read", "cell": "NKE", "kind": "web_search", "source": "web_search", "status": "ok", "cached": false, "raw_chars": 33972, "capped_chars": 29548, "raw_tokens": 8493, "capped_tokens": 7387}
{"ts": "2026-08-06T03:31:44+00:00", "event": "data_read", "cell": "NKE", "kind": "web_search", "source": "web_search", "status": "ok", "cached": false, "raw_chars": 19115, "capped_chars": 15439, "raw_tokens": 4779, "capped_tokens": 3860}
{"ts": "2026-08-06T03:31:44+00:00", "event": "data_read", "cell": "NKE", "kind": "web_search", "source": "web_search", "status": "ok", "cached": false, "raw_chars": 16828, "capped_chars": 12874, "raw_tokens": 4207, "capped_tokens": 3218}
{"ts": "2026-08-06T03:31:44+00:00", "event": "data_read", "cell": "NKE", "kind": "web_search", "source": "web_search", "status": "ok", "cached": false, "raw_chars": 17453, "capped_chars": 13738, "raw_tokens": 4363, "capped_tokens": 3434}
{"ts": "2026-08-06T03:31:44+00:00", "event": "data_read", "cell": "NKE", "kind": "web_search", "source": "web_search", "status": "ok", "cached": false, "raw_chars": 10030, "capped_chars": 5162, "raw_tokens": 2508, "capped_tokens": 1290}
{"ts": "2026-08-06T03:31:44+00:00", "event": "agent_stage", "cell": "NKE", "decision_date": "2026-05-29", "stage": "quantitative_specialist", "symbol": "NKE"}
{"ts": "2026-08-06T03:31:44+00:00", "event": "agent_stage", "cell": "NKE", "decision_date": "2026-05-29", "stage": "qualitative_specialist", "symbol": "NKE"}
{"ts": "2026-08-06T03:31:44+00:00", "event": "agent_stage", "cell": "AMZN", "decision_date": "2026-05-22", "stage": "independent_verifier", "symbol": "AMZN"}
{"ts": "2026-08-06T03:31:45+00:00", "event": "agent_stage", "cell": "MMM", "decision_date": "2026-05-22", "stage": "independent_verifier", "symbol": "MMM"}
{"ts": "2026-08-06T03:31:46+00:00", "event": "agent_stage", "cell": "AMZN", "decision_date": "2026-05-29", "stage": "independent_verifier", "symbol": "AMZN"}
{"ts": "2026-08-06T03:31:46+00:00", "event": "run_grid", "grid": "== cells\n   \u2713 AMZN     independent_verifier  calls=0  idle=0s\n   \u2713 HD       done          calls=0  idle=82s\n   \u2713 MMM      independent_verifier  calls=0  idle=1s\n   \u2713 WMT      done          calls=0  idle=100s\n   \u2713 AAPL     done          calls=0  idle=72s\n   \u2713 CAT      done          calls=0  idle=83s\n   \u2713 JNJ      done          calls=0  idle=83s\n   \u2713 JPM      done          calls=0  idle=84s\n   \u2026 AXP      final_pm      calls=0  idle=8s\n   \u2026 KO       qualitative_specialist  calls=0  idle=64s\n   \u2026 MCD      qualitative_specialist  calls=0  idle=64s\n   \u2026 MRK      qualitative_specialist  calls=0  idle=64s\n   \u2026 AMGN     qualitative_specialist  calls=0  idle=63s\n   \u2026 MSFT     qualitative_specialist  calls=0  idle=63s\n   \u2026 NKE      qualitative_specialist  calls=0  idle=2s"}
{"ts": "2026-08-06T03:31:48+00:00", "event": "agent_stage", "cell": "MRK", "decision_date": "2026-05-22", "stage": "independent_verifier", "symbol": "MRK"}
{"ts": "2026-08-06T03:31:48+00:00", "event": "run_grid", "grid": "== cells\n   \u2713 AMZN     independent_verifier  calls=0  idle=2s\n   \u2713 HD       done          calls=0  idle=85s\n   \u2713 MMM      independent_verifier  calls=0  idle=3s\n   \u2713 WMT      done          calls=0  idle=102s\n   \u2713 AAPL     done          calls=0  idle=74s\n   \u2713 CAT      done          calls=0  idle=85s\n   \u2713 JNJ      done          calls=0  idle=85s\n   \u2713 JPM      done          calls=0  idle=86s\n   \u2026 AXP      final_pm      calls=0  idle=10s\n   \u2026 KO       qualitative_specialist  calls=0  idle=66s\n   \u2026 MCD      qualitative_specialist  calls=0  idle=66s\n   \u2026 MRK      independent_verifier  calls=0  idle=0s\n   \u2026 AMGN     qualitative_specialist  calls=0  idle=65s\n   \u2026 MSFT     qualitative_specialist  calls=0  idle=65s\n   \u2026 NKE      qualitative_specialist  calls=0  idle=4s"}
{"ts": "2026-08-06T03:31:49+00:00", "event": "agent_stage", "cell": "KO", "decision_date": "2026-05-22", "stage": "independent_verifier", "symbol": "KO"}
{"ts": "2026-08-06T03:31:58+00:00", "event": "cell_done", "cell": "AXP", "decision_date": "2026-05-22", "outcome": "ok", "health": "broken", "n_reads": 11, "elapsed_ms": 105380, "n_llm_calls": 4, "tokens_in": 49119, "tokens_out": 9106, "cost_usd": 0.052835163792000005, "cost_basis": "reported", "detail": "1 failed read(s); failed macro: fred HTTP 502 for series/observations: <html>\r\n<head><title>502 Bad Gateway</title></head>\r\n<body>\r\n<center><h1>502 Bad Gateway</h1></center>\r\n</body>\r\n</html>\r"}
{"ts": "2026-08-06T03:31:58+00:00", "event": "run_grid", "grid": "== cells\n   \u2713 AMZN     independent_verifier  calls=0  idle=12s\n   \u2713 HD       done          calls=0  idle=95s\n   \u2713 MMM      independent_verifier  calls=0  idle=13s\n   \u2713 WMT      done          calls=0  idle=113s\n   \u2713 AAPL     done          calls=0  idle=84s\n   \u2713 CAT      done          calls=0  idle=95s\n   \u2713 JNJ      done          calls=0  idle=95s\n   \u2713 JPM      done          calls=0  idle=97s\n   \u2713 AXP      done          calls=0  idle=0s\n   \u2026 KO       independent_verifier  calls=0  idle=9s\n   \u2026 MCD      qualitative_specialist  calls=0  idle=76s\n   \u2026 MRK      independent_verifier  calls=0  idle=10s\n   \u2026 AMGN     qualitative_specialist  calls=0  idle=75s\n   \u2026 MSFT     qualitative_specialist  calls=0  idle=75s\n   \u2026 NKE      qualitative_specialist  calls=0  idle=14s"}
{"ts": "2026-08-06T03:31:58+00:00", "event": "cell_start", "cell": "WMT", "decision_date": "2026-05-29"}
{"ts": "2026-08-06T03:31:58+00:00", "event": "agent_stage", "cell": "WMT", "decision_date": "2026-05-29", "stage": "evidence", "symbol": "WMT"}
{"ts": "2026-08-06T03:31:58+00:00", "event": "agent_stage", "cell": "WMT", "decision_date": "2026-05-29", "stage": "evidence_quantitative", "symbol": "WMT"}
{"ts": "2026-08-06T03:31:58+00:00", "event": "data_read", "cell": "WMT", "kind": "fundamentals", "source": "massive_fundamentals", "status": "ok", "cached": false, "raw_chars": 4559, "capped_chars": 4559, "raw_tokens": 1140, "capped_tokens": 1140}
{"ts": "2026-08-06T03:31:58+00:00", "event": "data_read", "cell": "WMT", "kind": "ratios", "source": "valuation_ratios", "status": "ok", "cached": false, "raw_chars": 243140, "capped_chars": 243140, "raw_tokens": 60785, "capped_tokens": 60785}
{"ts": "2026-08-06T03:31:58+00:00", "event": "data_read", "cell": "WMT", "kind": "prices", "source": "massive_prices", "status": "ok", "cached": false, "raw_chars": 842, "capped_chars": 842, "raw_tokens": 210, "capped_tokens": 210}
{"ts": "2026-08-06T03:31:58+00:00", "event": "agent_stage", "cell": "MSFT", "decision_date": "2026-05-29", "stage": "independent_verifier", "symbol": "MSFT"}
{"ts": "2026-08-06T03:32:07+00:00", "event": "agent_stage", "cell": "MCD", "decision_date": "2026-05-22", "stage": "independent_verifier", "symbol": "MCD"}
{"ts": "2026-08-06T03:32:07+00:00", "event": "run_grid", "grid": "== cells\n   \u2713 AMZN     independent_verifier  calls=0  idle=21s\n   \u2713 HD       done          calls=0  idle=104s\n   \u2713 MMM      independent_verifier  calls=0  idle=22s\n   \u2713 WMT      evidence_quantitative  calls=0  idle=9s\n   \u2713 AAPL     done          calls=0  idle=93s\n   \u2713 CAT      done          calls=0  idle=104s\n   \u2713 JNJ      done          calls=0  idle=104s\n   \u2713 JPM      done          calls=0  idle=106s\n   \u2713 AXP      done          calls=0  idle=9s\n   \u2026 KO       independent_verifier  calls=0  idle=18s\n   \u2026 MCD      independent_verifier  calls=0  idle=0s\n   \u2026 MRK      independent_verifier  calls=0  idle=19s\n   \u2026 AMGN     qualitative_specialist  calls=0  idle=84s\n   \u2026 MSFT     independent_verifier  calls=0  idle=8s\n   \u2026 NKE      qualitative_specialist  calls=0  idle=23s"}
{"ts": "2026-08-06T03:32:07+00:00", "event": "data_read", "cell": "WMT", "kind": "macro", "source": "fred_macro", "status": "ok", "cached": false, "raw_chars": 30916, "capped_chars": 30916, "raw_tokens": 7729, "capped_tokens": 7729}
{"ts": "2026-08-06T03:32:07+00:00", "event": "data_read", "cell": "WMT", "kind": "news_sentiment", "source": "news_sentiment", "status": "ok", "cached": false, "raw_chars": 3620, "capped_chars": 3620, "raw_tokens": 905, "capped_tokens": 905}
{"ts": "2026-08-06T03:32:07+00:00", "event": "agent_stage", "cell": "WMT", "decision_date": "2026-05-29", "stage": "evidence_qualitative", "symbol": "WMT"}
{"ts": "2026-08-06T03:32:07+00:00", "event": "data_read", "cell": "WMT", "kind": "news", "source": "massive_news", "status": "ok", "cached": false, "raw_chars": 100939, "capped_chars": 25422, "raw_tokens": 25235, "capped_tokens": 6356}
{"ts": "2026-08-06T03:32:07+00:00", "event": "data_read", "cell": "WMT", "kind": "web_search", "source": "web_search", "status": "ok", "cached": false, "raw_chars": 22109, "capped_chars": 18795, "raw_tokens": 5527, "capped_tokens": 4699}
{"ts": "2026-08-06T03:32:07+00:00", "event": "data_read", "cell": "WMT", "kind": "web_search", "source": "web_search", "status": "ok", "cached": false, "raw_chars": 21576, "capped_chars": 17404, "raw_tokens": 5394, "capped_tokens": 4351}
{"ts": "2026-08-06T03:32:07+00:00", "event": "data_read", "cell": "WMT", "kind": "web_search", "source": "web_search", "status": "ok", "cached": false, "raw_chars": 21469, "capped_chars": 17911, "raw_tokens": 5367, "capped_tokens": 4478}
{"ts": "2026-08-06T03:32:07+00:00", "event": "data_read", "cell": "WMT", "kind": "web_search", "source": "web_search", "status": "ok", "cached": false, "raw_chars": 17506, "capped_chars": 14501, "raw_tokens": 4376, "capped_tokens": 3625}
{"ts": "2026-08-06T03:32:07+00:00", "event": "data_read", "cell": "WMT", "kind": "web_search", "source": "web_search", "status": "ok", "cached": false, "raw_chars": 20646, "capped_chars": 16035, "raw_tokens": 5162, "capped_tokens": 4009}
{"ts": "2026-08-06T03:32:07+00:00", "event": "agent_stage", "cell": "WMT", "decision_date": "2026-05-29", "stage": "quantitative_specialist", "symbol": "WMT"}
{"ts": "2026-08-06T03:32:07+00:00", "event": "agent_stage", "cell": "WMT", "decision_date": "2026-05-29", "stage": "qualitative_specialist", "symbol": "WMT"}
{"ts": "2026-08-06T03:32:21+00:00", "event": "agent_stage", "cell": "MRK", "decision_date": "2026-05-22", "stage": "final_pm", "symbol": "MRK"}
{"ts": "2026-08-06T03:32:21+00:00", "event": "run_grid", "grid": "== cells\n   \u2713 AMZN     independent_verifier  calls=0  idle=35s\n   \u2713 HD       done          calls=0  idle=117s\n   \u2713 MMM      independent_verifier  calls=0  idle=36s\n   \u2713 WMT      qualitative_specialist  calls=0  idle=13s\n   \u2713 AAPL     done          calls=0  idle=107s\n   \u2713 CAT      done          calls=0  idle=118s\n   \u2713 JNJ      done          calls=0  idle=118s\n   \u2713 JPM      done          calls=0  idle=119s\n   \u2713 AXP      done          calls=0  idle=22s\n   \u2026 KO       independent_verifier  calls=0  idle=31s\n   \u2026 MCD      independent_verifier  calls=0  idle=13s\n   \u2026 MRK      final_pm      calls=0  idle=0s\n   \u2026 AMGN     qualitative_specialist  calls=0  idle=98s\n   \u2026 MSFT     independent_verifier  calls=0  idle=22s\n   \u2026 NKE      qualitative_specialist  calls=0  idle=37s"}
{"ts": "2026-08-06T03:32:22+00:00", "event": "agent_stage", "cell": "MMM", "decision_date": "2026-05-22", "stage": "final_pm", "symbol": "MMM"}
{"ts": "2026-08-06T03:32:24+00:00", "event": "agent_stage", "cell": "MCD", "decision_date": "2026-05-22", "stage": "final_pm", "symbol": "MCD"}
{"ts": "2026-08-06T03:32:24+00:00", "event": "run_grid", "grid": "== cells\n   \u2713 AMZN     independent_verifier  calls=0  idle=38s\n   \u2713 HD       done          calls=0  idle=121s\n   \u2713 MMM      final_pm      calls=0  idle=2s\n   \u2713 WMT      qualitative_specialist  calls=0  idle=16s\n   \u2713 AAPL     done          calls=0  idle=110s\n   \u2713 CAT      done          calls=0  idle=121s\n   \u2713 JNJ      done          calls=0  idle=121s\n   \u2713 JPM      done          calls=0  idle=123s\n   \u2713 AXP      done          calls=0  idle=26s\n   \u2026 KO       independent_verifier  calls=0  idle=35s\n   \u2026 MCD      final_pm      calls=0  idle=0s\n   \u2026 MRK      final_pm      calls=0  idle=3s\n   \u2026 AMGN     qualitative_specialist  calls=0  idle=101s\n   \u2026 MSFT     independent_verifier  calls=0  idle=25s\n   \u2026 NKE      qualitative_specialist  calls=0  idle=40s"}
{"ts": "2026-08-06T03:32:26+00:00", "event": "agent_stage", "cell": "AMZN", "decision_date": "2026-05-22", "stage": "final_pm", "symbol": "AMZN"}
{"ts": "2026-08-06T03:32:26+00:00", "event": "run_grid", "grid": "== cells\n   \u2713 AMZN     final_pm      calls=0  idle=0s\n   \u2713 HD       done          calls=0  idle=123s\n   \u2713 MMM      final_pm      calls=0  idle=4s\n   \u2713 WMT      qualitative_specialist  calls=0  idle=18s\n   \u2713 AAPL     done          calls=0  idle=112s\n   \u2713 CAT      done          calls=0  idle=123s\n   \u2713 JNJ      done          calls=0  idle=123s\n   \u2713 JPM      done          calls=0  idle=125s\n   \u2713 AXP      done          calls=0  idle=28s\n   \u2026 KO       independent_verifier  calls=0  idle=37s\n   \u2026 MCD      final_pm      calls=0  idle=2s\n   \u2026 MRK      final_pm      calls=0  idle=5s\n   \u2026 AMGN     qualitative_specialist  calls=0  idle=103s\n   \u2026 MSFT     independent_verifier  calls=0  idle=27s\n   \u2026 NKE      qualitative_specialist  calls=0  idle=42s"}
{"ts": "2026-08-06T03:32:29+00:00", "event": "agent_stage", "cell": "MSFT", "decision_date": "2026-05-29", "stage": "final_pm", "symbol": "MSFT"}
{"ts": "2026-08-06T03:32:29+00:00", "event": "run_grid", "grid": "== cells\n   \u2713 AMZN     final_pm      calls=0  idle=2s\n   \u2713 HD       done          calls=0  idle=126s\n   \u2713 MMM      final_pm      calls=0  idle=6s\n   \u2713 WMT      qualitative_specialist  calls=0  idle=21s\n   \u2713 AAPL     done          calls=0  idle=115s\n   \u2713 CAT      done          calls=0  idle=126s\n   \u2713 JNJ      done          calls=0  idle=126s\n   \u2713 JPM      done          calls=0  idle=128s\n   \u2713 AXP      done          calls=0  idle=30s\n   \u2026 KO       independent_verifier  calls=0  idle=40s\n   \u2026 MCD      final_pm      calls=0  idle=4s\n   \u2026 MRK      final_pm      calls=0  idle=8s\n   \u2026 AMGN     qualitative_specialist  calls=0  idle=106s\n   \u2026 MSFT     final_pm      calls=0  idle=0s\n   \u2026 NKE      qualitative_specialist  calls=0  idle=45s"}
{"ts": "2026-08-06T03:32:33+00:00", "event": "agent_stage", "cell": "KO", "decision_date": "2026-05-22", "stage": "final_pm", "symbol": "KO"}
{"ts": "2026-08-06T03:32:33+00:00", "event": "run_grid", "grid": "== cells\n   \u2713 AMZN     final_pm      calls=0  idle=6s\n   \u2713 HD       done          calls=0  idle=130s\n   \u2713 MMM      final_pm      calls=0  idle=10s\n   \u2713 WMT      qualitative_specialist  calls=0  idle=25s\n   \u2713 AAPL     done          calls=0  idle=119s\n   \u2713 CAT      done          calls=0  idle=130s\n   \u2713 JNJ      done          calls=0  idle=130s\n   \u2713 JPM      done          calls=0  idle=132s\n   \u2713 AXP      done          calls=0  idle=34s\n   \u2026 KO       final_pm      calls=0  idle=0s\n   \u2026 MCD      final_pm      calls=0  idle=8s\n   \u2026 MRK      final_pm      calls=0  idle=12s\n   \u2026 AMGN     qualitative_specialist  calls=0  idle=110s\n   \u2026 MSFT     final_pm      calls=0  idle=4s\n   \u2026 NKE      qualitative_specialist  calls=0  idle=49s"}
{"ts": "2026-08-06T03:32:40+00:00", "event": "agent_stage", "cell": "AMZN", "decision_date": "2026-05-29", "stage": "final_pm", "symbol": "AMZN"}
{"ts": "2026-08-06T03:32:40+00:00", "event": "run_grid", "grid": "== cells\n   \u2713 AMZN     final_pm      calls=0  idle=0s\n   \u2713 HD       done          calls=0  idle=136s\n   \u2713 MMM      final_pm      calls=0  idle=17s\n   \u2713 WMT      qualitative_specialist  calls=0  idle=32s\n   \u2713 AAPL     done          calls=0  idle=126s\n   \u2713 CAT      done          calls=0  idle=136s\n   \u2713 JNJ      done          calls=0  idle=136s\n   \u2713 JPM      done          calls=0  idle=138s\n   \u2713 AXP      done          calls=0  idle=41s\n   \u2026 KO       final_pm      calls=0  idle=6s\n   \u2026 MCD      final_pm      calls=0  idle=15s\n   \u2026 MRK      final_pm      calls=0  idle=18s\n   \u2026 AMGN     qualitative_specialist  calls=0  idle=117s\n   \u2026 MSFT     final_pm      calls=0  idle=10s\n   \u2026 NKE      qualitative_specialist  calls=0  idle=55s"}
{"ts": "2026-08-06T03:32:42+00:00", "event": "agent_stage", "cell": "AMGN", "decision_date": "2026-05-29", "stage": "independent_verifier", "symbol": "AMGN"}
{"ts": "2026-08-06T03:32:42+00:00", "event": "run_grid", "grid": "== cells\n   \u2713 AMZN     final_pm      calls=0  idle=2s\n   \u2713 HD       done          calls=0  idle=139s\n   \u2713 MMM      final_pm      calls=0  idle=19s\n   \u2713 WMT      qualitative_specialist  calls=0  idle=34s\n   \u2713 AAPL     done          calls=0  idle=128s\n   \u2713 CAT      done          calls=0  idle=139s\n   \u2713 JNJ      done          calls=0  idle=139s\n   \u2713 JPM      done          calls=0  idle=141s\n   \u2713 AXP      done          calls=0  idle=43s\n   \u2026 KO       final_pm      calls=0  idle=8s\n   \u2026 MCD      final_pm      calls=0  idle=17s\n   \u2026 MRK      final_pm      calls=0  idle=21s\n   \u2026 AMGN     independent_verifier  calls=0  idle=0s\n   \u2026 MSFT     final_pm      calls=0  idle=13s\n   \u2026 NKE      qualitative_specialist  calls=0  idle=58s"}
{"ts": "2026-08-06T03:32:45+00:00", "event": "cell_done", "cell": "MRK", "decision_date": "2026-05-22", "outcome": "ok", "health": "ok", "n_reads": 11, "elapsed_ms": 142113, "n_llm_calls": 4, "tokens_in": 77334, "tokens_out": 9886, "cost_usd": 0.075797087272, "cost_basis": "reported", "detail": ""}
{"ts": "2026-08-06T03:32:45+00:00", "event": "run_grid", "grid": "== cells\n   \u2713 AMZN     final_pm      calls=0  idle=5s\n   \u2713 HD       done          calls=0  idle=141s\n   \u2713 MMM      final_pm      calls=0  idle=22s\n   \u2713 WMT      qualitative_specialist  calls=0  idle=37s\n   \u2713 AAPL     done          calls=0  idle=131s\n   \u2713 CAT      done          calls=0  idle=142s\n   \u2713 JNJ      done          calls=0  idle=142s\n   \u2713 JPM      done          calls=0  idle=143s\n   \u2713 AXP      done          calls=0  idle=46s\n   \u2026 KO       final_pm      calls=0  idle=11s\n   \u2026 MCD      final_pm      calls=0  idle=20s\n   \u2713 MRK      done          calls=0  idle=0s\n   \u2026 AMGN     independent_verifier  calls=0  idle=2s\n   \u2026 MSFT     final_pm      calls=0  idle=15s\n   \u2026 NKE      qualitative_specialist  calls=0  idle=60s"}
{"ts": "2026-08-06T03:32:45+00:00", "event": "cell_start", "cell": "CAT", "decision_date": "2026-06-05"}
{"ts": "2026-08-06T03:32:45+00:00", "event": "agent_stage", "cell": "CAT", "decision_date": "2026-06-05", "stage": "evidence", "symbol": "CAT"}
{"ts": "2026-08-06T03:32:45+00:00", "event": "agent_stage", "cell": "CAT", "decision_date": "2026-06-05", "stage": "evidence_quantitative", "symbol": "CAT"}
{"ts": "2026-08-06T03:32:45+00:00", "event": "data_read", "cell": "CAT", "kind": "fundamentals", "source": "massive_fundamentals", "status": "ok", "cached": false, "raw_chars": 4541, "capped_chars": 4541, "raw_tokens": 1135, "capped_tokens": 1135}
{"ts": "2026-08-06T03:32:45+00:00", "event": "data_read", "cell": "CAT", "kind": "ratios", "source": "valuation_ratios", "status": "ok", "cached": false, "raw_chars": 241978, "capped_chars": 241978, "raw_tokens": 60494, "capped_tokens": 60494}
{"ts": "2026-08-06T03:32:45+00:00", "event": "data_read", "cell": "CAT", "kind": "prices", "source": "massive_prices", "status": "ok", "cached": false, "raw_chars": 830, "capped_chars": 830, "raw_tokens": 208, "capped_tokens": 208}
{"ts": "2026-08-06T03:32:46+00:00", "event": "cell_done", "cell": "AMZN", "decision_date": "2026-05-22", "outcome": "ok", "health": "broken", "n_reads": 11, "elapsed_ms": 160727, "n_llm_calls": 4, "tokens_in": 108302, "tokens_out": 12304, "cost_usd": 0.100200729592, "cost_basis": "reported", "detail": "1 failed read(s); failed macro: fred HTTP 502 for series/observations: <html>\r\n<head><title>502 Bad Gateway</title></head>\r\n<body>\r\n<center><h1>502 Bad Gateway</h1></center>\r\n</body>\r\n</html>\r"}
{"ts": "2026-08-06T03:32:46+00:00", "event": "cell_start", "cell": "JNJ", "decision_date": "2026-06-05"}
{"ts": "2026-08-06T03:32:46+00:00", "event": "agent_stage", "cell": "JNJ", "decision_date": "2026-06-05", "stage": "evidence", "symbol": "JNJ"}
{"ts": "2026-08-06T03:32:46+00:00", "event": "agent_stage", "cell": "JNJ", "decision_date": "2026-06-05", "stage": "evidence_quantitative", "symbol": "JNJ"}
{"ts": "2026-08-06T03:32:46+00:00", "event": "data_read", "cell": "JNJ", "kind": "fundamentals", "source": "massive_fundamentals", "status": "ok", "cached": false, "raw_chars": 4593, "capped_chars": 4593, "raw_tokens": 1148, "capped_tokens": 1148}
{"ts": "2026-08-06T03:32:46+00:00", "event": "data_read", "cell": "JNJ", "kind": "ratios", "source": "valuation_ratios", "status": "ok", "cached": false, "raw_chars": 223576, "capped_chars": 223576, "raw_tokens": 55894, "capped_tokens": 55894}
{"ts": "2026-08-06T03:32:46+00:00", "event": "data_read", "cell": "JNJ", "kind": "prices", "source": "massive_prices", "status": "ok", "cached": false, "raw_chars": 794, "capped_chars": 794, "raw_tokens": 198, "capped_tokens": 198}
{"ts": "2026-08-06T03:32:46+00:00", "event": "agent_stage", "cell": "NKE", "decision_date": "2026-05-29", "stage": "independent_verifier", "symbol": "NKE"}
{"ts": "2026-08-06T03:32:46+00:00", "event": "cell_done", "cell": "MMM", "decision_date": "2026-05-22", "outcome": "ok", "health": "ok", "n_reads": 11, "elapsed_ms": 145081, "n_llm_calls": 4, "tokens_in": 75585, "tokens_out": 10648, "cost_usd": 0.0724588114, "cost_basis": "reported", "detail": ""}
{"ts": "2026-08-06T03:32:46+00:00", "event": "cell_start", "cell": "MMM", "decision_date": "2026-06-05"}
{"ts": "2026-08-06T03:32:46+00:00", "event": "agent_stage", "cell": "MMM", "decision_date": "2026-06-05", "stage": "evidence", "symbol": "MMM"}
{"ts": "2026-08-06T03:32:46+00:00", "event": "agent_stage", "cell": "MMM", "decision_date": "2026-06-05", "stage": "evidence_quantitative", "symbol": "MMM"}
{"ts": "2026-08-06T03:32:46+00:00", "event": "data_read", "cell": "MMM", "kind": "fundamentals", "source": "massive_fundamentals", "status": "ok", "cached": false, "raw_chars": 4521, "capped_chars": 4521, "raw_tokens": 1130, "capped_tokens": 1130}
{"ts": "2026-08-06T03:32:46+00:00", "event": "data_read", "cell": "MMM", "kind": "ratios", "source": "valuation_ratios", "status": "ok", "cached": false, "raw_chars": 246994, "capped_chars": 246994, "raw_tokens": 61748, "capped_tokens": 61748}
{"ts": "2026-08-06T03:32:46+00:00", "event": "data_read", "cell": "MMM", "kind": "prices", "source": "massive_prices", "status": "ok", "cached": false, "raw_chars": 818, "capped_chars": 818, "raw_tokens": 204, "capped_tokens": 204}
{"ts": "2026-08-06T03:32:47+00:00", "event": "cell_done", "cell": "MCD", "decision_date": "2026-05-22", "outcome": "ok", "health": "ok", "n_reads": 11, "elapsed_ms": 146211, "n_llm_calls": 4, "tokens_in": 84898, "tokens_out": 10035, "cost_usd": 0.082190460864, "cost_basis": "reported", "detail": ""}
{"ts": "2026-08-06T03:32:47+00:00", "event": "cell_start", "cell": "AAPL", "decision_date": "2026-06-12"}
{"ts": "2026-08-06T03:32:47+00:00", "event": "agent_stage", "cell": "AAPL", "decision_date": "2026-06-12", "stage": "evidence", "symbol": "AAPL"}
{"ts": "2026-08-06T03:32:47+00:00", "event": "agent_stage", "cell": "AAPL", "decision_date": "2026-06-12", "stage": "evidence_quantitative", "symbol": "AAPL"}
{"ts": "2026-08-06T03:32:47+00:00", "event": "data_read", "cell": "AAPL", "kind": "fundamentals", "source": "massive_fundamentals", "status": "ok", "cached": false, "raw_chars": 4671, "capped_chars": 4671, "raw_tokens": 1168, "capped_tokens": 1168}
{"ts": "2026-08-06T03:32:47+00:00", "event": "data_read", "cell": "AAPL", "kind": "ratios", "source": "valuation_ratios", "status": "ok", "cached": false, "raw_chars": 231005, "capped_chars": 231005, "raw_tokens": 57751, "capped_tokens": 57751}
{"ts": "2026-08-06T03:32:47+00:00", "event": "data_read", "cell": "AAPL", "kind": "prices", "source": "massive_prices", "status": "ok", "cached": false, "raw_chars": 830, "capped_chars": 830, "raw_tokens": 208, "capped_tokens": 208}
{"ts": "2026-08-06T03:32:52+00:00", "event": "data_read", "cell": "JNJ", "kind": "macro", "source": "fred_macro", "status": "ok", "cached": false, "raw_chars": 30934, "capped_chars": 30934, "raw_tokens": 7734, "capped_tokens": 7734}
{"ts": "2026-08-06T03:32:52+00:00", "event": "data_read", "cell": "CAT", "kind": "macro", "source": "fred_macro", "status": "ok", "cached": false, "raw_chars": 30934, "capped_chars": 30934, "raw_tokens": 7734, "capped_tokens": 7734}
{"ts": "2026-08-06T03:32:52+00:00", "event": "data_read", "cell": "MMM", "kind": "macro", "source": "fred_macro", "status": "ok", "cached": false, "raw_chars": 30934, "capped_chars": 30934, "raw_tokens": 7734, "capped_tokens": 7734}
{"ts": "2026-08-06T03:32:52+00:00", "event": "data_read", "cell": "JNJ", "kind": "news_sentiment", "source": "news_sentiment", "status": "ok", "cached": false, "raw_chars": 2670, "capped_chars": 2670, "raw_tokens": 668, "capped_tokens": 668}
{"ts": "2026-08-06T03:32:52+00:00", "event": "data_read", "cell": "CAT", "kind": "news_sentiment", "source": "news_sentiment", "status": "ok", "cached": false, "raw_chars": 1477, "capped_chars": 1477, "raw_tokens": 369, "capped_tokens": 369}
{"ts": "2026-08-06T03:32:52+00:00", "event": "agent_stage", "cell": "JNJ", "decision_date": "2026-06-05", "stage": "evidence_qualitative", "symbol": "JNJ"}
{"ts": "2026-08-06T03:32:52+00:00", "event": "data_read", "cell": "MMM", "kind": "news_sentiment", "source": "news_sentiment", "status": "ok", "cached": false, "raw_chars": 921, "capped_chars": 921, "raw_tokens": 230, "capped_tokens": 230}
{"ts": "2026-08-06T03:32:52+00:00", "event": "agent_stage", "cell": "CAT", "decision_date": "2026-06-05", "stage": "evidence_qualitative", "symbol": "CAT"}
{"ts": "2026-08-06T03:32:52+00:00", "event": "run_grid", "grid": "== cells\n   \u2713 AMZN     done          calls=0  idle=6s\n   \u2713 HD       done          calls=0  idle=149s\n   \u2713 MMM      evidence_quantitative  calls=0  idle=6s\n   \u2713 WMT      qualitative_specialist  calls=0  idle=45s\n   \u2713 AAPL     evidence_quantitative  calls=0  idle=5s\n   \u2713 CAT      evidence_quantitative  calls=0  idle=7s\n   \u2713 JNJ      evidence_qualitative  calls=0  idle=0s\n   \u2713 JPM      done          calls=0  idle=151s\n   \u2713 AXP      done          calls=0  idle=54s\n   \u2026 KO       final_pm      calls=0  idle=19s\n   \u2713 MCD      done          calls=0  idle=5s\n   \u2713 MRK      done          calls=0  idle=7s\n   \u2026 AMGN     independent_verifier  calls=0  idle=10s\n   \u2026 MSFT     final_pm      calls=0  idle=23s\n   \u2026 NKE      independent_verifier  calls=0  idle=6s"}
{"ts": "2026-08-06T03:32:52+00:00", "event": "agent_stage", "cell": "MMM", "decision_date": "2026-06-05", "stage": "evidence_qualitative", "symbol": "MMM"}
{"ts": "2026-08-06T03:32:52+00:00", "event": "data_read", "cell": "CAT", "kind": "news", "source": "massive_news", "status": "ok", "cached": false, "raw_chars": 10149, "capped_chars": 2811, "raw_tokens": 2537, "capped_tokens": 703}
{"ts": "2026-08-06T03:32:52+00:00", "event": "data_read", "cell": "JNJ", "kind": "news", "source": "massive_news", "status": "ok", "cached": false, "raw_chars": 28801, "capped_chars": 6678, "raw_tokens": 7200, "capped_tokens": 1670}
{"ts": "2026-08-06T03:32:52+00:00", "event": "data_read", "cell": "MMM", "kind": "news", "source": "massive_news", "status": "ok", "cached": false, "raw_chars": 1510, "capped_chars": 590, "raw_tokens": 378, "capped_tokens": 148}
{"ts": "2026-08-06T03:32:52+00:00", "event": "data_read", "cell": "CAT", "kind": "web_search", "source": "web_search", "status": "ok", "cached": false, "raw_chars": 35393, "capped_chars": 31230, "raw_tokens": 8848, "capped_tokens": 7808}
{"ts": "2026-08-06T03:32:52+00:00", "event": "data_read", "cell": "JNJ", "kind": "web_search", "source": "web_search", "status": "ok", "cached": false, "raw_chars": 26296, "capped_chars": 22002, "raw_tokens": 6574, "capped_tokens": 5500}
{"ts": "2026-08-06T03:32:52+00:00", "event": "data_read", "cell": "MMM", "kind": "web_search", "source": "web_search", "status": "ok", "cached": false, "raw_chars": 34719, "capped_chars": 29784, "raw_tokens": 8680, "capped_tokens": 7446}
{"ts": "2026-08-06T03:32:52+00:00", "event": "data_read", "cell": "CAT", "kind": "web_search", "source": "web_search", "status": "ok", "cached": false, "raw_chars": 34996, "capped_chars": 31067, "raw_tokens": 8749, "capped_tokens": 7767}
{"ts": "2026-08-06T03:32:52+00:00", "event": "data_read", "cell": "JNJ", "kind": "web_search", "source": "web_search", "status": "ok", "cached": false, "raw_chars": 30638, "capped_chars": 26428, "raw_tokens": 7660, "capped_tokens": 6607}
{"ts": "2026-08-06T03:32:52+00:00", "event": "data_read", "cell": "MMM", "kind": "web_search", "source": "web_search", "status": "ok", "cached": false, "raw_chars": 28474, "capped_chars": 20923, "raw_tokens": 7118, "capped_tokens": 5231}
{"ts": "2026-08-06T03:32:52+00:00", "event": "data_read", "cell": "CAT", "kind": "web_search", "source": "web_search", "status": "ok", "cached": false, "raw_chars": 27204, "capped_chars": 21715, "raw_tokens": 6801, "capped_tokens": 5429}
{"ts": "2026-08-06T03:32:52+00:00", "event": "data_read", "cell": "JNJ", "kind": "web_search", "source": "web_search", "status": "ok", "cached": false, "raw_chars": 23264, "capped_chars": 19075, "raw_tokens": 5816, "capped_tokens": 4769}
{"ts": "2026-08-06T03:32:52+00:00", "event": "data_read", "cell": "MMM", "kind": "web_search", "source": "web_search", "status": "ok", "cached": false, "raw_chars": 16849, "capped_chars": 12802, "raw_tokens": 4212, "capped_tokens": 3200}
{"ts": "2026-08-06T03:32:52+00:00", "event": "data_read", "cell": "CAT", "kind": "web_search", "source": "web_search", "status": "ok", "cached": false, "raw_chars": 15099, "capped_chars": 11163, "raw_tokens": 3775, "capped_tokens": 2791}
{"ts": "2026-08-06T03:32:52+00:00", "event": "data_read", "cell": "JNJ", "kind": "web_search", "source": "web_search", "status": "ok", "cached": false, "raw_chars": 17758, "capped_chars": 13768, "raw_tokens": 4440, "capped_tokens": 3442}
{"ts": "2026-08-06T03:32:52+00:00", "event": "data_read", "cell": "MMM", "kind": "web_search", "source": "web_search", "status": "ok", "cached": false, "raw_chars": 15542, "capped_chars": 11856, "raw_tokens": 3886, "capped_tokens": 2964}
{"ts": "2026-08-06T03:32:52+00:00", "event": "data_read", "cell": "CAT", "kind": "web_search", "source": "web_search", "status": "ok", "cached": false, "raw_chars": 7088, "capped_chars": 4092, "raw_tokens": 1772, "capped_tokens": 1023}
{"ts": "2026-08-06T03:32:52+00:00", "event": "data_read", "cell": "JNJ", "kind": "web_search", "source": "web_search", "status": "ok", "cached": false, "raw_chars": 9765, "capped_chars": 6914, "raw_tokens": 2441, "capped_tokens": 1728}
{"ts": "2026-08-06T03:32:52+00:00", "event": "agent_stage", "cell": "CAT", "decision_date": "2026-06-05", "stage": "quantitative_specialist", "symbol": "CAT"}
{"ts": "2026-08-06T03:32:52+00:00", "event": "data_read", "cell": "MMM", "kind": "web_search", "source": "web_search", "status": "ok", "cached": false, "raw_chars": 5180, "capped_chars": 2468, "raw_tokens": 1295, "capped_tokens": 617}
{"ts": "2026-08-06T03:32:52+00:00", "event": "agent_stage", "cell": "JNJ", "decision_date": "2026-06-05", "stage": "quantitative_specialist", "symbol": "JNJ"}
{"ts": "2026-08-06T03:32:52+00:00", "event": "agent_stage", "cell": "CAT", "decision_date": "2026-06-05", "stage": "qualitative_specialist", "symbol": "CAT"}
{"ts": "2026-08-06T03:32:52+00:00", "event": "agent_stage", "cell": "MMM", "decision_date": "2026-06-05", "stage": "quantitative_specialist", "symbol": "MMM"}
{"ts": "2026-08-06T03:32:52+00:00", "event": "agent_stage", "cell": "JNJ", "decision_date": "2026-06-05", "stage": "qualitative_specialist", "symbol": "JNJ"}
{"ts": "2026-08-06T03:32:52+00:00", "event": "agent_stage", "cell": "MMM", "decision_date": "2026-06-05", "stage": "qualitative_specialist", "symbol": "MMM"}
{"ts": "2026-08-06T03:32:54+00:00", "event": "data_read", "cell": "AAPL", "kind": "macro", "source": "fred_macro", "status": "ok", "cached": false, "raw_chars": 30935, "capped_chars": 30935, "raw_tokens": 7734, "capped_tokens": 7734}
{"ts": "2026-08-06T03:32:54+00:00", "event": "data_read", "cell": "AAPL", "kind": "news_sentiment", "source": "news_sentiment", "status": "ok", "cached": false, "raw_chars": 4343, "capped_chars": 4343, "raw_tokens": 1086, "capped_tokens": 1086}
{"ts": "2026-08-06T03:32:54+00:00", "event": "agent_stage", "cell": "AAPL", "decision_date": "2026-06-12", "stage": "evidence_qualitative", "symbol": "AAPL"}
{"ts": "2026-08-06T03:32:54+00:00", "event": "data_read", "cell": "AAPL", "kind": "news", "source": "massive_news", "status": "ok", "cached": false, "raw_chars": 257991, "capped_chars": 57394, "raw_tokens": 64498, "capped_tokens": 14348}
{"ts": "2026-08-06T03:32:54+00:00", "event": "data_read", "cell": "AAPL", "kind": "web_search", "source": "web_search", "status": "ok", "cached": false, "raw_chars": 36805, "capped_chars": 22627, "raw_tokens": 9201, "capped_tokens": 5657}
{"ts": "2026-08-06T03:32:54+00:00", "event": "data_read", "cell": "AAPL", "kind": "web_search", "source": "web_search", "status": "ok", "cached": false, "raw_chars": 33535, "capped_chars": 24716, "raw_tokens": 8384, "capped_tokens": 6179}
{"ts": "2026-08-06T03:32:54+00:00", "event": "data_read", "cell": "AAPL", "kind": "web_search", "source": "web_search", "status": "ok", "cached": false, "raw_chars": 22744, "capped_chars": 15301, "raw_tokens": 5686, "capped_tokens": 3825}
{"ts": "2026-08-06T03:32:54+00:00", "event": "data_read", "cell": "AAPL", "kind": "web_search", "source": "web_search", "status": "ok", "cached": false, "raw_chars": 24766, "capped_chars": 21688, "raw_tokens": 6192, "capped_tokens": 5422}
{"ts": "2026-08-06T03:32:54+00:00", "event": "data_read", "cell": "AAPL", "kind": "web_search", "source": "web_search", "status": "ok", "cached": false, "raw_chars": 5941, "capped_chars": 3377, "raw_tokens": 1485, "capped_tokens": 844}
{"ts": "2026-08-06T03:32:54+00:00", "event": "agent_stage", "cell": "AAPL", "decision_date": "2026-06-12", "stage": "quantitative_specialist", "symbol": "AAPL"}
{"ts": "2026-08-06T03:32:54+00:00", "event": "agent_stage", "cell": "AAPL", "decision_date": "2026-06-12", "stage": "qualitative_specialist", "symbol": "AAPL"}
{"ts": "2026-08-06T03:32:55+00:00", "event": "cell_done", "cell": "MSFT", "decision_date": "2026-05-29", "outcome": "ok", "health": "ok", "n_reads": 11, "elapsed_ms": 141418, "n_llm_calls": 4, "tokens_in": 123426, "tokens_out": 12164, "cost_usd": 0.10998664451199999, "cost_basis": "reported", "detail": ""}
{"ts": "2026-08-06T03:32:55+00:00", "event": "run_grid", "grid": "== cells\n   \u2713 AMZN     done          calls=0  idle=9s\n   \u2713 HD       done          calls=0  idle=151s\n   \u2713 MMM      qualitative_specialist  calls=0  idle=2s\n   \u2713 WMT      qualitative_specialist  calls=0  idle=47s\n   \u2713 AAPL     qualitative_specialist  calls=0  idle=0s\n   \u2713 CAT      qualitative_specialist  calls=0  idle=2s\n   \u2713 JNJ      qualitative_specialist  calls=0  idle=2s\n   \u2713 JPM      done          calls=0  idle=153s\n   \u2713 AXP      done          calls=0  idle=56s\n   \u2026 KO       final_pm      calls=0  idle=21s\n   \u2713 MCD      done          calls=0  idle=8s\n   \u2713 MRK      done          calls=0  idle=10s\n   \u2026 AMGN     independent_verifier  calls=0  idle=12s\n   \u2713 MSFT     done          calls=0  idle=0s\n   \u2026 NKE      independent_verifier  calls=0  idle=9s"}
{"ts": "2026-08-06T03:32:55+00:00", "event": "cell_start", "cell": "KO", "decision_date": "2026-06-12"}
{"ts": "2026-08-06T03:32:55+00:00", "event": "agent_stage", "cell": "KO", "decision_date": "2026-06-12", "stage": "evidence", "symbol": "KO"}
{"ts": "2026-08-06T03:32:55+00:00", "event": "agent_stage", "cell": "KO", "decision_date": "2026-06-12", "stage": "evidence_quantitative", "symbol": "KO"}
{"ts": "2026-08-06T03:32:55+00:00", "event": "data_read", "cell": "KO", "kind": "fundamentals", "source": "massive_fundamentals", "status": "ok", "cached": false, "raw_chars": 3045, "capped_chars": 3045, "raw_tokens": 761, "capped_tokens": 761}
{"ts": "2026-08-06T03:32:55+00:00", "event": "data_read", "cell": "KO", "kind": "ratios", "source": "valuation_ratios", "status": "ok", "cached": false, "raw_chars": 223412, "capped_chars": 223412, "raw_tokens": 55853, "capped_tokens": 55853}
{"ts": "2026-08-06T03:32:55+00:00", "event": "data_read", "cell": "KO", "kind": "prices", "source": "massive_prices", "status": "ok", "cached": false, "raw_chars": 770, "capped_chars": 770, "raw_tokens": 192, "capped_tokens": 192}
{"ts": "2026-08-06T03:32:57+00:00", "event": "cell_done", "cell": "KO", "decision_date": "2026-05-22", "outcome": "ok", "health": "ok", "n_reads": 11, "elapsed_ms": 156433, "n_llm_calls": 4, "tokens_in": 86106, "tokens_out": 11174, "cost_usd": 0.083333669752, "cost_basis": "reported", "detail": ""}
{"ts": "2026-08-06T03:32:57+00:00", "event": "cell_start", "cell": "MMM", "decision_date": "2026-06-12"}
{"ts": "2026-08-06T03:32:57+00:00", "event": "agent_stage", "cell": "MMM", "decision_date": "2026-06-12", "stage": "evidence", "symbol": "MMM"}
{"ts": "2026-08-06T03:32:57+00:00", "event": "agent_stage", "cell": "MMM", "decision_date": "2026-06-12", "stage": "evidence_quantitative", "symbol": "MMM"}
{"ts": "2026-08-06T03:32:57+00:00", "event": "data_read", "cell": "MMM", "kind": "fundamentals", "source": "massive_fundamentals", "status": "ok", "cached": false, "raw_chars": 4521, "capped_chars": 4521, "raw_tokens": 1130, "capped_tokens": 1130}
{"ts": "2026-08-06T03:32:57+00:00", "event": "data_read", "cell": "MMM", "kind": "ratios", "source": "valuation_ratios", "status": "ok", "cached": false, "raw_chars": 246874, "capped_chars": 246874, "raw_tokens": 61718, "capped_tokens": 61718}
{"ts": "2026-08-06T03:32:57+00:00", "event": "data_read", "cell": "MMM", "kind": "prices", "source": "massive_prices", "status": "ok", "cached": false, "raw_chars": 818, "capped_chars": 818, "raw_tokens": 204, "capped_tokens": 204}
{"ts": "2026-08-06T03:33:03+00:00", "event": "data_read", "cell": "MMM", "kind": "macro", "source": "fred_macro", "status": "ok", "cached": false, "raw_chars": 30935, "capped_chars": 30935, "raw_tokens": 7734, "capped_tokens": 7734}
{"ts": "2026-08-06T03:33:03+00:00", "event": "data_read", "cell": "KO", "kind": "macro", "source": "fred_macro", "status": "ok", "cached": false, "raw_chars": 30935, "capped_chars": 30935, "raw_tokens": 7734, "capped_tokens": 7734}
{"ts": "2026-08-06T03:33:03+00:00", "event": "data_read", "cell": "MMM", "kind": "news_sentiment", "source": "news_sentiment", "status": "ok", "cached": false, "raw_chars": 968, "capped_chars": 968, "raw_tokens": 242, "capped_tokens": 242}
{"ts": "2026-08-06T03:33:03+00:00", "event": "agent_stage", "cell": "MMM", "decision_date": "2026-06-12", "stage": "evidence_qualitative", "symbol": "MMM"}
{"ts": "2026-08-06T03:33:03+00:00", "event": "data_read", "cell": "KO", "kind": "news_sentiment", "source": "news_sentiment", "status": "ok", "cached": false, "raw_chars": 3048, "capped_chars": 3048, "raw_tokens": 762, "capped_tokens": 762}
{"ts": "2026-08-06T03:33:03+00:00", "event": "run_grid", "grid": "== cells\n   \u2713 AMZN     done          calls=0  idle=17s\n   \u2713 HD       done          calls=0  idle=160s\n   \u2713 MMM      evidence_qualitative  calls=0  idle=0s\n   \u2713 WMT      qualitative_specialist  calls=0  idle=56s\n   \u2713 AAPL     qualitative_specialist  calls=0  idle=9s\n   \u2713 CAT      qualitative_specialist  calls=0  idle=11s\n   \u2713 JNJ      qualitative_specialist  calls=0  idle=11s\n   \u2713 JPM      done          calls=0  idle=162s\n   \u2713 AXP      done          calls=0  idle=65s\n   \u2713 KO       done          calls=0  idle=6s\n   \u2713 MCD      done          calls=0  idle=16s\n   \u2713 MRK      done          calls=0  idle=18s\n   \u2026 AMGN     independent_verifier  calls=0  idle=21s\n   \u2713 MSFT     done          calls=0  idle=8s\n   \u2026 NKE      independent_verifier  calls=0  idle=17s"}
{"ts": "2026-08-06T03:33:03+00:00", "event": "agent_stage", "cell": "KO", "decision_date": "2026-06-12", "stage": "evidence_qualitative", "symbol": "KO"}
{"ts": "2026-08-06T03:33:03+00:00", "event": "data_read", "cell": "MMM", "kind": "news", "source": "massive_news", "status": "ok", "cached": false, "raw_chars": 6955, "capped_chars": 1299, "raw_tokens": 1739, "capped_tokens": 325}
{"ts": "2026-08-06T03:33:03+00:00", "event": "data_read", "cell": "KO", "kind": "news", "source": "massive_news", "status": "ok", "cached": false, "raw_chars": 58858, "capped_chars": 12040, "raw_tokens": 14714, "capped_tokens": 3010}
{"ts": "2026-08-06T03:33:03+00:00", "event": "data_read", "cell": "MMM", "kind": "web_search", "source": "web_search", "status": "ok", "cached": false, "raw_chars": 31963, "capped_chars": 27217, "raw_tokens": 7991, "capped_tokens": 6804}
{"ts": "2026-08-06T03:33:03+00:00", "event": "data_read", "cell": "KO", "kind": "web_search", "source": "web_search", "status": "ok", "cached": false, "raw_chars": 36801, "capped_chars": 29753, "raw_tokens": 9200, "capped_tokens": 7438}
{"ts": "2026-08-06T03:33:03+00:00", "event": "data_read", "cell": "KO", "kind": "web_search", "source": "web_search", "status": "ok", "cached": false, "raw_chars": 31340, "capped_chars": 25871, "raw_tokens": 7835, "capped_tokens": 6468}
{"ts": "2026-08-06T03:33:03+00:00", "event": "data_read", "cell": "MMM", "kind": "web_search", "source": "web_search", "status": "ok", "cached": false, "raw_chars": 23375, "capped_chars": 15813, "raw_tokens": 5844, "capped_tokens": 3953}
{"ts": "2026-08-06T03:33:03+00:00", "event": "data_read", "cell": "KO", "kind": "web_search", "source": "web_search", "status": "ok", "cached": false, "raw_chars": 21243, "capped_chars": 17016, "raw_tokens": 5311, "capped_tokens": 4254}
{"ts": "2026-08-06T03:33:03+00:00", "event": "data_read", "cell": "KO", "kind": "web_search", "source": "web_search", "status": "ok", "cached": false, "raw_chars": 32751, "capped_chars": 28584, "raw_tokens": 8188, "capped_tokens": 7146}
{"ts": "2026-08-06T03:33:03+00:00", "event": "data_read", "cell": "MMM", "kind": "web_search", "source": "web_search", "status": "ok", "cached": false, "raw_chars": 10857, "capped_chars": 6887, "raw_tokens": 2714, "capped_tokens": 1722}
{"ts": "2026-08-06T03:33:03+00:00", "event": "data_read", "cell": "KO", "kind": "web_search", "source": "web_search", "status": "ok", "cached": false, "raw_chars": 7894, "capped_chars": 4849, "raw_tokens": 1974, "capped_tokens": 1212}
{"ts": "2026-08-06T03:33:03+00:00", "event": "agent_stage", "cell": "KO", "decision_date": "2026-06-12", "stage": "quantitative_specialist", "symbol": "KO"}
{"ts": "2026-08-06T03:33:03+00:00", "event": "agent_stage", "cell": "KO", "decision_date": "2026-06-12", "stage": "qualitative_specialist", "symbol": "KO"}
{"ts": "2026-08-06T03:33:03+00:00", "event": "data_read", "cell": "MMM", "kind": "web_search", "source": "web_search", "status": "ok", "cached": false, "raw_chars": 15153, "capped_chars": 11528, "raw_tokens": 3788, "capped_tokens": 2882}
{"ts": "2026-08-06T03:33:03+00:00", "event": "data_read", "cell": "MMM", "kind": "web_search", "source": "web_search", "status": "ok", "cached": false, "raw_chars": 11417, "capped_chars": 6857, "raw_tokens": 2854, "capped_tokens": 1714}
{"ts": "2026-08-06T03:33:03+00:00", "event": "agent_stage", "cell": "MMM", "decision_date": "2026-06-12", "stage": "quantitative_specialist", "symbol": "MMM"}
{"ts": "2026-08-06T03:33:03+00:00", "event": "agent_stage", "cell": "MMM", "decision_date": "2026-06-12", "stage": "qualitative_specialist", "symbol": "MMM"}
{"ts": "2026-08-06T03:33:04+00:00", "event": "agent_stage", "cell": "WMT", "decision_date": "2026-05-29", "stage": "independent_verifier", "symbol": "WMT"}
{"ts": "2026-08-06T03:33:04+00:00", "event": "cell_done", "cell": "AMZN", "decision_date": "2026-05-29", "outcome": "ok", "health": "ok", "n_reads": 11, "elapsed_ms": 160813, "n_llm_calls": 4, "tokens_in": 126480, "tokens_out": 12649, "cost_usd": 0.116267694792, "cost_basis": "reported", "detail": ""}
{"ts": "2026-08-06T03:33:04+00:00", "event": "cell_start", "cell": "HD", "decision_date": "2026-06-22"}
{"ts": "2026-08-06T03:33:04+00:00", "event": "agent_stage", "cell": "HD", "decision_date": "2026-06-22", "stage": "evidence", "symbol": "HD"}
{"ts": "2026-08-06T03:33:04+00:00", "event": "agent_stage", "cell": "HD", "decision_date": "2026-06-22", "stage": "evidence_quantitative", "symbol": "HD"}
{"ts": "2026-08-06T03:33:04+00:00", "event": "data_read", "cell": "HD", "kind": "fundamentals", "source": "massive_fundamentals", "status": "ok", "cached": false, "raw_chars": 3778, "capped_chars": 3778, "raw_tokens": 944, "capped_tokens": 944}
{"ts": "2026-08-06T03:33:04+00:00", "event": "data_read", "cell": "HD", "kind": "ratios", "source": "valuation_ratios", "status": "ok", "cached": false, "raw_chars": 223756, "capped_chars": 223756, "raw_tokens": 55939, "capped_tokens": 55939}
{"ts": "2026-08-06T03:33:04+00:00", "event": "data_read", "cell": "HD", "kind": "prices", "source": "massive_prices", "status": "ok", "cached": false, "raw_chars": 842, "capped_chars": 842, "raw_tokens": 210, "capped_tokens": 210}
{"ts": "2026-08-06T03:33:06+00:00", "event": "agent_stage", "cell": "AMGN", "decision_date": "2026-05-29", "stage": "final_pm", "symbol": "AMGN"}
{"ts": "2026-08-06T03:33:06+00:00", "event": "run_grid", "grid": "== cells\n   \u2713 AMZN     done          calls=0  idle=2s\n   \u2713 HD       evidence_quantitative  calls=0  idle=2s\n   \u2713 MMM      qualitative_specialist  calls=0  idle=2s\n   \u2713 WMT      independent_verifier  calls=0  idle=2s\n   \u2713 AAPL     qualitative_specialist  calls=0  idle=11s\n   \u2713 CAT      qualitative_specialist  calls=0  idle=13s\n   \u2713 JNJ      qualitative_specialist  calls=0  idle=13s\n   \u2713 JPM      done          calls=0  idle=164s\n   \u2713 AXP      done          calls=0  idle=67s\n   \u2713 KO       qualitative_specialist  calls=0  idle=2s\n   \u2713 MCD      done          calls=0  idle=19s\n   \u2713 MRK      done          calls=0  idle=21s\n   \u2026 AMGN     final_pm      calls=0  idle=0s\n   \u2713 MSFT     done          calls=0  idle=10s\n   \u2026 NKE      independent_verifier  calls=0  idle=20s"}
{"ts": "2026-08-06T03:33:10+00:00", "event": "agent_stage", "cell": "NKE", "decision_date": "2026-05-29", "stage": "final_pm", "symbol": "NKE"}
{"ts": "2026-08-06T03:33:10+00:00", "event": "run_grid", "grid": "== cells\n   \u2713 AMZN     done          calls=0  idle=6s\n   \u2713 HD       evidence_quantitative  calls=0  idle=6s\n   \u2713 MMM      qualitative_specialist  calls=0  idle=6s\n   \u2713 WMT      independent_verifier  calls=0  idle=6s\n   \u2713 AAPL     qualitative_specialist  calls=0  idle=16s\n   \u2713 CAT      qualitative_specialist  calls=0  idle=17s\n   \u2713 JNJ      qualitative_specialist  calls=0  idle=17s\n   \u2713 JPM      done          calls=0  idle=169s\n   \u2713 AXP      done          calls=0  idle=72s\n   \u2713 KO       qualitative_specialist  calls=0  idle=6s\n   \u2713 MCD      done          calls=0  idle=23s\n   \u2713 MRK      done          calls=0  idle=25s\n   \u2026 AMGN     final_pm      calls=0  idle=4s\n   \u2713 MSFT     done          calls=0  idle=15s\n   \u2026 NKE      final_pm      calls=0  idle=0s"}
{"ts": "2026-08-06T03:33:12+00:00", "event": "data_read", "cell": "HD", "kind": "macro", "source": "fred_macro", "status": "ok", "cached": false, "raw_chars": 30574, "capped_chars": 30574, "raw_tokens": 7644, "capped_tokens": 7644}
{"ts": "2026-08-06T03:33:12+00:00", "event": "data_read", "cell": "HD", "kind": "news_sentiment", "source": "news_sentiment", "status": "ok", "cached": false, "raw_chars": 1796, "capped_chars": 1796, "raw_tokens": 449, "capped_tokens": 449}
{"ts": "2026-08-06T03:33:12+00:00", "event": "agent_stage", "cell": "HD", "decision_date": "2026-06-22", "stage": "evidence_qualitative", "symbol": "HD"}
{"ts": "2026-08-06T03:33:12+00:00", "event": "data_read", "cell": "HD", "kind": "news", "source": "massive_news", "status": "ok", "cached": false, "raw_chars": 15566, "capped_chars": 3622, "raw_tokens": 3892, "capped_tokens": 906}
{"ts": "2026-08-06T03:33:12+00:00", "event": "data_read", "cell": "HD", "kind": "web_search", "source": "web_search", "status": "ok", "cached": false, "raw_chars": 28215, "capped_chars": 25531, "raw_tokens": 7054, "capped_tokens": 6383}
{"ts": "2026-08-06T03:33:12+00:00", "event": "data_read", "cell": "HD", "kind": "web_search", "source": "web_search", "status": "ok", "cached": false, "raw_chars": 20760, "capped_chars": 14945, "raw_tokens": 5190, "capped_tokens": 3736}
{"ts": "2026-08-06T03:33:12+00:00", "event": "data_read", "cell": "HD", "kind": "web_search", "source": "web_search", "status": "ok", "cached": false, "raw_chars": 16955, "capped_chars": 12335, "raw_tokens": 4239, "capped_tokens": 3084}
{"ts": "2026-08-06T03:33:12+00:00", "event": "data_read", "cell": "HD", "kind": "web_search", "source": "web_search", "status": "ok", "cached": false, "raw_chars": 16727, "capped_chars": 12563, "raw_tokens": 4182, "capped_tokens": 3141}
{"ts": "2026-08-06T03:33:12+00:00", "event": "data_read", "cell": "HD", "kind": "web_search", "source": "web_search", "status": "ok", "cached": false, "raw_chars": 14808, "capped_chars": 11380, "raw_tokens": 3702, "capped_tokens": 2845}
{"ts": "2026-08-06T03:33:12+00:00", "event": "agent_stage", "cell": "HD", "decision_date": "2026-06-22", "stage": "quantitative_specialist", "symbol": "HD"}
{"ts": "2026-08-06T03:33:12+00:00", "event": "agent_stage", "cell": "HD", "decision_date": "2026-06-22", "stage": "qualitative_specialist", "symbol": "HD"}
{"ts": "2026-08-06T03:33:20+00:00", "event": "cell_done", "cell": "AMGN", "decision_date": "2026-05-29", "outcome": "ok", "health": "ok", "n_reads": 11, "elapsed_ms": 177516, "n_llm_calls": 4, "tokens_in": 78528, "tokens_out": 12750, "cost_usd": 0.0798804164, "cost_basis": "reported", "detail": ""}
{"ts": "2026-08-06T03:33:20+00:00", "event": "run_grid", "grid": "== cells\n   \u2713 AMZN     done          calls=0  idle=16s\n   \u2713 HD       qualitative_specialist  calls=0  idle=8s\n   \u2713 MMM      qualitative_specialist  calls=0  idle=16s\n   \u2713 WMT      independent_verifier  calls=0  idle=16s\n   \u2713 AAPL     qualitative_specialist  calls=0  idle=26s\n   \u2713 CAT      qualitative_specialist  calls=0  idle=27s\n   \u2713 JNJ      qualitative_specialist  calls=0  idle=27s\n   \u2713 JPM      done          calls=0  idle=179s\n   \u2713 AXP      done          calls=0  idle=82s\n   \u2713 KO       qualitative_specialist  calls=0  idle=16s\n   \u2713 MCD      done          calls=0  idle=33s\n   \u2713 MRK      done          calls=0  idle=35s\n   \u2713 AMGN     done          calls=0  idle=0s\n   \u2713 MSFT     done          calls=0  idle=25s\n   \u2026 NKE      final_pm      calls=0  idle=9s"}
{"ts": "2026-08-06T03:33:20+00:00", "event": "cell_start", "cell": "HON", "decision_date": "2026-06-22"}
{"ts": "2026-08-06T03:33:20+00:00", "event": "agent_stage", "cell": "HON", "decision_date": "2026-06-22", "stage": "evidence", "symbol": "HON"}
{"ts": "2026-08-06T03:33:20+00:00", "event": "agent_stage", "cell": "HON", "decision_date": "2026-06-22", "stage": "evidence_quantitative", "symbol": "HON"}
{"ts": "2026-08-06T03:33:20+00:00", "event": "data_read", "cell": "HON", "kind": "fundamentals", "source": "massive_fundamentals", "status": "ok", "cached": false, "raw_chars": 3050, "capped_chars": 3050, "raw_tokens": 762, "capped_tokens": 762}
{"ts": "2026-08-06T03:33:20+00:00", "event": "data_read", "cell": "HON", "kind": "ratios", "source": "valuation_ratios", "status": "ok", "cached": false, "raw_chars": 249709, "capped_chars": 249709, "raw_tokens": 62427, "capped_tokens": 62427}
{"ts": "2026-08-06T03:33:20+00:00", "event": "data_read", "cell": "HON", "kind": "prices", "source": "massive_prices", "status": "ok", "cached": false, "raw_chars": 878, "capped_chars": 878, "raw_tokens": 220, "capped_tokens": 220}
{"ts": "2026-08-06T03:33:25+00:00", "event": "cell_done", "cell": "NKE", "decision_date": "2026-05-29", "outcome": "ok", "health": "ok", "n_reads": 11, "elapsed_ms": 108940, "n_llm_calls": 4, "tokens_in": 78213, "tokens_out": 9941, "cost_usd": 0.0749634314, "cost_basis": "reported", "detail": ""}
{"ts": "2026-08-06T03:33:25+00:00", "event": "run_grid", "grid": "== cells\n   \u2713 AMZN     done          calls=0  idle=20s\n   \u2713 HD       qualitative_specialist  calls=0  idle=12s\n   \u2713 MMM      qualitative_specialist  calls=0  idle=21s\n   \u2713 WMT      independent_verifier  calls=0  idle=21s\n   \u2713 AAPL     qualitative_specialist  calls=0  idle=30s\n   \u2713 CAT      qualitative_specialist  calls=0  idle=32s\n   \u2713 JNJ      qualitative_specialist  calls=0  idle=32s\n   \u2713 JPM      done          calls=0  idle=183s\n   \u2713 AXP      done          calls=0  idle=86s\n   \u2713 KO       qualitative_specialist  calls=0  idle=21s\n   \u2713 MCD      done          calls=0  idle=37s\n   \u2713 MRK      done          calls=0  idle=39s\n   \u2713 AMGN     done          calls=0  idle=4s\n   \u2713 MSFT     done          calls=0  idle=29s\n   \u2713 NKE      done          calls=0  idle=0s\n   \u2026 HON      evidence_quantitative  calls=0  idle=4s"}
{"ts": "2026-08-06T03:33:25+00:00", "event": "cell_start", "cell": "IBM", "decision_date": "2026-06-22"}
{"ts": "2026-08-06T03:33:25+00:00", "event": "agent_stage", "cell": "IBM", "decision_date": "2026-06-22", "stage": "evidence", "symbol": "IBM"}
{"ts": "2026-08-06T03:33:25+00:00", "event": "agent_stage", "cell": "IBM", "decision_date": "2026-06-22", "stage": "evidence_quantitative", "symbol": "IBM"}
{"ts": "2026-08-06T03:33:25+00:00", "event": "data_read", "cell": "IBM", "kind": "fundamentals", "source": "massive_fundamentals", "status": "ok", "cached": false, "raw_chars": 3795, "capped_chars": 3795, "raw_tokens": 949, "capped_tokens": 949}
{"ts": "2026-08-06T03:33:25+00:00", "event": "data_read", "cell": "IBM", "kind": "ratios", "source": "valuation_ratios", "status": "ok", "cached": false, "raw_chars": 223687, "capped_chars": 223687, "raw_tokens": 55922, "capped_tokens": 55922}
{"ts": "2026-08-06T03:33:25+00:00", "event": "data_read", "cell": "IBM", "kind": "prices", "source": "massive_prices", "status": "ok", "cached": false, "raw_chars": 818, "capped_chars": 818, "raw_tokens": 204, "capped_tokens": 204}
{"ts": "2026-08-06T03:33:27+00:00", "event": "data_read", "cell": "IBM", "kind": "macro", "source": "fred_macro", "status": "ok", "cached": false, "raw_chars": 30574, "capped_chars": 30574, "raw_tokens": 7644, "capped_tokens": 7644}
{"ts": "2026-08-06T03:33:27+00:00", "event": "data_read", "cell": "HON", "kind": "macro", "source": "fred_macro", "status": "ok", "cached": false, "raw_chars": 30574, "capped_chars": 30574, "raw_tokens": 7644, "capped_tokens": 7644}
{"ts": "2026-08-06T03:33:28+00:00", "event": "data_read", "cell": "HON", "kind": "news_sentiment", "source": "news_sentiment", "status": "ok", "cached": false, "raw_chars": 1430, "capped_chars": 1430, "raw_tokens": 358, "capped_tokens": 358}
{"ts": "2026-08-06T03:33:28+00:00", "event": "data_read", "cell": "IBM", "kind": "news_sentiment", "source": "news_sentiment", "status": "ok", "cached": false, "raw_chars": 2734, "capped_chars": 2734, "raw_tokens": 684, "capped_tokens": 684}
{"ts": "2026-08-06T03:33:28+00:00", "event": "agent_stage", "cell": "HON", "decision_date": "2026-06-22", "stage": "evidence_qualitative", "symbol": "HON"}
{"ts": "2026-08-06T03:33:28+00:00", "event": "agent_stage", "cell": "IBM", "decision_date": "2026-06-22", "stage": "evidence_qualitative", "symbol": "IBM"}
{"ts": "2026-08-06T03:33:28+00:00", "event": "run_grid", "grid": "== cells\n   \u2713 AMZN     done          calls=0  idle=23s\n   \u2713 HD       qualitative_specialist  calls=0  idle=15s\n   \u2713 MMM      qualitative_specialist  calls=0  idle=24s\n   \u2713 WMT      independent_verifier  calls=0  idle=24s\n   \u2713 AAPL     qualitative_specialist  calls=0  idle=33s\n   \u2713 CAT      qualitative_specialist  calls=0  idle=35s\n   \u2713 JNJ      qualitative_specialist  calls=0  idle=35s\n   \u2713 JPM      done          calls=0  idle=186s\n   \u2713 AXP      done          calls=0  idle=89s\n   \u2713 KO       qualitative_specialist  calls=0  idle=24s\n   \u2713 MCD      done          calls=0  idle=40s\n   \u2713 MRK      done          calls=0  idle=42s\n   \u2713 AMGN     done          calls=0  idle=7s\n   \u2713 MSFT     done          calls=0  idle=32s\n   \u2713 NKE      done          calls=0  idle=2s\n   \u2026 HON      evidence_qualitative  calls=0  idle=0s\n   \u2026 IBM      evidence_quantitative  calls=0  idle=2s"}
{"ts": "2026-08-06T03:33:28+00:00", "event": "data_read", "cell": "IBM", "kind": "news", "source": "massive_news", "status": "ok", "cached": false, "raw_chars": 49533, "capped_chars": 9289, "raw_tokens": 12383, "capped_tokens": 2322}
{"ts": "2026-08-06T03:33:28+00:00", "event": "data_read", "cell": "HON", "kind": "news", "source": "massive_news", "status": "ok", "cached": false, "raw_chars": 24610, "capped_chars": 5551, "raw_tokens": 6152, "capped_tokens": 1388}
{"ts": "2026-08-06T03:33:28+00:00", "event": "data_read", "cell": "IBM", "kind": "web_search", "source": "web_search", "status": "ok", "cached": false, "raw_chars": 30057, "capped_chars": 26373, "raw_tokens": 7514, "capped_tokens": 6593}
{"ts": "2026-08-06T03:33:28+00:00", "event": "data_read", "cell": "HON", "kind": "web_search", "source": "web_search", "status": "ok", "cached": false, "raw_chars": 36425, "capped_chars": 31580, "raw_tokens": 9106, "capped_tokens": 7895}
{"ts": "2026-08-06T03:33:28+00:00", "event": "data_read", "cell": "IBM", "kind": "web_search", "source": "web_search", "status": "ok", "cached": false, "raw_chars": 13867, "capped_chars": 11571, "raw_tokens": 3467, "capped_tokens": 2893}
{"ts": "2026-08-06T03:33:28+00:00", "event": "data_read", "cell": "HON", "kind": "web_search", "source": "web_search", "status": "ok", "cached": false, "raw_chars": 19484, "capped_chars": 16043, "raw_tokens": 4871, "capped_tokens": 4011}
{"ts": "2026-08-06T03:33:28+00:00", "event": "data_read", "cell": "IBM", "kind": "web_search", "source": "web_search", "status": "ok", "cached": false, "raw_chars": 38393, "capped_chars": 33961, "raw_tokens": 9598, "capped_tokens": 8490}
{"ts": "2026-08-06T03:33:28+00:00", "event": "data_read", "cell": "HON", "kind": "web_search", "source": "web_search", "status": "ok", "cached": false, "raw_chars": 19368, "capped_chars": 11743, "raw_tokens": 4842, "capped_tokens": 2936}
{"ts": "2026-08-06T03:33:28+00:00", "event": "data_read", "cell": "IBM", "kind": "web_search", "source": "web_search", "status": "ok", "cached": false, "raw_chars": 29534, "capped_chars": 25281, "raw_tokens": 7384, "capped_tokens": 6320}
{"ts": "2026-08-06T03:33:28+00:00", "event": "data_read", "cell": "HON", "kind": "web_search", "source": "web_search", "status": "ok", "cached": false, "raw_chars": 22378, "capped_chars": 14053, "raw_tokens": 5594, "capped_tokens": 3513}
{"ts": "2026-08-06T03:33:28+00:00", "event": "data_read", "cell": "IBM", "kind": "web_search", "source": "web_search", "status": "ok", "cached": false, "raw_chars": 16475, "capped_chars": 12287, "raw_tokens": 4119, "capped_tokens": 3072}
{"ts": "2026-08-06T03:33:28+00:00", "event": "agent_stage", "cell": "IBM", "decision_date": "2026-06-22", "stage": "quantitative_specialist", "symbol": "IBM"}
{"ts": "2026-08-06T03:33:28+00:00", "event": "agent_stage", "cell": "IBM", "decision_date": "2026-06-22", "stage": "qualitative_specialist", "symbol": "IBM"}
{"ts": "2026-08-06T03:33:28+00:00", "event": "data_read", "cell": "HON", "kind": "web_search", "source": "web_search", "status": "ok", "cached": false, "raw_chars": 5914, "capped_chars": 3011, "raw_tokens": 1478, "capped_tokens": 753}
{"ts": "2026-08-06T03:33:28+00:00", "event": "agent_stage", "cell": "HON", "decision_date": "2026-06-22", "stage": "quantitative_specialist", "symbol": "HON"}
{"ts": "2026-08-06T03:33:28+00:00", "event": "agent_stage", "cell": "HON", "decision_date": "2026-06-22", "stage": "qualitative_specialist", "symbol": "HON"}
{"ts": "2026-08-06T03:33:53+00:00", "event": "agent_stage", "cell": "CAT", "decision_date": "2026-06-05", "stage": "independent_verifier", "symbol": "CAT"}
{"ts": "2026-08-06T03:33:53+00:00", "event": "run_grid", "grid": "== cells\n   \u2713 AMZN     done          calls=0  idle=48s\n   \u2713 HD       qualitative_specialist  calls=0  idle=40s\n   \u2713 MMM      qualitative_specialist  calls=0  idle=49s\n   \u2713 WMT      independent_verifier  calls=0  idle=48s\n   \u2713 AAPL     qualitative_specialist  calls=0  idle=58s\n   \u2713 CAT      independent_verifier  calls=0  idle=0s\n   \u2713 JNJ      qualitative_specialist  calls=0  idle=60s\n   \u2713 JPM      done          calls=0  idle=211s\n   \u2713 AXP      done          calls=0  idle=114s\n   \u2713 KO       qualitative_specialist  calls=0  idle=49s\n   \u2713 MCD      done          calls=0  idle=65s\n   \u2713 MRK      done          calls=0  idle=67s\n   \u2713 AMGN     done          calls=0  idle=32s\n   \u2713 MSFT     done          calls=0  idle=57s\n   \u2713 NKE      done          calls=0  idle=27s\n   \u2026 HON      qualitative_specialist  calls=0  idle=24s\n   \u2026 IBM      qualitative_specialist  calls=0  idle=24s"}
{"ts": "2026-08-06T03:33:59+00:00", "event": "agent_stage", "cell": "JNJ", "decision_date": "2026-06-05", "stage": "independent_verifier", "symbol": "JNJ"}
{"ts": "2026-08-06T03:33:59+00:00", "event": "run_grid", "grid": "== cells\n   \u2713 AMZN     done          calls=0  idle=55s\n   \u2713 HD       qualitative_specialist  calls=0  idle=47s\n   \u2713 MMM      qualitative_specialist  calls=0  idle=56s\n   \u2713 WMT      independent_verifier  calls=0  idle=55s\n   \u2713 AAPL     qualitative_specialist  calls=0  idle=65s\n   \u2713 CAT      independent_verifier  calls=0  idle=6s\n   \u2713 JNJ      independent_verifier  calls=0  idle=0s\n   \u2713 JPM      done          calls=0  idle=218s\n   \u2713 AXP      done          calls=0  idle=121s\n   \u2713 KO       qualitative_specialist  calls=0  idle=56s\n   \u2713 MCD      done          calls=0  idle=72s\n   \u2713 MRK      done          calls=0  idle=74s\n   \u2713 AMGN     done          calls=0  idle=39s\n   \u2713 MSFT     done          calls=0  idle=64s\n   \u2713 NKE      done          calls=0  idle=34s\n   \u2026 HON      qualitative_specialist  calls=0  idle=31s\n   \u2026 IBM      qualitative_specialist  calls=0  idle=31s"}
{"ts": "2026-08-06T03:34:00+00:00", "event": "agent_stage", "cell": "AAPL", "decision_date": "2026-06-12", "stage": "independent_verifier", "symbol": "AAPL"}
{"ts": "2026-08-06T03:34:01+00:00", "event": "agent_stage", "cell": "MMM", "decision_date": "2026-06-12", "stage": "independent_verifier", "symbol": "MMM"}
{"ts": "2026-08-06T03:34:15+00:00", "event": "agent_stage", "cell": "KO", "decision_date": "2026-06-12", "stage": "independent_verifier", "symbol": "KO"}
{"ts": "2026-08-06T03:34:15+00:00", "event": "run_grid", "grid": "== cells\n   \u2713 AMZN     done          calls=0  idle=70s\n   \u2713 HD       qualitative_specialist  calls=0  idle=62s\n   \u2713 MMM      independent_verifier  calls=0  idle=13s\n   \u2713 WMT      independent_verifier  calls=0  idle=71s\n   \u2713 AAPL     independent_verifier  calls=0  idle=14s\n   \u2713 CAT      independent_verifier  calls=0  idle=22s\n   \u2713 JNJ      independent_verifier  calls=0  idle=15s\n   \u2713 JPM      done          calls=0  idle=233s\n   \u2713 AXP      done          calls=0  idle=136s\n   \u2713 KO       independent_verifier  calls=0  idle=0s\n   \u2713 MCD      done          calls=0  idle=87s\n   \u2713 MRK      done          calls=0  idle=89s\n   \u2713 AMGN     done          calls=0  idle=54s\n   \u2713 MSFT     done          calls=0  idle=79s\n   \u2713 NKE      done          calls=0  idle=49s\n   \u2026 HON      qualitative_specialist  calls=0  idle=47s\n   \u2026 IBM      qualitative_specialist  calls=0  idle=47s"}
{"ts": "2026-08-06T03:34:18+00:00", "event": "agent_stage", "cell": "CAT", "decision_date": "2026-06-05", "stage": "final_pm", "symbol": "CAT"}
{"ts": "2026-08-06T03:34:18+00:00", "event": "run_grid", "grid": "== cells\n   \u2713 AMZN     done          calls=0  idle=74s\n   \u2713 HD       qualitative_specialist  calls=0  idle=66s\n   \u2713 MMM      independent_verifier  calls=0  idle=16s\n   \u2713 WMT      independent_verifier  calls=0  idle=74s\n   \u2713 AAPL     independent_verifier  calls=0  idle=17s\n   \u2713 CAT      final_pm      calls=0  idle=0s\n   \u2713 JNJ      independent_verifier  calls=0  idle=18s\n   \u2713 JPM      done          calls=0  idle=236s\n   \u2713 AXP      done          calls=0  idle=139s\n   \u2713 KO       independent_verifier  calls=0  idle=3s\n   \u2713 MCD      done          calls=0  idle=91s\n   \u2713 MRK      done          calls=0  idle=92s\n   \u2713 AMGN     done          calls=0  idle=57s\n   \u2713 MSFT     done          calls=0  idle=82s\n   \u2713 NKE      done          calls=0  idle=53s\n   \u2026 HON      qualitative_specialist  calls=0  idle=50s\n   \u2026 IBM      qualitative_specialist  calls=0  idle=50s"}
{"ts": "2026-08-06T03:34:22+00:00", "event": "agent_stage", "cell": "HD", "decision_date": "2026-06-22", "stage": "independent_verifier", "symbol": "HD"}
{"ts": "2026-08-06T03:34:22+00:00", "event": "run_grid", "grid": "== cells\n   \u2713 AMZN     done          calls=0  idle=77s\n   \u2713 HD       independent_verifier  calls=0  idle=0s\n   \u2713 MMM      independent_verifier  calls=0  idle=20s\n   \u2713 WMT      independent_verifier  calls=0  idle=78s\n   \u2713 AAPL     independent_verifier  calls=0  idle=21s\n   \u2713 CAT      final_pm      calls=0  idle=3s\n   \u2713 JNJ      independent_verifier  calls=0  idle=22s\n   \u2713 JPM      done          calls=0  idle=240s\n   \u2713 AXP      done          calls=0  idle=143s\n   \u2713 KO       independent_verifier  calls=0  idle=7s\n   \u2713 MCD      done          calls=0  idle=95s\n   \u2713 MRK      done          calls=0  idle=96s\n   \u2713 AMGN     done          calls=0  idle=61s\n   \u2713 MSFT     done          calls=0  idle=86s\n   \u2713 NKE      done          calls=0  idle=57s\n   \u2026 HON      qualitative_specialist  calls=0  idle=54s\n   \u2026 IBM      qualitative_specialist  calls=0  idle=54s"}
{"ts": "2026-08-06T03:34:22+00:00", "event": "agent_stage", "cell": "MMM", "decision_date": "2026-06-12", "stage": "final_pm", "symbol": "MMM"}
{"ts": "2026-08-06T03:34:31+00:00", "event": "agent_stage", "cell": "AAPL", "decision_date": "2026-06-12", "stage": "final_pm", "symbol": "AAPL"}
{"ts": "2026-08-06T03:34:31+00:00", "event": "run_grid", "grid": "== cells\n   \u2713 AMZN     done          calls=0  idle=87s\n   \u2713 HD       independent_verifier  calls=0  idle=9s\n   \u2713 MMM      final_pm      calls=0  idle=9s\n   \u2713 WMT      independent_verifier  calls=0  idle=87s\n   \u2713 AAPL     final_pm      calls=0  idle=0s\n   \u2713 CAT      final_pm      calls=0  idle=13s\n   \u2713 JNJ      independent_verifier  calls=0  idle=31s\n   \u2713 JPM      done          calls=0  idle=250s\n   \u2713 AXP      done          calls=0  idle=153s\n   \u2713 KO       independent_verifier  calls=0  idle=16s\n   \u2713 MCD      done          calls=0  idle=104s\n   \u2713 MRK      done          calls=0  idle=106s\n   \u2713 AMGN     done          calls=0  idle=70s\n   \u2713 MSFT     done          calls=0  idle=96s\n   \u2713 NKE      done          calls=0  idle=66s\n   \u2026 HON      qualitative_specialist  calls=0  idle=63s\n   \u2026 IBM      qualitative_specialist  calls=0  idle=63s"}
{"ts": "2026-08-06T03:34:36+00:00", "event": "cell_done", "cell": "CAT", "decision_date": "2026-06-05", "outcome": "ok", "health": "ok", "n_reads": 11, "elapsed_ms": 110782, "n_llm_calls": 4, "tokens_in": 82435, "tokens_out": 10624, "cost_usd": 0.08087704891199998, "cost_basis": "reported", "detail": ""}
{"ts": "2026-08-06T03:34:36+00:00", "event": "run_grid", "grid": "== cells\n   \u2713 AMZN     done          calls=0  idle=91s\n   \u2713 HD       independent_verifier  calls=0  idle=13s\n   \u2713 MMM      final_pm      calls=0  idle=13s\n   \u2713 WMT      independent_verifier  calls=0  idle=92s\n   \u2713 AAPL     final_pm      calls=0  idle=4s\n   \u2713 CAT      done          calls=0  idle=0s\n   \u2713 JNJ      independent_verifier  calls=0  idle=36s\n   \u2713 JPM      done          calls=0  idle=254s\n   \u2713 AXP      done          calls=0  idle=157s\n   \u2713 KO       independent_verifier  calls=0  idle=21s\n   \u2713 MCD      done          calls=0  idle=108s\n   \u2713 MRK      done          calls=0  idle=110s\n   \u2713 AMGN     done          calls=0  idle=75s\n   \u2713 MSFT     done          calls=0  idle=100s\n   \u2713 NKE      done          calls=0  idle=70s\n   \u2026 HON      qualitative_specialist  calls=0  idle=68s\n   \u2026 IBM      qualitative_specialist  calls=0  idle=68s"}
{"ts": "2026-08-06T03:34:36+00:00", "event": "cell_start", "cell": "JNJ", "decision_date": "2026-06-22"}
{"ts": "2026-08-06T03:34:36+00:00", "event": "agent_stage", "cell": "JNJ", "decision_date": "2026-06-22", "stage": "evidence", "symbol": "JNJ"}
{"ts": "2026-08-06T03:34:36+00:00", "event": "agent_stage", "cell": "JNJ", "decision_date": "2026-06-22", "stage": "evidence_quantitative", "symbol": "JNJ"}
{"ts": "2026-08-06T03:34:36+00:00", "event": "data_read", "cell": "JNJ", "kind": "fundamentals", "source": "massive_fundamentals", "status": "ok", "cached": false, "raw_chars": 4593, "capped_chars": 4593, "raw_tokens": 1148, "capped_tokens": 1148}
{"ts": "2026-08-06T03:34:36+00:00", "event": "data_read", "cell": "JNJ", "kind": "ratios", "source": "valuation_ratios", "status": "ok", "cached": false, "raw_chars": 222692, "capped_chars": 222692, "raw_tokens": 55673, "capped_tokens": 55673}
{"ts": "2026-08-06T03:34:36+00:00", "event": "data_read", "cell": "JNJ", "kind": "prices", "source": "massive_prices", "status": "ok", "cached": false, "raw_chars": 830, "capped_chars": 830, "raw_tokens": 208, "capped_tokens": 208}
{"ts": "2026-08-06T03:34:38+00:00", "event": "cell_done", "cell": "MMM", "decision_date": "2026-06-12", "outcome": "ok", "health": "ok", "n_reads": 11, "elapsed_ms": 100886, "n_llm_calls": 4, "tokens_in": 69706, "tokens_out": 9048, "cost_usd": 0.066553451392, "cost_basis": "reported", "detail": ""}
{"ts": "2026-08-06T03:34:38+00:00", "event": "cell_start", "cell": "JPM", "decision_date": "2026-06-22"}
{"ts": "2026-08-06T03:34:38+00:00", "event": "agent_stage", "cell": "JPM", "decision_date": "2026-06-22", "stage": "evidence", "symbol": "JPM"}
{"ts": "2026-08-06T03:34:38+00:00", "event": "agent_stage", "cell": "JPM", "decision_date": "2026-06-22", "stage": "evidence_quantitative", "symbol": "JPM"}
{"ts": "2026-08-06T03:34:38+00:00", "event": "data_read", "cell": "JPM", "kind": "fundamentals", "source": "massive_fundamentals", "status": "ok", "cached": false, "raw_chars": 3723, "capped_chars": 3723, "raw_tokens": 931, "capped_tokens": 931}
{"ts": "2026-08-06T03:34:38+00:00", "event": "data_read", "cell": "JPM", "kind": "ratios", "source": "valuation_ratios", "status": "ok", "cached": false, "raw_chars": 237658, "capped_chars": 237658, "raw_tokens": 59414, "capped_tokens": 59414}
{"ts": "2026-08-06T03:34:38+00:00", "event": "data_read", "cell": "JPM", "kind": "prices", "source": "massive_prices", "status": "ok", "cached": false, "raw_chars": 830, "capped_chars": 830, "raw_tokens": 208, "capped_tokens": 208}
{"ts": "2026-08-06T03:34:38+00:00", "event": "agent_stage", "cell": "HON", "decision_date": "2026-06-22", "stage": "independent_verifier", "symbol": "HON"}
{"ts": "2026-08-06T03:34:38+00:00", "event": "run_grid", "grid": "== cells\n   \u2713 AMZN     done          calls=0  idle=94s\n   \u2713 HD       independent_verifier  calls=0  idle=16s\n   \u2713 MMM      done          calls=0  idle=0s\n   \u2713 WMT      independent_verifier  calls=0  idle=94s\n   \u2713 AAPL     final_pm      calls=0  idle=6s\n   \u2713 CAT      done          calls=0  idle=2s\n   \u2713 JNJ      evidence_quantitative  calls=0  idle=2s\n   \u2713 JPM      evidence_quantitative  calls=0  idle=0s\n   \u2713 AXP      done          calls=0  idle=159s\n   \u2713 KO       independent_verifier  calls=0  idle=23s\n   \u2713 MCD      done          calls=0  idle=111s\n   \u2713 MRK      done          calls=0  idle=113s\n   \u2713 AMGN     done          calls=0  idle=77s\n   \u2713 MSFT     done          calls=0  idle=102s\n   \u2713 NKE      done          calls=0  idle=73s\n   \u2026 HON      independent_verifier  calls=0  idle=0s\n   \u2026 IBM      qualitative_specialist  calls=0  idle=70s"}
{"ts": "2026-08-06T03:34:39+00:00", "event": "agent_stage", "cell": "HD", "decision_date": "2026-06-22", "stage": "final_pm", "symbol": "HD"}
{"ts": "2026-08-06T03:34:40+00:00", "event": "agent_stage", "cell": "KO", "decision_date": "2026-06-12", "stage": "final_pm", "symbol": "KO"}
{"ts": "2026-08-06T03:34:40+00:00", "event": "run_grid", "grid": "== cells\n   \u2713 AMZN     done          calls=0  idle=96s\n   \u2713 HD       final_pm      calls=0  idle=1s\n   \u2713 MMM      done          calls=0  idle=2s\n   \u2713 WMT      independent_verifier  calls=0  idle=96s\n   \u2713 AAPL     final_pm      calls=0  idle=9s\n   \u2713 CAT      done          calls=0  idle=4s\n   \u2713 JNJ      evidence_quantitative  calls=0  idle=4s\n   \u2713 JPM      evidence_quantitative  calls=0  idle=2s\n   \u2713 AXP      done          calls=0  idle=162s\n   \u2713 KO       final_pm      calls=0  idle=0s\n   \u2713 MCD      done          calls=0  idle=113s\n   \u2713 MRK      done          calls=0  idle=115s\n   \u2713 AMGN     done          calls=0  idle=80s\n   \u2713 MSFT     done          calls=0  idle=105s\n   \u2713 NKE      done          calls=0  idle=75s\n   \u2026 HON      independent_verifier  calls=0  idle=2s\n   \u2026 IBM      qualitative_specialist  calls=0  idle=72s"}
{"ts": "2026-08-06T03:34:42+00:00", "event": "agent_stage", "cell": "IBM", "decision_date": "2026-06-22", "stage": "independent_verifier", "symbol": "IBM"}
{"ts": "2026-08-06T03:34:43+00:00", "event": "data_read", "cell": "JNJ", "kind": "macro", "source": "fred_macro", "status": "ok", "cached": false, "raw_chars": 30574, "capped_chars": 30574, "raw_tokens": 7644, "capped_tokens": 7644}
{"ts": "2026-08-06T03:34:43+00:00", "event": "data_read", "cell": "JPM", "kind": "macro", "source": "fred_macro", "status": "ok", "cached": false, "raw_chars": 30574, "capped_chars": 30574, "raw_tokens": 7644, "capped_tokens": 7644}
{"ts": "2026-08-06T03:34:43+00:00", "event": "data_read", "cell": "JNJ", "kind": "news_sentiment", "source": "news_sentiment", "status": "ok", "cached": false, "raw_chars": 2629, "capped_chars": 2629, "raw_tokens": 657, "capped_tokens": 657}
{"ts": "2026-08-06T03:34:43+00:00", "event": "agent_stage", "cell": "JNJ", "decision_date": "2026-06-22", "stage": "evidence_qualitative", "symbol": "JNJ"}
{"ts": "2026-08-06T03:34:43+00:00", "event": "run_grid", "grid": "== cells\n   \u2713 AMZN     done          calls=0  idle=99s\n   \u2713 HD       final_pm      calls=0  idle=4s\n   \u2713 MMM      done          calls=0  idle=5s\n   \u2713 WMT      independent_verifier  calls=0  idle=99s\n   \u2713 AAPL     final_pm      calls=0  idle=11s\n   \u2713 CAT      done          calls=0  idle=7s\n   \u2713 JNJ      evidence_qualitative  calls=0  idle=0s\n   \u2713 JPM      evidence_quantitative  calls=0  idle=5s\n   \u2713 AXP      done          calls=0  idle=165s\n   \u2713 KO       final_pm      calls=0  idle=2s\n   \u2713 MCD      done          calls=0  idle=116s\n   \u2713 MRK      done          calls=0  idle=118s\n   \u2713 AMGN     done          calls=0  idle=82s\n   \u2713 MSFT     done          calls=0  idle=108s\n   \u2713 NKE      done          calls=0  idle=78s\n   \u2026 HON      independent_verifier  calls=0  idle=5s\n   \u2026 IBM      independent_verifier  calls=0  idle=1s"}
{"ts": "2026-08-06T03:34:43+00:00", "event": "data_read", "cell": "JPM", "kind": "news_sentiment", "source": "news_sentiment", "status": "ok", "cached": false, "raw_chars": 3565, "capped_chars": 3565, "raw_tokens": 891, "capped_tokens": 891}
{"ts": "2026-08-06T03:34:43+00:00", "event": "data_read", "cell": "JNJ", "kind": "news", "source": "massive_news", "status": "ok", "cached": false, "raw_chars": 27428, "capped_chars": 8195, "raw_tokens": 6857, "capped_tokens": 2049}
{"ts": "2026-08-06T03:34:43+00:00", "event": "agent_stage", "cell": "JPM", "decision_date": "2026-06-22", "stage": "evidence_qualitative", "symbol": "JPM"}
{"ts": "2026-08-06T03:34:43+00:00", "event": "data_read", "cell": "JNJ", "kind": "web_search", "source": "web_search", "status": "ok", "cached": false, "raw_chars": 32360, "capped_chars": 28012, "raw_tokens": 8090, "capped_tokens": 7003}
{"ts": "2026-08-06T03:34:43+00:00", "event": "data_read", "cell": "JPM", "kind": "news", "source": "massive_news", "status": "ok", "cached": false, "raw_chars": 182641, "capped_chars": 18122, "raw_tokens": 45660, "capped_tokens": 4530}
{"ts": "2026-08-06T03:34:43+00:00", "event": "data_read", "cell": "JNJ", "kind": "web_search", "source": "web_search", "status": "ok", "cached": false, "raw_chars": 28829, "capped_chars": 25131, "raw_tokens": 7207, "capped_tokens": 6283}
{"ts": "2026-08-06T03:34:43+00:00", "event": "data_read", "cell": "JPM", "kind": "web_search", "source": "web_search", "status": "ok", "cached": false, "raw_chars": 28181, "capped_chars": 24026, "raw_tokens": 7045, "capped_tokens": 6006}
{"ts": "2026-08-06T03:34:43+00:00", "event": "data_read", "cell": "JNJ", "kind": "web_search", "source": "web_search", "status": "ok", "cached": false, "raw_chars": 16156, "capped_chars": 12113, "raw_tokens": 4039, "capped_tokens": 3028}
{"ts": "2026-08-06T03:34:43+00:00", "event": "data_read", "cell": "JPM", "kind": "web_search", "source": "web_search", "status": "ok", "cached": false, "raw_chars": 10176, "capped_chars": 6036, "raw_tokens": 2544, "capped_tokens": 1509}
{"ts": "2026-08-06T03:34:43+00:00", "event": "data_read", "cell": "JNJ", "kind": "web_search", "source": "web_search", "status": "ok", "cached": false, "raw_chars": 19745, "capped_chars": 15722, "raw_tokens": 4936, "capped_tokens": 3930}
{"ts": "2026-08-06T03:34:43+00:00", "event": "data_read", "cell": "JPM", "kind": "web_search", "source": "web_search", "status": "ok", "cached": false, "raw_chars": 30338, "capped_chars": 26282, "raw_tokens": 7584, "capped_tokens": 6570}
{"ts": "2026-08-06T03:34:43+00:00", "event": "data_read", "cell": "JNJ", "kind": "web_search", "source": "web_search", "status": "ok", "cached": false, "raw_chars": 13958, "capped_chars": 10026, "raw_tokens": 3490, "capped_tokens": 2506}
{"ts": "2026-08-06T03:34:43+00:00", "event": "data_read", "cell": "JPM", "kind": "web_search", "source": "web_search", "status": "ok", "cached": false, "raw_chars": 17570, "capped_chars": 13937, "raw_tokens": 4392, "capped_tokens": 3484}
{"ts": "2026-08-06T03:34:43+00:00", "event": "agent_stage", "cell": "JNJ", "decision_date": "2026-06-22", "stage": "quantitative_specialist", "symbol": "JNJ"}
{"ts": "2026-08-06T03:34:43+00:00", "event": "agent_stage", "cell": "JNJ", "decision_date": "2026-06-22", "stage": "qualitative_specialist", "symbol": "JNJ"}
{"ts": "2026-08-06T03:34:43+00:00", "event": "data_read", "cell": "JPM", "kind": "web_search", "source": "web_search", "status": "ok", "cached": false, "raw_chars": 11965, "capped_chars": 7526, "raw_tokens": 2991, "capped_tokens": 1882}
{"ts": "2026-08-06T03:34:43+00:00", "event": "agent_stage", "cell": "JPM", "decision_date": "2026-06-22", "stage": "quantitative_specialist", "symbol": "JPM"}
{"ts": "2026-08-06T03:34:43+00:00", "event": "agent_stage", "cell": "JPM", "decision_date": "2026-06-22", "stage": "qualitative_specialist", "symbol": "JPM"}
{"ts": "2026-08-06T03:34:47+00:00", "event": "agent_stage", "cell": "JNJ", "decision_date": "2026-06-05", "stage": "final_pm", "symbol": "JNJ"}
{"ts": "2026-08-06T03:34:47+00:00", "event": "run_grid", "grid": "== cells\n   \u2713 AMZN     done          calls=0  idle=103s\n   \u2713 HD       final_pm      calls=0  idle=7s\n   \u2713 MMM      done          calls=0  idle=9s\n   \u2713 WMT      independent_verifier  calls=0  idle=103s\n   \u2713 AAPL     final_pm      calls=0  idle=15s\n   \u2713 CAT      done          calls=0  idle=11s\n   \u2713 JNJ      final_pm      calls=0  idle=0s\n   \u2713 JPM      qualitative_specialist  calls=0  idle=3s\n   \u2713 AXP      done          calls=0  idle=168s\n   \u2713 KO       final_pm      calls=0  idle=6s\n   \u2713 MCD      done          calls=0  idle=120s\n   \u2713 MRK      done          calls=0  idle=122s\n   \u2713 AMGN     done          calls=0  idle=86s\n   \u2713 MSFT     done          calls=0  idle=112s\n   \u2713 NKE      done          calls=0  idle=82s\n   \u2026 HON      independent_verifier  calls=0  idle=9s\n   \u2026 IBM      independent_verifier  calls=0  idle=5s"}
{"ts": "2026-08-06T03:34:47+00:00", "event": "agent_stage", "cell": "MMM", "decision_date": "2026-06-05", "stage": "independent_verifier", "symbol": "MMM"}
{"ts": "2026-08-06T03:35:05+00:00", "event": "cell_done", "cell": "AAPL", "decision_date": "2026-06-12", "outcome": "ok", "health": "ok", "n_reads": 11, "elapsed_ms": 138170, "n_llm_calls": 4, "tokens_in": 112941, "tokens_out": 11659, "cost_usd": 0.102493647952, "cost_basis": "reported", "detail": ""}
{"ts": "2026-08-06T03:35:05+00:00", "event": "run_grid", "grid": "== cells\n   \u2713 AMZN     done          calls=0  idle=121s\n   \u2713 HD       final_pm      calls=0  idle=25s\n   \u2713 MMM      independent_verifier  calls=0  idle=17s\n   \u2713 WMT      independent_verifier  calls=0  idle=121s\n   \u2713 AAPL     done          calls=0  idle=0s\n   \u2713 CAT      done          calls=0  idle=29s\n   \u2713 JNJ      final_pm      calls=0  idle=17s\n   \u2713 JPM      qualitative_specialist  calls=0  idle=21s\n   \u2713 AXP      done          calls=0  idle=186s\n   \u2713 KO       final_pm      calls=0  idle=24s\n   \u2713 MCD      done          calls=0  idle=138s\n   \u2713 MRK      done          calls=0  idle=140s\n   \u2713 AMGN     done          calls=0  idle=104s\n   \u2713 MSFT     done          calls=0  idle=129s\n   \u2713 NKE      done          calls=0  idle=100s\n   \u2026 HON      independent_verifier  calls=0  idle=27s\n   \u2026 IBM      independent_verifier  calls=0  idle=23s"}
{"ts": "2026-08-06T03:35:05+00:00", "event": "cell_start", "cell": "MMM", "decision_date": "2026-06-22"}
{"ts": "2026-08-06T03:35:05+00:00", "event": "agent_stage", "cell": "MMM", "decision_date": "2026-06-22", "stage": "evidence", "symbol": "MMM"}
{"ts": "2026-08-06T03:35:05+00:00", "event": "agent_stage", "cell": "MMM", "decision_date": "2026-06-22", "stage": "evidence_quantitative", "symbol": "MMM"}
{"ts": "2026-08-06T03:35:05+00:00", "event": "data_read", "cell": "MMM", "kind": "fundamentals", "source": "massive_fundamentals", "status": "ok", "cached": false, "raw_chars": 4521, "capped_chars": 4521, "raw_tokens": 1130, "capped_tokens": 1130}
{"ts": "2026-08-06T03:35:05+00:00", "event": "data_read", "cell": "MMM", "kind": "ratios", "source": "valuation_ratios", "status": "ok", "cached": false, "raw_chars": 245823, "capped_chars": 245823, "raw_tokens": 61456, "capped_tokens": 61456}
{"ts": "2026-08-06T03:35:05+00:00", "event": "data_read", "cell": "MMM", "kind": "prices", "source": "massive_prices", "status": "ok", "cached": false, "raw_chars": 806, "capped_chars": 806, "raw_tokens": 202, "capped_tokens": 202}
{"ts": "2026-08-06T03:35:08+00:00", "event": "agent_stage", "cell": "IBM", "decision_date": "2026-06-22", "stage": "final_pm", "symbol": "IBM"}
{"ts": "2026-08-06T03:35:08+00:00", "event": "run_grid", "grid": "== cells\n   \u2713 AMZN     done          calls=0  idle=123s\n   \u2713 HD       final_pm      calls=0  idle=28s\n   \u2713 MMM      evidence_quantitative  calls=0  idle=2s\n   \u2713 WMT      independent_verifier  calls=0  idle=124s\n   \u2713 AAPL     done          calls=0  idle=2s\n   \u2713 CAT      done          calls=0  idle=32s\n   \u2713 JNJ      final_pm      calls=0  idle=20s\n   \u2713 JPM      qualitative_specialist  calls=0  idle=24s\n   \u2713 AXP      done          calls=0  idle=189s\n   \u2713 KO       final_pm      calls=0  idle=27s\n   \u2713 MCD      done          calls=0  idle=141s\n   \u2713 MRK      done          calls=0  idle=142s\n   \u2713 AMGN     done          calls=0  idle=107s\n   \u2713 MSFT     done          calls=0  idle=132s\n   \u2713 NKE      done          calls=0  idle=103s\n   \u2026 HON      independent_verifier  calls=0  idle=29s\n   \u2026 IBM      final_pm      calls=0  idle=0s"}
{"ts": "2026-08-06T03:35:11+00:00", "event": "agent_stage", "cell": "MMM", "decision_date": "2026-06-05", "stage": "final_pm", "symbol": "MMM"}
{"ts": "2026-08-06T03:35:11+00:00", "event": "run_grid", "grid": "== cells\n   \u2713 AMZN     done          calls=0  idle=126s\n   \u2713 HD       final_pm      calls=0  idle=31s\n   \u2713 MMM      final_pm      calls=0  idle=0s\n   \u2713 WMT      independent_verifier  calls=0  idle=127s\n   \u2713 AAPL     done          calls=0  idle=5s\n   \u2713 CAT      done          calls=0  idle=34s\n   \u2713 JNJ      final_pm      calls=0  idle=23s\n   \u2713 JPM      qualitative_specialist  calls=0  idle=27s\n   \u2713 AXP      done          calls=0  idle=192s\n   \u2713 KO       final_pm      calls=0  idle=30s\n   \u2713 MCD      done          calls=0  idle=143s\n   \u2713 MRK      done          calls=0  idle=145s\n   \u2713 AMGN     done          calls=0  idle=110s\n   \u2713 MSFT     done          calls=0  idle=135s\n   \u2713 NKE      done          calls=0  idle=105s\n   \u2026 HON      independent_verifier  calls=0  idle=32s\n   \u2026 IBM      final_pm      calls=0  idle=2s"}
{"ts": "2026-08-06T03:35:13+00:00", "event": "data_read", "cell": "MMM", "kind": "macro", "source": "fred_macro", "status": "ok", "cached": false, "raw_chars": 30574, "capped_chars": 30574, "raw_tokens": 7644, "capped_tokens": 7644}
{"ts": "2026-08-06T03:35:13+00:00", "event": "data_read", "cell": "MMM", "kind": "news_sentiment", "source": "news_sentiment", "status": "ok", "cached": false, "raw_chars": 876, "capped_chars": 876, "raw_tokens": 219, "capped_tokens": 219}
{"ts": "2026-08-06T03:35:13+00:00", "event": "agent_stage", "cell": "MMM", "decision_date": "2026-06-22", "stage": "evidence_qualitative", "symbol": "MMM"}
{"ts": "2026-08-06T03:35:13+00:00", "event": "run_grid", "grid": "== cells\n   \u2713 AMZN     done          calls=0  idle=129s\n   \u2713 HD       final_pm      calls=0  idle=34s\n   \u2713 MMM      evidence_qualitative  calls=0  idle=0s\n   \u2713 WMT      independent_verifier  calls=0  idle=129s\n   \u2713 AAPL     done          calls=0  idle=8s\n   \u2713 CAT      done          calls=0  idle=37s\n   \u2713 JNJ      final_pm      calls=0  idle=26s\n   \u2713 JPM      qualitative_specialist  calls=0  idle=30s\n   \u2713 AXP      done          calls=0  idle=195s\n   \u2713 KO       final_pm      calls=0  idle=32s\n   \u2713 MCD      done          calls=0  idle=146s\n   \u2713 MRK      done          calls=0  idle=148s\n   \u2713 AMGN     done          calls=0  idle=112s\n   \u2713 MSFT     done          calls=0  idle=138s\n   \u2713 NKE      done          calls=0  idle=108s\n   \u2026 HON      independent_verifier  calls=0  idle=35s\n   \u2026 IBM      final_pm      calls=0  idle=5s"}
{"ts": "2026-08-06T03:35:13+00:00", "event": "data_read", "cell": "MMM", "kind": "news", "source": "massive_news", "status": "ok", "cached": false, "raw_chars": 9001, "capped_chars": 1806, "raw_tokens": 2250, "capped_tokens": 452}
{"ts": "2026-08-06T03:35:13+00:00", "event": "data_read", "cell": "MMM", "kind": "web_search", "source": "web_search", "status": "ok", "cached": false, "raw_chars": 34651, "capped_chars": 29835, "raw_tokens": 8663, "capped_tokens": 7459}
{"ts": "2026-08-06T03:35:13+00:00", "event": "data_read", "cell": "MMM", "kind": "web_search", "source": "web_search", "status": "ok", "cached": false, "raw_chars": 16282, "capped_chars": 10550, "raw_tokens": 4070, "capped_tokens": 2638}
{"ts": "2026-08-06T03:35:13+00:00", "event": "data_read", "cell": "MMM", "kind": "web_search", "source": "web_search", "status": "ok", "cached": false, "raw_chars": 12357, "capped_chars": 8408, "raw_tokens": 3089, "capped_tokens": 2102}
{"ts": "2026-08-06T03:35:13+00:00", "event": "data_read", "cell": "MMM", "kind": "web_search", "source": "web_search", "status": "ok", "cached": false, "raw_chars": 16521, "capped_chars": 12648, "raw_tokens": 4130, "capped_tokens": 3162}
{"ts": "2026-08-06T03:35:13+00:00", "event": "data_read", "cell": "MMM", "kind": "web_search", "source": "web_search", "status": "ok", "cached": false, "raw_chars": 8563, "capped_chars": 4227, "raw_tokens": 2141, "capped_tokens": 1057}
{"ts": "2026-08-06T03:35:13+00:00", "event": "agent_stage", "cell": "MMM", "decision_date": "2026-06-22", "stage": "quantitative_specialist", "symbol": "MMM"}
{"ts": "2026-08-06T03:35:13+00:00", "event": "agent_stage", "cell": "MMM", "decision_date": "2026-06-22", "stage": "qualitative_specialist", "symbol": "MMM"}
{"ts": "2026-08-06T03:35:22+00:00", "event": "cell_done", "cell": "KO", "decision_date": "2026-06-12", "outcome": "ok", "health": "ok", "n_reads": 11, "elapsed_ms": 147153, "n_llm_calls": 4, "tokens_in": 79198, "tokens_out": 9785, "cost_usd": 0.0747099814, "cost_basis": "reported", "detail": ""}
{"ts": "2026-08-06T03:35:22+00:00", "event": "run_grid", "grid": "== cells\n   \u2713 AMZN     done          calls=0  idle=138s\n   \u2713 HD       final_pm      calls=0  idle=42s\n   \u2713 MMM      qualitative_specialist  calls=0  idle=8s\n   \u2713 WMT      independent_verifier  calls=0  idle=138s\n   \u2713 AAPL     done          calls=0  idle=17s\n   \u2713 CAT      done          calls=0  idle=46s\n   \u2713 JNJ      final_pm      calls=0  idle=35s\n   \u2713 JPM      qualitative_specialist  calls=0  idle=38s\n   \u2713 AXP      done          calls=0  idle=203s\n   \u2713 KO       done          calls=0  idle=0s\n   \u2713 MCD      done          calls=0  idle=155s\n   \u2713 MRK      done          calls=0  idle=157s\n   \u2713 AMGN     done          calls=0  idle=121s\n   \u2713 MSFT     done          calls=0  idle=147s\n   \u2713 NKE      done          calls=0  idle=117s\n   \u2026 HON      independent_verifier  calls=0  idle=44s\n   \u2026 IBM      final_pm      calls=0  idle=14s"}
{"ts": "2026-08-06T03:35:22+00:00", "event": "cell_start", "cell": "GS", "decision_date": "2026-06-26"}
{"ts": "2026-08-06T03:35:22+00:00", "event": "agent_stage", "cell": "GS", "decision_date": "2026-06-26", "stage": "evidence", "symbol": "GS"}
{"ts": "2026-08-06T03:35:22+00:00", "event": "agent_stage", "cell": "GS", "decision_date": "2026-06-26", "stage": "evidence_quantitative", "symbol": "GS"}
{"ts": "2026-08-06T03:35:22+00:00", "event": "data_read", "cell": "GS", "kind": "fundamentals", "source": "massive_fundamentals", "status": "ok", "cached": false, "raw_chars": 4443, "capped_chars": 4443, "raw_tokens": 1111, "capped_tokens": 1111}
{"ts": "2026-08-06T03:35:22+00:00", "event": "data_read", "cell": "GS", "kind": "ratios", "source": "valuation_ratios", "status": "ok", "cached": false, "raw_chars": 219599, "capped_chars": 219599, "raw_tokens": 54900, "capped_tokens": 54900}
{"ts": "2026-08-06T03:35:22+00:00", "event": "data_read", "cell": "GS", "kind": "prices", "source": "massive_prices", "status": "ok", "cached": false, "raw_chars": 890, "capped_chars": 890, "raw_tokens": 222, "capped_tokens": 222}
{"ts": "2026-08-06T03:35:24+00:00", "event": "cell_done", "cell": "HD", "decision_date": "2026-06-22", "outcome": "ok", "health": "ok", "n_reads": 11, "elapsed_ms": 140123, "n_llm_calls": 4, "tokens_in": 78291, "tokens_out": 9781, "cost_usd": 0.075522841872, "cost_basis": "reported", "detail": ""}
{"ts": "2026-08-06T03:35:24+00:00", "event": "cell_start", "cell": "MCD", "decision_date": "2026-06-26"}
{"ts": "2026-08-06T03:35:24+00:00", "event": "agent_stage", "cell": "MCD", "decision_date": "2026-06-26", "stage": "evidence", "symbol": "MCD"}
{"ts": "2026-08-06T03:35:24+00:00", "event": "agent_stage", "cell": "MCD", "decision_date": "2026-06-26", "stage": "evidence_quantitative", "symbol": "MCD"}
{"ts": "2026-08-06T03:35:24+00:00", "event": "data_read", "cell": "MCD", "kind": "fundamentals", "source": "massive_fundamentals", "status": "ok", "cached": false, "raw_chars": 4392, "capped_chars": 4392, "raw_tokens": 1098, "capped_tokens": 1098}
{"ts": "2026-08-06T03:35:24+00:00", "event": "data_read", "cell": "MCD", "kind": "ratios", "source": "valuation_ratios", "status": "ok", "cached": false, "raw_chars": 215481, "capped_chars": 215481, "raw_tokens": 53870, "capped_tokens": 53870}
{"ts": "2026-08-06T03:35:24+00:00", "event": "data_read", "cell": "MCD", "kind": "prices", "source": "massive_prices", "status": "ok", "cached": false, "raw_chars": 818, "capped_chars": 818, "raw_tokens": 204, "capped_tokens": 204}
{"ts": "2026-08-06T03:35:26+00:00", "event": "cell_done", "cell": "MMM", "decision_date": "2026-06-05", "outcome": "ok", "health": "ok", "n_reads": 11, "elapsed_ms": 159457, "n_llm_calls": 4, "tokens_in": 70175, "tokens_out": 12345, "cost_usd": 0.0727344964, "cost_basis": "reported", "detail": ""}
{"ts": "2026-08-06T03:35:26+00:00", "event": "run_grid", "grid": "== cells\n   \u2713 AMZN     done          calls=0  idle=141s\n   \u2713 HD       done          calls=0  idle=1s\n   \u2713 MMM      done          calls=0  idle=0s\n   \u2713 WMT      independent_verifier  calls=0  idle=142s\n   \u2713 AAPL     done          calls=0  idle=20s\n   \u2713 CAT      done          calls=0  idle=49s\n   \u2713 JNJ      final_pm      calls=0  idle=38s\n   \u2713 JPM      qualitative_specialist  calls=0  idle=42s\n   \u2713 AXP      done          calls=0  idle=207s\n   \u2713 KO       done          calls=0  idle=3s\n   \u2713 MCD      evidence_quantitative  calls=0  idle=1s\n   \u2713 MRK      done          calls=0  idle=160s\n   \u2713 AMGN     done          calls=0  idle=125s\n   \u2713 MSFT     done          calls=0  idle=150s\n   \u2713 NKE      done          calls=0  idle=120s\n   \u2026 HON      independent_verifier  calls=0  idle=47s\n   \u2026 IBM      final_pm      calls=0  idle=17s\n   \u2026 GS       evidence_quantitative  calls=0  idle=3s"}
{"ts": "2026-08-06T03:35:26+00:00", "event": "cell_start", "cell": "MMM", "decision_date": "2026-06-26"}
{"ts": "2026-08-06T03:35:26+00:00", "event": "agent_stage", "cell": "MMM", "decision_date": "2026-06-26", "stage": "evidence", "symbol": "MMM"}
{"ts": "2026-08-06T03:35:26+00:00", "event": "agent_stage", "cell": "MMM", "decision_date": "2026-06-26", "stage": "evidence_quantitative", "symbol": "MMM"}
{"ts": "2026-08-06T03:35:26+00:00", "event": "data_read", "cell": "MMM", "kind": "fundamentals", "source": "massive_fundamentals", "status": "ok", "cached": false, "raw_chars": 4521, "capped_chars": 4521, "raw_tokens": 1130, "capped_tokens": 1130}
{"ts": "2026-08-06T03:35:26+00:00", "event": "data_read", "cell": "MMM", "kind": "ratios", "source": "valuation_ratios", "status": "ok", "cached": false, "raw_chars": 246632, "capped_chars": 246632, "raw_tokens": 61658, "capped_tokens": 61658}
{"ts": "2026-08-06T03:35:26+00:00", "event": "data_read", "cell": "MMM", "kind": "prices", "source": "massive_prices", "status": "ok", "cached": false, "raw_chars": 806, "capped_chars": 806, "raw_tokens": 202, "capped_tokens": 202}
{"ts": "2026-08-06T03:35:26+00:00", "event": "agent_stage", "cell": "HON", "decision_date": "2026-06-22", "stage": "final_pm", "symbol": "HON"}
{"ts": "2026-08-06T03:35:27+00:00", "event": "cell_done", "cell": "JNJ", "decision_date": "2026-06-05", "outcome": "ok", "health": "ok", "n_reads": 11, "elapsed_ms": 161500, "n_llm_calls": 4, "tokens_in": 83043, "tokens_out": 12542, "cost_usd": 0.08562000504, "cost_basis": "reported", "detail": ""}
{"ts": "2026-08-06T03:35:27+00:00", "event": "cell_start", "cell": "MMM", "decision_date": "2026-07-06"}
{"ts": "2026-08-06T03:35:27+00:00", "event": "agent_stage", "cell": "MMM", "decision_date": "2026-07-06", "stage": "evidence", "symbol": "MMM"}
{"ts": "2026-08-06T03:35:27+00:00", "event": "agent_stage", "cell": "MMM", "decision_date": "2026-07-06", "stage": "evidence_quantitative", "symbol": "MMM"}
{"ts": "2026-08-06T03:35:27+00:00", "event": "data_read", "cell": "MMM", "kind": "fundamentals", "source": "massive_fundamentals", "status": "ok", "cached": false, "raw_chars": 4521, "capped_chars": 4521, "raw_tokens": 1130, "capped_tokens": 1130}
{"ts": "2026-08-06T03:35:27+00:00", "event": "data_read", "cell": "MMM", "kind": "ratios", "source": "valuation_ratios", "status": "ok", "cached": false, "raw_chars": 245603, "capped_chars": 245603, "raw_tokens": 61401, "capped_tokens": 61401}
{"ts": "2026-08-06T03:35:27+00:00", "event": "data_read", "cell": "MMM", "kind": "prices", "source": "massive_prices", "status": "ok", "cached": false, "raw_chars": 806, "capped_chars": 806, "raw_tokens": 202, "capped_tokens": 202}
{"ts": "2026-08-06T03:35:30+00:00", "event": "data_read", "cell": "MCD", "kind": "macro", "source": "fred_macro", "status": "ok", "cached": false, "raw_chars": 30557, "capped_chars": 30557, "raw_tokens": 7639, "capped_tokens": 7639}
{"ts": "2026-08-06T03:35:30+00:00", "event": "data_read", "cell": "MMM", "kind": "macro", "source": "fred_macro", "status": "ok", "cached": false, "raw_chars": 30557, "capped_chars": 30557, "raw_tokens": 7639, "capped_tokens": 7639}
{"ts": "2026-08-06T03:35:30+00:00", "event": "data_read", "cell": "GS", "kind": "macro", "source": "fred_macro", "status": "ok", "cached": false, "raw_chars": 30557, "capped_chars": 30557, "raw_tokens": 7639, "capped_tokens": 7639}
{"ts": "2026-08-06T03:35:30+00:00", "event": "data_read", "cell": "MMM", "kind": "news_sentiment", "source": "news_sentiment", "status": "ok", "cached": false, "raw_chars": 876, "capped_chars": 876, "raw_tokens": 219, "capped_tokens": 219}
{"ts": "2026-08-06T03:35:30+00:00", "event": "data_read", "cell": "MCD", "kind": "news_sentiment", "source": "news_sentiment", "status": "ok", "cached": false, "raw_chars": 1384, "capped_chars": 1384, "raw_tokens": 346, "capped_tokens": 346}
{"ts": "2026-08-06T03:35:30+00:00", "event": "agent_stage", "cell": "MMM", "decision_date": "2026-06-26", "stage": "evidence_qualitative", "symbol": "MMM"}
{"ts": "2026-08-06T03:35:30+00:00", "event": "agent_stage", "cell": "MCD", "decision_date": "2026-06-26", "stage": "evidence_qualitative", "symbol": "MCD"}
{"ts": "2026-08-06T03:35:30+00:00", "event": "data_read", "cell": "GS", "kind": "news_sentiment", "source": "news_sentiment", "status": "ok", "cached": false, "raw_chars": 2877, "capped_chars": 2877, "raw_tokens": 719, "capped_tokens": 719}
{"ts": "2026-08-06T03:35:30+00:00", "event": "run_grid", "grid": "== cells\n   \u2713 AMZN     done          calls=0  idle=146s\n   \u2713 HD       done          calls=0  idle=5s\n   \u2713 MMM      evidence_qualitative  calls=0  idle=0s\n   \u2713 WMT      independent_verifier  calls=0  idle=146s\n   \u2713 AAPL     done          calls=0  idle=24s\n   \u2713 CAT      done          calls=0  idle=54s\n   \u2713 JNJ      done          calls=0  idle=2s\n   \u2713 JPM      qualitative_specialist  calls=0  idle=46s\n   \u2713 AXP      done          calls=0  idle=211s\n   \u2713 KO       done          calls=0  idle=7s\n   \u2713 MCD      evidence_quantitative  calls=0  idle=5s\n   \u2713 MRK      done          calls=0  idle=165s\n   \u2713 AMGN     done          calls=0  idle=129s\n   \u2713 MSFT     done          calls=0  idle=154s\n   \u2713 NKE      done          calls=0  idle=125s\n   \u2026 HON      final_pm      calls=0  idle=3s\n   \u2026 IBM      final_pm      calls=0  idle=22s\n   \u2026 GS       evidence_quantitative  calls=0  idle=7s"}
{"ts": "2026-08-06T03:35:30+00:00", "event": "agent_stage", "cell": "GS", "decision_date": "2026-06-26", "stage": "evidence_qualitative", "symbol": "GS"}
{"ts": "2026-08-06T03:35:30+00:00", "event": "data_read", "cell": "MCD", "kind": "news", "source": "massive_news", "status": "ok", "cached": false, "raw_chars": 6850, "capped_chars": 1540, "raw_tokens": 1712, "capped_tokens": 385}
{"ts": "2026-08-06T03:35:30+00:00", "event": "data_read", "cell": "MMM", "kind": "news", "source": "massive_news", "status": "ok", "cached": false, "raw_chars": 2046, "capped_chars": 507, "raw_tokens": 512, "capped_tokens": 127}
{"ts": "2026-08-06T03:35:30+00:00", "event": "data_read", "cell": "GS", "kind": "news", "source": "massive_news", "status": "ok", "cached": false, "raw_chars": 88283, "capped_chars": 9668, "raw_tokens": 22071, "capped_tokens": 2417}
{"ts": "2026-08-06T03:35:30+00:00", "event": "data_read", "cell": "MCD", "kind": "web_search", "source": "web_search", "status": "ok", "cached": false, "raw_chars": 31971, "capped_chars": 28184, "raw_tokens": 7993, "capped_tokens": 7046}
{"ts": "2026-08-06T03:35:30+00:00", "event": "data_read", "cell": "MMM", "kind": "web_search", "source": "web_search", "status": "ok", "cached": false, "raw_chars": 33497, "capped_chars": 28881, "raw_tokens": 8374, "capped_tokens": 7220}
{"ts": "2026-08-06T03:35:30+00:00", "event": "data_read", "cell": "MCD", "kind": "web_search", "source": "web_search", "status": "ok", "cached": false, "raw_chars": 10191, "capped_chars": 7454, "raw_tokens": 2548, "capped_tokens": 1864}
{"ts": "2026-08-06T03:35:30+00:00", "event": "data_read", "cell": "GS", "kind": "web_search", "source": "web_search", "status": "ok", "cached": false, "raw_chars": 35842, "capped_chars": 31841, "raw_tokens": 8960, "capped_tokens": 7960}
{"ts": "2026-08-06T03:35:30+00:00", "event": "data_read", "cell": "MMM", "kind": "web_search", "source": "web_search", "status": "ok", "cached": false, "raw_chars": 14143, "capped_chars": 11251, "raw_tokens": 3536, "capped_tokens": 2813}
{"ts": "2026-08-06T03:35:30+00:00", "event": "data_read", "cell": "MCD", "kind": "web_search", "source": "web_search", "status": "ok", "cached": false, "raw_chars": 13663, "capped_chars": 10076, "raw_tokens": 3416, "capped_tokens": 2519}
{"ts": "2026-08-06T03:35:30+00:00", "event": "data_read", "cell": "MMM", "kind": "web_search", "source": "web_search", "status": "ok", "cached": false, "raw_chars": 14525, "capped_chars": 10538, "raw_tokens": 3631, "capped_tokens": 2634}
{"ts": "2026-08-06T03:35:30+00:00", "event": "data_read", "cell": "GS", "kind": "web_search", "source": "web_search", "status": "ok", "cached": false, "raw_chars": 21333, "capped_chars": 17131, "raw_tokens": 5333, "capped_tokens": 4283}
{"ts": "2026-08-06T03:35:30+00:00", "event": "data_read", "cell": "MCD", "kind": "web_search", "source": "web_search", "status": "ok", "cached": false, "raw_chars": 17569, "capped_chars": 14587, "raw_tokens": 4392, "capped_tokens": 3647}
{"ts": "2026-08-06T03:35:30+00:00", "event": "data_read", "cell": "MMM", "kind": "web_search", "source": "web_search", "status": "ok", "cached": false, "raw_chars": 15302, "capped_chars": 11426, "raw_tokens": 3826, "capped_tokens": 2856}
{"ts": "2026-08-06T03:35:30+00:00", "event": "data_read", "cell": "GS", "kind": "web_search", "source": "web_search", "status": "ok", "cached": false, "raw_chars": 19544, "capped_chars": 15543, "raw_tokens": 4886, "capped_tokens": 3886}
{"ts": "2026-08-06T03:35:30+00:00", "event": "data_read", "cell": "MCD", "kind": "web_search", "source": "web_search", "status": "ok", "cached": false, "raw_chars": 4409, "capped_chars": 2283, "raw_tokens": 1102, "capped_tokens": 571}
{"ts": "2026-08-06T03:35:30+00:00", "event": "agent_stage", "cell": "MCD", "decision_date": "2026-06-26", "stage": "quantitative_specialist", "symbol": "MCD"}
{"ts": "2026-08-06T03:35:30+00:00", "event": "data_read", "cell": "MMM", "kind": "web_search", "source": "web_search", "status": "ok", "cached": false, "raw_chars": 8077, "capped_chars": 4561, "raw_tokens": 2019, "capped_tokens": 1140}
{"ts": "2026-08-06T03:35:30+00:00", "event": "agent_stage", "cell": "MCD", "decision_date": "2026-06-26", "stage": "qualitative_specialist", "symbol": "MCD"}
{"ts": "2026-08-06T03:35:30+00:00", "event": "data_read", "cell": "GS", "kind": "web_search", "source": "web_search", "status": "ok", "cached": false, "raw_chars": 13317, "capped_chars": 10457, "raw_tokens": 3329, "capped_tokens": 2614}
{"ts": "2026-08-06T03:35:30+00:00", "event": "agent_stage", "cell": "MMM", "decision_date": "2026-06-26", "stage": "quantitative_specialist", "symbol": "MMM"}
{"ts": "2026-08-06T03:35:30+00:00", "event": "agent_stage", "cell": "MMM", "decision_date": "2026-06-26", "stage": "qualitative_specialist", "symbol": "MMM"}
{"ts": "2026-08-06T03:35:30+00:00", "event": "data_read", "cell": "GS", "kind": "web_search", "source": "web_search", "status": "ok", "cached": false, "raw_chars": 4239, "capped_chars": 1587, "raw_tokens": 1060, "capped_tokens": 397}
{"ts": "2026-08-06T03:35:30+00:00", "event": "agent_stage", "cell": "GS", "decision_date": "2026-06-26", "stage": "quantitative_specialist", "symbol": "GS"}
{"ts": "2026-08-06T03:35:30+00:00", "event": "agent_stage", "cell": "GS", "decision_date": "2026-06-26", "stage": "qualitative_specialist", "symbol": "GS"}
{"ts": "2026-08-06T03:35:35+00:00", "event": "data_read", "cell": "MMM", "kind": "macro", "source": "fred_macro", "status": "ok", "cached": false, "raw_chars": 30321, "capped_chars": 30321, "raw_tokens": 7580, "capped_tokens": 7580}
{"ts": "2026-08-06T03:35:35+00:00", "event": "data_read", "cell": "MMM", "kind": "news_sentiment", "source": "news_sentiment", "status": "ok", "cached": false, "raw_chars": 970, "capped_chars": 970, "raw_tokens": 242, "capped_tokens": 242}
{"ts": "2026-08-06T03:35:35+00:00", "event": "agent_stage", "cell": "MMM", "decision_date": "2026-07-06", "stage": "evidence_qualitative", "symbol": "MMM"}
{"ts": "2026-08-06T03:35:35+00:00", "event": "run_grid", "grid": "== cells\n   \u2713 AMZN     done          calls=0  idle=151s\n   \u2713 HD       done          calls=0  idle=11s\n   \u2713 MMM      evidence_qualitative  calls=0  idle=0s\n   \u2713 WMT      independent_verifier  calls=0  idle=151s\n   \u2713 AAPL     done          calls=0  idle=30s\n   \u2713 CAT      done          calls=0  idle=59s\n   \u2713 JNJ      done          calls=0  idle=7s\n   \u2713 JPM      qualitative_specialist  calls=0  idle=51s\n   \u2713 AXP      done          calls=0  idle=216s\n   \u2713 KO       done          calls=0  idle=12s\n   \u2713 MCD      qualitative_specialist  calls=0  idle=5s\n   \u2713 MRK      done          calls=0  idle=170s\n   \u2713 AMGN     done          calls=0  idle=134s\n   \u2713 MSFT     done          calls=0  idle=160s\n   \u2713 NKE      done          calls=0  idle=130s\n   \u2026 HON      final_pm      calls=0  idle=8s\n   \u2026 IBM      final_pm      calls=0  idle=27s\n   \u2026 GS       qualitative_specialist  calls=0  idle=5s"}
{"ts": "2026-08-06T03:35:35+00:00", "event": "data_read", "cell": "MMM", "kind": "news", "source": "massive_news", "status": "ok", "cached": false, "raw_chars": 7736, "capped_chars": 2450, "raw_tokens": 1934, "capped_tokens": 612}
{"ts": "2026-08-06T03:35:35+00:00", "event": "data_read", "cell": "MMM", "kind": "web_search", "source": "web_search", "status": "ok", "cached": false, "raw_chars": 14738, "capped_chars": 10707, "raw_tokens": 3684, "capped_tokens": 2677}
{"ts": "2026-08-06T03:35:35+00:00", "event": "data_read", "cell": "MMM", "kind": "web_search", "source": "web_search", "status": "ok", "cached": false, "raw_chars": 13982, "capped_chars": 10667, "raw_tokens": 3496, "capped_tokens": 2667}
{"ts": "2026-08-06T03:35:35+00:00", "event": "data_read", "cell": "MMM", "kind": "web_search", "source": "web_search", "status": "ok", "cached": false, "raw_chars": 10593, "capped_chars": 6786, "raw_tokens": 2648, "capped_tokens": 1696}
{"ts": "2026-08-06T03:35:35+00:00", "event": "data_read", "cell": "MMM", "kind": "web_search", "source": "web_search", "status": "ok", "cached": false, "raw_chars": 16025, "capped_chars": 11873, "raw_tokens": 4006, "capped_tokens": 2968}
{"ts": "2026-08-06T03:35:35+00:00", "event": "data_read", "cell": "MMM", "kind": "web_search", "source": "web_search", "status": "ok", "cached": false, "raw_chars": 4456, "capped_chars": 2274, "raw_tokens": 1114, "capped_tokens": 568}
{"ts": "2026-08-06T03:35:35+00:00", "event": "agent_stage", "cell": "MMM", "decision_date": "2026-07-06", "stage": "quantitative_specialist", "symbol": "MMM"}
{"ts": "2026-08-06T03:35:35+00:00", "event": "agent_stage", "cell": "MMM", "decision_date": "2026-07-06", "stage": "qualitative_specialist", "symbol": "MMM"}
{"ts": "2026-08-06T03:35:36+00:00", "event": "cell_done", "cell": "IBM", "decision_date": "2026-06-22", "outcome": "ok", "health": "ok", "n_reads": 11, "elapsed_ms": 131763, "n_llm_calls": 4, "tokens_in": 91163, "tokens_out": 13692, "cost_usd": 0.0902167314, "cost_basis": "reported", "detail": ""}
{"ts": "2026-08-06T03:35:36+00:00", "event": "cell_start", "cell": "IBM", "decision_date": "2026-07-10"}
{"ts": "2026-08-06T03:35:36+00:00", "event": "agent_stage", "cell": "IBM", "decision_date": "2026-07-10", "stage": "evidence", "symbol": "IBM"}
{"ts": "2026-08-06T03:35:36+00:00", "event": "agent_stage", "cell": "IBM", "decision_date": "2026-07-10", "stage": "evidence_quantitative", "symbol": "IBM"}
{"ts": "2026-08-06T03:35:36+00:00", "event": "data_read", "cell": "IBM", "kind": "fundamentals", "source": "massive_fundamentals", "status": "ok", "cached": false, "raw_chars": 3795, "capped_chars": 3795, "raw_tokens": 949, "capped_tokens": 949}
{"ts": "2026-08-06T03:35:36+00:00", "event": "data_read", "cell": "IBM", "kind": "ratios", "source": "valuation_ratios", "status": "ok", "cached": false, "raw_chars": 224571, "capped_chars": 224571, "raw_tokens": 56143, "capped_tokens": 56143}
{"ts": "2026-08-06T03:35:36+00:00", "event": "data_read", "cell": "IBM", "kind": "prices", "source": "massive_prices", "status": "ok", "cached": false, "raw_chars": 842, "capped_chars": 842, "raw_tokens": 210, "capped_tokens": 210}
{"ts": "2026-08-06T03:35:42+00:00", "event": "cell_done", "cell": "HON", "decision_date": "2026-06-22", "outcome": "ok", "health": "ok", "n_reads": 11, "elapsed_ms": 141719, "n_llm_calls": 4, "tokens_in": 78440, "tokens_out": 11114, "cost_usd": 0.0759677664, "cost_basis": "reported", "detail": ""}
{"ts": "2026-08-06T03:35:42+00:00", "event": "run_grid", "grid": "== cells\n   \u2713 AMZN     done          calls=0  idle=158s\n   \u2713 HD       done          calls=0  idle=18s\n   \u2713 MMM      qualitative_specialist  calls=0  idle=6s\n   \u2713 WMT      independent_verifier  calls=0  idle=158s\n   \u2713 AAPL     done          calls=0  idle=37s\n   \u2713 CAT      done          calls=0  idle=66s\n   \u2713 JNJ      done          calls=0  idle=14s\n   \u2713 JPM      qualitative_specialist  calls=0  idle=58s\n   \u2713 AXP      done          calls=0  idle=223s\n   \u2713 KO       done          calls=0  idle=19s\n   \u2713 MCD      qualitative_specialist  calls=0  idle=12s\n   \u2713 MRK      done          calls=0  idle=177s\n   \u2713 AMGN     done          calls=0  idle=141s\n   \u2713 MSFT     done          calls=0  idle=167s\n   \u2713 NKE      done          calls=0  idle=137s\n   \u2713 HON      done          calls=0  idle=0s\n   \u2713 IBM      evidence_quantitative  calls=0  idle=5s\n   \u2026 GS       qualitative_specialist  calls=0  idle=12s"}
{"ts": "2026-08-06T03:35:42+00:00", "event": "cell_start", "cell": "MMM", "decision_date": "2026-07-10"}
{"ts": "2026-08-06T03:35:42+00:00", "event": "agent_stage", "cell": "MMM", "decision_date": "2026-07-10", "stage": "evidence", "symbol": "MMM"}
{"ts": "2026-08-06T03:35:42+00:00", "event": "agent_stage", "cell": "MMM", "decision_date": "2026-07-10", "stage": "evidence_quantitative", "symbol": "MMM"}
{"ts": "2026-08-06T03:35:42+00:00", "event": "data_read", "cell": "MMM", "kind": "fundamentals", "source": "massive_fundamentals", "status": "ok", "cached": false, "raw_chars": 4521, "capped_chars": 4521, "raw_tokens": 1130, "capped_tokens": 1130}
{"ts": "2026-08-06T03:35:42+00:00", "event": "data_read", "cell": "MMM", "kind": "ratios", "source": "valuation_ratios", "status": "ok", "cached": false, "raw_chars": 246418, "capped_chars": 246418, "raw_tokens": 61604, "capped_tokens": 61604}
{"ts": "2026-08-06T03:35:42+00:00", "event": "data_read", "cell": "MMM", "kind": "prices", "source": "massive_prices", "status": "ok", "cached": false, "raw_chars": 806, "capped_chars": 806, "raw_tokens": 202, "capped_tokens": 202}
{"ts": "2026-08-06T03:35:43+00:00", "event": "cell_retry", "cell": "WMT", "decision_date": "2026-05-29", "attempt": 1, "outcome": "parse_error", "detail": "tool call 'submit_verification' had unparseable arguments: Unterminated string starting at: line 1 column 58933 (char 58932)"}
{"ts": "2026-08-06T03:35:43+00:00", "event": "agent_stage", "cell": "WMT", "decision_date": "2026-05-29", "stage": "evidence", "symbol": "WMT"}
{"ts": "2026-08-06T03:35:43+00:00", "event": "agent_stage", "cell": "WMT", "decision_date": "2026-05-29", "stage": "evidence_quantitative", "symbol": "WMT"}
{"ts": "2026-08-06T03:35:43+00:00", "event": "data_read", "cell": "WMT", "kind": "fundamentals", "source": "massive_fundamentals", "status": "ok", "cached": false, "raw_chars": 4559, "capped_chars": 4559, "raw_tokens": 1140, "capped_tokens": 1140}
{"ts": "2026-08-06T03:35:43+00:00", "event": "data_read", "cell": "WMT", "kind": "ratios", "source": "valuation_ratios", "status": "ok", "cached": false, "raw_chars": 243140, "capped_chars": 243140, "raw_tokens": 60785, "capped_tokens": 60785}
{"ts": "2026-08-06T03:35:43+00:00", "event": "data_read", "cell": "WMT", "kind": "prices", "source": "massive_prices", "status": "ok", "cached": false, "raw_chars": 842, "capped_chars": 842, "raw_tokens": 210, "capped_tokens": 210}
{"ts": "2026-08-06T03:35:44+00:00", "event": "data_read", "cell": "IBM", "kind": "macro", "source": "fred_macro", "status": "ok", "cached": false, "raw_chars": 30296, "capped_chars": 30296, "raw_tokens": 7574, "capped_tokens": 7574}
{"ts": "2026-08-06T03:35:44+00:00", "event": "data_read", "cell": "MMM", "kind": "macro", "source": "fred_macro", "status": "ok", "cached": false, "raw_chars": 30296, "capped_chars": 30296, "raw_tokens": 7574, "capped_tokens": 7574}
{"ts": "2026-08-06T03:35:44+00:00", "event": "data_read", "cell": "IBM", "kind": "news_sentiment", "source": "news_sentiment", "status": "ok", "cached": false, "raw_chars": 2825, "capped_chars": 2825, "raw_tokens": 706, "capped_tokens": 706}
{"ts": "2026-08-06T03:35:44+00:00", "event": "data_read", "cell": "MMM", "kind": "news_sentiment", "source": "news_sentiment", "status": "ok", "cached": false, "raw_chars": 970, "capped_chars": 970, "raw_tokens": 242, "capped_tokens": 242}
{"ts": "2026-08-06T03:35:44+00:00", "event": "agent_stage", "cell": "IBM", "decision_date": "2026-07-10", "stage": "evidence_qualitative", "symbol": "IBM"}
{"ts": "2026-08-06T03:35:44+00:00", "event": "agent_stage", "cell": "MMM", "decision_date": "2026-07-10", "stage": "evidence_qualitative", "symbol": "MMM"}
{"ts": "2026-08-06T03:35:44+00:00", "event": "data_read", "cell": "IBM", "kind": "news", "source": "massive_news", "status": "ok", "cached": false, "raw_chars": 36999, "capped_chars": 6813, "raw_tokens": 9250, "capped_tokens": 1703}
{"ts": "2026-08-06T03:35:44+00:00", "event": "data_read", "cell": "MMM", "kind": "news", "source": "massive_news", "status": "ok", "cached": false, "raw_chars": 7736, "capped_chars": 2450, "raw_tokens": 1934, "capped_tokens": 612}
{"ts": "2026-08-06T03:35:44+00:00", "event": "data_read", "cell": "MMM", "kind": "web_search", "source": "web_search", "status": "ok", "cached": false, "raw_chars": 15053, "capped_chars": 11305, "raw_tokens": 3763, "capped_tokens": 2826}
{"ts": "2026-08-06T03:35:44+00:00", "event": "data_read", "cell": "IBM", "kind": "web_search", "source": "web_search", "status": "ok", "cached": false, "raw_chars": 29818, "capped_chars": 23527, "raw_tokens": 7454, "capped_tokens": 5882}
{"ts": "2026-08-06T03:35:44+00:00", "event": "data_read", "cell": "MMM", "kind": "web_search", "source": "web_search", "status": "ok", "cached": false, "raw_chars": 13422, "capped_chars": 10366, "raw_tokens": 3356, "capped_tokens": 2592}
{"ts": "2026-08-06T03:35:44+00:00", "event": "data_read", "cell": "MMM", "kind": "web_search", "source": "web_search", "status": "ok", "cached": false, "raw_chars": 12021, "capped_chars": 8140, "raw_tokens": 3005, "capped_tokens": 2035}
{"ts": "2026-08-06T03:35:44+00:00", "event": "data_read", "cell": "IBM", "kind": "web_search", "source": "web_search", "status": "ok", "cached": false, "raw_chars": 25378, "capped_chars": 21498, "raw_tokens": 6344, "capped_tokens": 5374}
{"ts": "2026-08-06T03:35:44+00:00", "event": "data_read", "cell": "MMM", "kind": "web_search", "source": "web_search", "status": "ok", "cached": false, "raw_chars": 14427, "capped_chars": 10361, "raw_tokens": 3607, "capped_tokens": 2590}
{"ts": "2026-08-06T03:35:44+00:00", "event": "data_read", "cell": "IBM", "kind": "web_search", "source": "web_search", "status": "ok", "cached": false, "raw_chars": 24339, "capped_chars": 20734, "raw_tokens": 6085, "capped_tokens": 5184}
{"ts": "2026-08-06T03:35:44+00:00", "event": "data_read", "cell": "MMM", "kind": "web_search", "source": "web_search", "status": "ok", "cached": false, "raw_chars": 4365, "capped_chars": 2326, "raw_tokens": 1091, "capped_tokens": 582}
{"ts": "2026-08-06T03:35:44+00:00", "event": "agent_stage", "cell": "MMM", "decision_date": "2026-07-10", "stage": "quantitative_specialist", "symbol": "MMM"}
{"ts": "2026-08-06T03:35:44+00:00", "event": "agent_stage", "cell": "MMM", "decision_date": "2026-07-10", "stage": "qualitative_specialist", "symbol": "MMM"}
{"ts": "2026-08-06T03:35:44+00:00", "event": "data_read", "cell": "IBM", "kind": "web_search", "source": "web_search", "status": "ok", "cached": false, "raw_chars": 15867, "capped_chars": 12165, "raw_tokens": 3967, "capped_tokens": 3041}
{"ts": "2026-08-06T03:35:44+00:00", "event": "data_read", "cell": "IBM", "kind": "web_search", "source": "web_search", "status": "ok", "cached": false, "raw_chars": 14184, "capped_chars": 9163, "raw_tokens": 3546, "capped_tokens": 2291}
{"ts": "2026-08-06T03:35:44+00:00", "event": "agent_stage", "cell": "IBM", "decision_date": "2026-07-10", "stage": "quantitative_specialist", "symbol": "IBM"}
{"ts": "2026-08-06T03:35:44+00:00", "event": "agent_stage", "cell": "IBM", "decision_date": "2026-07-10", "stage": "qualitative_specialist", "symbol": "IBM"}
{"ts": "2026-08-06T03:35:51+00:00", "event": "data_read", "cell": "WMT", "kind": "macro", "source": "fred_macro", "status": "ok", "cached": false, "raw_chars": 30916, "capped_chars": 30916, "raw_tokens": 7729, "capped_tokens": 7729}
{"ts": "2026-08-06T03:35:51+00:00", "event": "data_read", "cell": "WMT", "kind": "news_sentiment", "source": "news_sentiment", "status": "ok", "cached": false, "raw_chars": 3620, "capped_chars": 3620, "raw_tokens": 905, "capped_tokens": 905}
{"ts": "2026-08-06T03:35:51+00:00", "event": "agent_stage", "cell": "WMT", "decision_date": "2026-05-29", "stage": "evidence_qualitative", "symbol": "WMT"}
{"ts": "2026-08-06T03:35:51+00:00", "event": "run_grid", "grid": "== cells\n   \u2713 AMZN     done          calls=0  idle=166s\n   \u2713 HD       done          calls=0  idle=26s\n   \u2713 MMM      qualitative_specialist  calls=0  idle=6s\n   \u2713 WMT      evidence_qualitative  calls=0  idle=0s\n   \u2713 AAPL     done          calls=0  idle=45s\n   \u2713 CAT      done          calls=0  idle=75s\n   \u2713 JNJ      done          calls=0  idle=23s\n   \u2713 JPM      qualitative_specialist  calls=0  idle=67s\n   \u2713 AXP      done          calls=0  idle=232s\n   \u2713 KO       done          calls=0  idle=28s\n   \u2713 MCD      qualitative_specialist  calls=0  idle=20s\n   \u2713 MRK      done          calls=0  idle=185s\n   \u2713 AMGN     done          calls=0  idle=150s\n   \u2713 MSFT     done          calls=0  idle=175s\n   \u2713 NKE      done          calls=0  idle=146s\n   \u2713 HON      done          calls=0  idle=8s\n   \u2713 IBM      qualitative_specialist  calls=0  idle=6s\n   \u2026 GS       qualitative_specialist  calls=0  idle=20s"}
{"ts": "2026-08-06T03:35:51+00:00", "event": "data_read", "cell": "WMT", "kind": "news", "source": "massive_news", "status": "ok", "cached": false, "raw_chars": 100939, "capped_chars": 25422, "raw_tokens": 25235, "capped_tokens": 6356}
{"ts": "2026-08-06T03:35:51+00:00", "event": "data_read", "cell": "WMT", "kind": "web_search", "source": "web_search", "status": "ok", "cached": false, "raw_chars": 22109, "capped_chars": 18795, "raw_tokens": 5527, "capped_tokens": 4699}
{"ts": "2026-08-06T03:35:51+00:00", "event": "data_read", "cell": "WMT", "kind": "web_search", "source": "web_search", "status": "ok", "cached": false, "raw_chars": 21576, "capped_chars": 17404, "raw_tokens": 5394, "capped_tokens": 4351}
{"ts": "2026-08-06T03:35:51+00:00", "event": "data_read", "cell": "WMT", "kind": "web_search", "source": "web_search", "status": "ok", "cached": false, "raw_chars": 21469, "capped_chars": 17911, "raw_tokens": 5367, "capped_tokens": 4478}
{"ts": "2026-08-06T03:35:51+00:00", "event": "data_read", "cell": "WMT", "kind": "web_search", "source": "web_search", "status": "ok", "cached": false, "raw_chars": 17506, "capped_chars": 14501, "raw_tokens": 4376, "capped_tokens": 3625}
{"ts": "2026-08-06T03:35:51+00:00", "event": "data_read", "cell": "WMT", "kind": "web_search", "source": "web_search", "status": "ok", "cached": false, "raw_chars": 20646, "capped_chars": 16035, "raw_tokens": 5162, "capped_tokens": 4009}
{"ts": "2026-08-06T03:35:51+00:00", "event": "agent_stage", "cell": "WMT", "decision_date": "2026-05-29", "stage": "quantitative_specialist", "symbol": "WMT"}
{"ts": "2026-08-06T03:35:51+00:00", "event": "agent_stage", "cell": "WMT", "decision_date": "2026-05-29", "stage": "qualitative_specialist", "symbol": "WMT"}
{"ts": "2026-08-06T03:35:56+00:00", "event": "agent_stage", "cell": "JNJ", "decision_date": "2026-06-22", "stage": "independent_verifier", "symbol": "JNJ"}
{"ts": "2026-08-06T03:35:56+00:00", "event": "run_grid", "grid": "== cells\n   \u2713 AMZN     done          calls=0  idle=172s\n   \u2713 HD       done          calls=0  idle=31s\n   \u2713 MMM      qualitative_specialist  calls=0  idle=12s\n   \u2713 WMT      qualitative_specialist  calls=0  idle=5s\n   \u2713 AAPL     done          calls=0  idle=50s\n   \u2713 CAT      done          calls=0  idle=80s\n   \u2713 JNJ      independent_verifier  calls=0  idle=0s\n   \u2713 JPM      qualitative_specialist  calls=0  idle=72s\n   \u2713 AXP      done          calls=0  idle=237s\n   \u2713 KO       done          calls=0  idle=33s\n   \u2713 MCD      qualitative_specialist  calls=0  idle=25s\n   \u2713 MRK      done          calls=0  idle=191s\n   \u2713 AMGN     done          calls=0  idle=155s\n   \u2713 MSFT     done          calls=0  idle=180s\n   \u2713 NKE      done          calls=0  idle=151s\n   \u2713 HON      done          calls=0  idle=13s\n   \u2713 IBM      qualitative_specialist  calls=0  idle=12s\n   \u2026 GS       qualitative_specialist  calls=0  idle=25s"}
{"ts": "2026-08-06T03:36:03+00:00", "event": "agent_stage", "cell": "JPM", "decision_date": "2026-06-22", "stage": "independent_verifier", "symbol": "JPM"}
{"ts": "2026-08-06T03:36:03+00:00", "event": "run_grid", "grid": "== cells\n   \u2713 AMZN     done          calls=0  idle=179s\n   \u2713 HD       done          calls=0  idle=39s\n   \u2713 MMM      qualitative_specialist  calls=0  idle=19s\n   \u2713 WMT      qualitative_specialist  calls=0  idle=12s\n   \u2713 AAPL     done          calls=0  idle=58s\n   \u2713 CAT      done          calls=0  idle=87s\n   \u2713 JNJ      independent_verifier  calls=0  idle=7s\n   \u2713 JPM      independent_verifier  calls=0  idle=0s\n   \u2713 AXP      done          calls=0  idle=244s\n   \u2713 KO       done          calls=0  idle=40s\n   \u2713 MCD      qualitative_specialist  calls=0  idle=33s\n   \u2713 MRK      done          calls=0  idle=198s\n   \u2713 AMGN     done          calls=0  idle=162s\n   \u2713 MSFT     done          calls=0  idle=188s\n   \u2713 NKE      done          calls=0  idle=158s\n   \u2713 HON      done          calls=0  idle=21s\n   \u2713 IBM      qualitative_specialist  calls=0  idle=19s\n   \u2026 GS       qualitative_specialist  calls=0  idle=33s"}
{"ts": "2026-08-06T03:36:18+00:00", "event": "agent_stage", "cell": "JNJ", "decision_date": "2026-06-22", "stage": "final_pm", "symbol": "JNJ"}
{"ts": "2026-08-06T03:36:18+00:00", "event": "run_grid", "grid": "== cells\n   \u2713 AMZN     done          calls=0  idle=194s\n   \u2713 HD       done          calls=0  idle=54s\n   \u2713 MMM      qualitative_specialist  calls=0  idle=34s\n   \u2713 WMT      qualitative_specialist  calls=0  idle=27s\n   \u2713 AAPL     done          calls=0  idle=73s\n   \u2713 CAT      done          calls=0  idle=102s\n   \u2713 JNJ      final_pm      calls=0  idle=0s\n   \u2713 JPM      independent_verifier  calls=0  idle=15s\n   \u2713 AXP      done          calls=0  idle=259s\n   \u2713 KO       done          calls=0  idle=55s\n   \u2713 MCD      qualitative_specialist  calls=0  idle=48s\n   \u2713 MRK      done          calls=0  idle=213s\n   \u2713 AMGN     done          calls=0  idle=177s\n   \u2713 MSFT     done          calls=0  idle=203s\n   \u2713 NKE      done          calls=0  idle=173s\n   \u2713 HON      done          calls=0  idle=36s\n   \u2713 IBM      qualitative_specialist  calls=0  idle=34s\n   \u2026 GS       qualitative_specialist  calls=0  idle=48s"}
{"ts": "2026-08-06T03:36:22+00:00", "event": "agent_stage", "cell": "MMM", "decision_date": "2026-06-22", "stage": "independent_verifier", "symbol": "MMM"}
{"ts": "2026-08-06T03:36:22+00:00", "event": "run_grid", "grid": "== cells\n   \u2713 AMZN     done          calls=0  idle=198s\n   \u2713 HD       done          calls=0  idle=58s\n   \u2713 MMM      independent_verifier  calls=0  idle=0s\n   \u2713 WMT      qualitative_specialist  calls=0  idle=31s\n   \u2713 AAPL     done          calls=0  idle=77s\n   \u2713 CAT      done          calls=0  idle=106s\n   \u2713 JNJ      final_pm      calls=0  idle=3s\n   \u2713 JPM      independent_verifier  calls=0  idle=18s\n   \u2713 AXP      done          calls=0  idle=263s\n   \u2713 KO       done          calls=0  idle=59s\n   \u2713 MCD      qualitative_specialist  calls=0  idle=52s\n   \u2713 MRK      done          calls=0  idle=217s\n   \u2713 AMGN     done          calls=0  idle=181s\n   \u2713 MSFT     done          calls=0  idle=207s\n   \u2713 NKE      done          calls=0  idle=177s\n   \u2713 HON      done          calls=0  idle=39s\n   \u2713 IBM      qualitative_specialist  calls=0  idle=38s\n   \u2026 GS       qualitative_specialist  calls=0  idle=52s"}
{"ts": "2026-08-06T03:36:32+00:00", "event": "agent_stage", "cell": "MMM", "decision_date": "2026-07-06", "stage": "independent_verifier", "symbol": "MMM"}
{"ts": "2026-08-06T03:36:32+00:00", "event": "run_grid", "grid": "== cells\n   \u2713 AMZN     done          calls=0  idle=208s\n   \u2713 HD       done          calls=0  idle=68s\n   \u2713 MMM      independent_verifier  calls=0  idle=0s\n   \u2713 WMT      qualitative_specialist  calls=0  idle=41s\n   \u2713 AAPL     done          calls=0  idle=87s\n   \u2713 CAT      done          calls=0  idle=116s\n   \u2713 JNJ      final_pm      calls=0  idle=14s\n   \u2713 JPM      independent_verifier  calls=0  idle=29s\n   \u2713 AXP      done          calls=0  idle=274s\n   \u2713 KO       done          calls=0  idle=70s\n   \u2713 MCD      qualitative_specialist  calls=0  idle=62s\n   \u2713 MRK      done          calls=0  idle=227s\n   \u2713 AMGN     done          calls=0  idle=192s\n   \u2713 MSFT     done          calls=0  idle=217s\n   \u2713 NKE      done          calls=0  idle=187s\n   \u2713 HON      done          calls=0  idle=50s\n   \u2713 IBM      qualitative_specialist  calls=0  idle=48s\n   \u2026 GS       qualitative_specialist  calls=0  idle=62s"}
{"ts": "2026-08-06T03:36:39+00:00", "event": "agent_stage", "cell": "MMM", "decision_date": "2026-06-26", "stage": "independent_verifier", "symbol": "MMM"}
{"ts": "2026-08-06T03:36:39+00:00", "event": "run_grid", "grid": "== cells\n   \u2713 AMZN     done          calls=0  idle=215s\n   \u2713 HD       done          calls=0  idle=75s\n   \u2713 MMM      independent_verifier  calls=0  idle=0s\n   \u2713 WMT      qualitative_specialist  calls=0  idle=48s\n   \u2713 AAPL     done          calls=0  idle=94s\n   \u2713 CAT      done          calls=0  idle=123s\n   \u2713 JNJ      final_pm      calls=0  idle=20s\n   \u2713 JPM      independent_verifier  calls=0  idle=36s\n   \u2713 AXP      done          calls=0  idle=280s\n   \u2713 KO       done          calls=0  idle=76s\n   \u2713 MCD      qualitative_specialist  calls=0  idle=69s\n   \u2713 MRK      done          calls=0  idle=234s\n   \u2713 AMGN     done          calls=0  idle=198s\n   \u2713 MSFT     done          calls=0  idle=224s\n   \u2713 NKE      done          calls=0  idle=194s\n   \u2713 HON      done          calls=0  idle=57s\n   \u2713 IBM      qualitative_specialist  calls=0  idle=55s\n   \u2026 GS       qualitative_specialist  calls=0  idle=69s"}
{"ts": "2026-08-06T03:36:45+00:00", "event": "agent_stage", "cell": "JPM", "decision_date": "2026-06-22", "stage": "final_pm", "symbol": "JPM"}
{"ts": "2026-08-06T03:36:45+00:00", "event": "run_grid", "grid": "== cells\n   \u2713 AMZN     done          calls=0  idle=220s\n   \u2713 HD       done          calls=0  idle=80s\n   \u2713 MMM      independent_verifier  calls=0  idle=5s\n   \u2713 WMT      qualitative_specialist  calls=0  idle=53s\n   \u2713 AAPL     done          calls=0  idle=99s\n   \u2713 CAT      done          calls=0  idle=129s\n   \u2713 JNJ      final_pm      calls=0  idle=26s\n   \u2713 JPM      final_pm      calls=0  idle=0s\n   \u2713 AXP      done          calls=0  idle=286s\n   \u2713 KO       done          calls=0  idle=82s\n   \u2713 MCD      qualitative_specialist  calls=0  idle=74s\n   \u2713 MRK      done          calls=0  idle=239s\n   \u2713 AMGN     done          calls=0  idle=204s\n   \u2713 MSFT     done          calls=0  idle=229s\n   \u2713 NKE      done          calls=0  idle=199s\n   \u2713 HON      done          calls=0  idle=62s\n   \u2713 IBM      qualitative_specialist  calls=0  idle=60s\n   \u2026 GS       qualitative_specialist  calls=0  idle=74s"}
{"ts": "2026-08-06T03:36:46+00:00", "event": "agent_stage", "cell": "GS", "decision_date": "2026-06-26", "stage": "independent_verifier", "symbol": "GS"}
{"ts": "2026-08-06T03:36:46+00:00", "event": "cell_done", "cell": "JNJ", "decision_date": "2026-06-22", "outcome": "ok", "health": "ok", "n_reads": 11, "elapsed_ms": 130848, "n_llm_calls": 4, "tokens_in": 83672, "tokens_out": 10703, "cost_usd": 0.0802085114, "cost_basis": "reported", "detail": ""}
{"ts": "2026-08-06T03:36:46+00:00", "event": "cell_start", "cell": "MRK", "decision_date": "2026-07-10"}
{"ts": "2026-08-06T03:36:46+00:00", "event": "agent_stage", "cell": "MRK", "decision_date": "2026-07-10", "stage": "evidence", "symbol": "MRK"}
{"ts": "2026-08-06T03:36:46+00:00", "event": "agent_stage", "cell": "MRK", "decision_date": "2026-07-10", "stage": "evidence_quantitative", "symbol": "MRK"}
{"ts": "2026-08-06T03:36:46+00:00", "event": "data_read", "cell": "MRK", "kind": "fundamentals", "source": "massive_fundamentals", "status": "ok", "cached": false, "raw_chars": 4573, "capped_chars": 4573, "raw_tokens": 1143, "capped_tokens": 1143}
{"ts": "2026-08-06T03:36:46+00:00", "event": "data_read", "cell": "MRK", "kind": "ratios", "source": "valuation_ratios", "status": "ok", "cached": false, "raw_chars": 224744, "capped_chars": 224744, "raw_tokens": 56186, "capped_tokens": 56186}
{"ts": "2026-08-06T03:36:46+00:00", "event": "data_read", "cell": "MRK", "kind": "prices", "source": "massive_prices", "status": "ok", "cached": false, "raw_chars": 830, "capped_chars": 830, "raw_tokens": 208, "capped_tokens": 208}
{"ts": "2026-08-06T03:36:48+00:00", "event": "agent_stage", "cell": "MCD", "decision_date": "2026-06-26", "stage": "independent_verifier", "symbol": "MCD"}
{"ts": "2026-08-06T03:36:48+00:00", "event": "run_grid", "grid": "== cells\n   \u2713 AMZN     done          calls=0  idle=223s\n   \u2713 HD       done          calls=0  idle=83s\n   \u2713 MMM      independent_verifier  calls=0  idle=8s\n   \u2713 WMT      qualitative_specialist  calls=0  idle=57s\n   \u2713 AAPL     done          calls=0  idle=102s\n   \u2713 CAT      done          calls=0  idle=132s\n   \u2713 JNJ      done          calls=0  idle=1s\n   \u2713 JPM      final_pm      calls=0  idle=3s\n   \u2713 AXP      done          calls=0  idle=289s\n   \u2713 KO       done          calls=0  idle=85s\n   \u2713 MCD      independent_verifier  calls=0  idle=0s\n   \u2713 MRK      evidence_quantitative  calls=0  idle=1s\n   \u2713 AMGN     done          calls=0  idle=207s\n   \u2713 MSFT     done          calls=0  idle=232s\n   \u2713 NKE      done          calls=0  idle=203s\n   \u2713 HON      done          calls=0  idle=65s\n   \u2713 IBM      qualitative_specialist  calls=0  idle=63s\n   \u2026 GS       independent_verifier  calls=0  idle=1s"}
{"ts": "2026-08-06T03:36:54+00:00", "event": "data_read", "cell": "MRK", "kind": "macro", "source": "fred_macro", "status": "ok", "cached": false, "raw_chars": 30296, "capped_chars": 30296, "raw_tokens": 7574, "capped_tokens": 7574}
{"ts": "2026-08-06T03:36:54+00:00", "event": "data_read", "cell": "MRK", "kind": "news_sentiment", "source": "news_sentiment", "status": "ok", "cached": false, "raw_chars": 1983, "capped_chars": 1983, "raw_tokens": 496, "capped_tokens": 496}
{"ts": "2026-08-06T03:36:54+00:00", "event": "agent_stage", "cell": "MRK", "decision_date": "2026-07-10", "stage": "evidence_qualitative", "symbol": "MRK"}
{"ts": "2026-08-06T03:36:54+00:00", "event": "run_grid", "grid": "== cells\n   \u2713 AMZN     done          calls=0  idle=230s\n   \u2713 HD       done          calls=0  idle=90s\n   \u2713 MMM      independent_verifier  calls=0  idle=15s\n   \u2713 WMT      qualitative_specialist  calls=0  idle=63s\n   \u2713 AAPL     done          calls=0  idle=109s\n   \u2713 CAT      done          calls=0  idle=138s\n   \u2713 JNJ      done          calls=0  idle=7s\n   \u2713 JPM      final_pm      calls=0  idle=9s\n   \u2713 AXP      done          calls=0  idle=296s\n   \u2713 KO       done          calls=0  idle=92s\n   \u2713 MCD      independent_verifier  calls=0  idle=6s\n   \u2713 MRK      evidence_qualitative  calls=0  idle=0s\n   \u2713 AMGN     done          calls=0  idle=213s\n   \u2713 MSFT     done          calls=0  idle=239s\n   \u2713 NKE      done          calls=0  idle=209s\n   \u2713 HON      done          calls=0  idle=72s\n   \u2713 IBM      qualitative_specialist  calls=0  idle=70s\n   \u2026 GS       independent_verifier  calls=0  idle=8s"}
{"ts": "2026-08-06T03:36:54+00:00", "event": "data_read", "cell": "MRK", "kind": "news", "source": "massive_news", "status": "ok", "cached": false, "raw_chars": 21935, "capped_chars": 4228, "raw_tokens": 5484, "capped_tokens": 1057}
{"ts": "2026-08-06T03:36:54+00:00", "event": "data_read", "cell": "MRK", "kind": "web_search", "source": "web_search", "status": "ok", "cached": false, "raw_chars": 32049, "capped_chars": 27729, "raw_tokens": 8012, "capped_tokens": 6932}
{"ts": "2026-08-06T03:36:54+00:00", "event": "data_read", "cell": "MRK", "kind": "web_search", "source": "web_search", "status": "ok", "cached": false, "raw_chars": 8679, "capped_chars": 5332, "raw_tokens": 2170, "capped_tokens": 1333}
{"ts": "2026-08-06T03:36:54+00:00", "event": "data_read", "cell": "MRK", "kind": "web_search", "source": "web_search", "status": "ok", "cached": false, "raw_chars": 16768, "capped_chars": 13221, "raw_tokens": 4192, "capped_tokens": 3305}
{"ts": "2026-08-06T03:36:54+00:00", "event": "data_read", "cell": "MRK", "kind": "web_search", "source": "web_search", "status": "ok", "cached": false, "raw_chars": 19316, "capped_chars": 15438, "raw_tokens": 4829, "capped_tokens": 3860}
{"ts": "2026-08-06T03:36:54+00:00", "event": "data_read", "cell": "MRK", "kind": "web_search", "source": "web_search", "status": "ok", "cached": false, "raw_chars": 3369, "capped_chars": 1652, "raw_tokens": 842, "capped_tokens": 413}
{"ts": "2026-08-06T03:36:54+00:00", "event": "agent_stage", "cell": "MRK", "decision_date": "2026-07-10", "stage": "quantitative_specialist", "symbol": "MRK"}
{"ts": "2026-08-06T03:36:54+00:00", "event": "agent_stage", "cell": "MRK", "decision_date": "2026-07-10", "stage": "qualitative_specialist", "symbol": "MRK"}
{"ts": "2026-08-06T03:36:57+00:00", "event": "agent_stage", "cell": "MMM", "decision_date": "2026-06-26", "stage": "final_pm", "symbol": "MMM"}
{"ts": "2026-08-06T03:36:57+00:00", "event": "run_grid", "grid": "== cells\n   \u2713 AMZN     done          calls=0  idle=233s\n   \u2713 HD       done          calls=0  idle=92s\n   \u2713 MMM      final_pm      calls=0  idle=0s\n   \u2713 WMT      qualitative_specialist  calls=0  idle=66s\n   \u2713 AAPL     done          calls=0  idle=111s\n   \u2713 CAT      done          calls=0  idle=141s\n   \u2713 JNJ      done          calls=0  idle=10s\n   \u2713 JPM      final_pm      calls=0  idle=12s\n   \u2713 AXP      done          calls=0  idle=298s\n   \u2713 KO       done          calls=0  idle=94s\n   \u2713 MCD      independent_verifier  calls=0  idle=9s\n   \u2713 MRK      qualitative_specialist  calls=0  idle=2s\n   \u2713 AMGN     done          calls=0  idle=216s\n   \u2713 MSFT     done          calls=0  idle=241s\n   \u2713 NKE      done          calls=0  idle=212s\n   \u2713 HON      done          calls=0  idle=74s\n   \u2713 IBM      qualitative_specialist  calls=0  idle=73s\n   \u2026 GS       independent_verifier  calls=0  idle=10s"}
{"ts": "2026-08-06T03:37:11+00:00", "event": "agent_stage", "cell": "WMT", "decision_date": "2026-05-29", "stage": "independent_verifier", "symbol": "WMT"}
{"ts": "2026-08-06T03:37:11+00:00", "event": "run_grid", "grid": "== cells\n   \u2713 AMZN     done          calls=0  idle=247s\n   \u2713 HD       done          calls=0  idle=107s\n   \u2713 MMM      final_pm      calls=0  idle=14s\n   \u2713 WMT      independent_verifier  calls=0  idle=0s\n   \u2713 AAPL     done          calls=0  idle=126s\n   \u2713 CAT      done          calls=0  idle=155s\n   \u2713 JNJ      done          calls=0  idle=24s\n   \u2713 JPM      final_pm      calls=0  idle=26s\n   \u2713 AXP      done          calls=0  idle=312s\n   \u2713 KO       done          calls=0  idle=108s\n   \u2713 MCD      independent_verifier  calls=0  idle=23s\n   \u2713 MRK      qualitative_specialist  calls=0  idle=16s\n   \u2713 AMGN     done          calls=0  idle=230s\n   \u2713 MSFT     done          calls=0  idle=256s\n   \u2713 NKE      done          calls=0  idle=226s\n   \u2713 HON      done          calls=0  idle=89s\n   \u2713 IBM      qualitative_specialist  calls=0  idle=87s\n   \u2026 GS       independent_verifier  calls=0  idle=25s"}
{"ts": "2026-08-06T03:37:12+00:00", "event": "cell_done", "cell": "MMM", "decision_date": "2026-06-26", "outcome": "ok", "health": "ok", "n_reads": 11, "elapsed_ms": 106726, "n_llm_calls": 4, "tokens_in": 73904, "tokens_out": 10740, "cost_usd": 0.07355556640000001, "cost_basis": "reported", "detail": ""}
{"ts": "2026-08-06T03:37:12+00:00", "event": "cell_start", "cell": "JNJ", "decision_date": "2026-07-17"}
{"ts": "2026-08-06T03:37:12+00:00", "event": "agent_stage", "cell": "JNJ", "decision_date": "2026-07-17", "stage": "evidence", "symbol": "JNJ"}
{"ts": "2026-08-06T03:37:12+00:00", "event": "agent_stage", "cell": "JNJ", "decision_date": "2026-07-17", "stage": "evidence_quantitative", "symbol": "JNJ"}
{"ts": "2026-08-06T03:37:12+00:00", "event": "data_read", "cell": "JNJ", "kind": "fundamentals", "source": "massive_fundamentals", "status": "ok", "cached": false, "raw_chars": 4593, "capped_chars": 4593, "raw_tokens": 1148, "capped_tokens": 1148}
{"ts": "2026-08-06T03:37:12+00:00", "event": "data_read", "cell": "JNJ", "kind": "ratios", "source": "valuation_ratios", "status": "ok", "cached": false, "raw_chars": 223608, "capped_chars": 223608, "raw_tokens": 55902, "capped_tokens": 55902}
{"ts": "2026-08-06T03:37:12+00:00", "event": "data_read", "cell": "JNJ", "kind": "prices", "source": "massive_prices", "status": "ok", "cached": false, "raw_chars": 806, "capped_chars": 806, "raw_tokens": 202, "capped_tokens": 202}
{"ts": "2026-08-06T03:37:13+00:00", "event": "agent_stage", "cell": "IBM", "decision_date": "2026-07-10", "stage": "independent_verifier", "symbol": "IBM"}
{"ts": "2026-08-06T03:37:13+00:00", "event": "run_grid", "grid": "== cells\n   \u2713 AMZN     done          calls=0  idle=249s\n   \u2713 HD       done          calls=0  idle=109s\n   \u2713 MMM      done          calls=0  idle=1s\n   \u2713 WMT      independent_verifier  calls=0  idle=2s\n   \u2713 AAPL     done          calls=0  idle=128s\n   \u2713 CAT      done          calls=0  idle=157s\n   \u2713 JNJ      evidence_quantitative  calls=0  idle=1s\n   \u2713 JPM      final_pm      calls=0  idle=28s\n   \u2713 AXP      done          calls=0  idle=315s\n   \u2713 KO       done          calls=0  idle=111s\n   \u2713 MCD      independent_verifier  calls=0  idle=25s\n   \u2713 MRK      qualitative_specialist  calls=0  idle=19s\n   \u2713 AMGN     done          calls=0  idle=233s\n   \u2713 MSFT     done          calls=0  idle=258s\n   \u2713 NKE      done          calls=0  idle=228s\n   \u2713 HON      done          calls=0  idle=91s\n   \u2713 IBM      independent_verifier  calls=0  idle=0s\n   \u2026 GS       independent_verifier  calls=0  idle=27s"}
{"ts": "2026-08-06T03:37:17+00:00", "event": "agent_stage", "cell": "MMM", "decision_date": "2026-06-22", "stage": "final_pm", "symbol": "MMM"}
{"ts": "2026-08-06T03:37:17+00:00", "event": "run_grid", "grid": "== cells\n   \u2713 AMZN     done          calls=0  idle=252s\n   \u2713 HD       done          calls=0  idle=112s\n   \u2713 MMM      final_pm      calls=0  idle=0s\n   \u2713 WMT      independent_verifier  calls=0  idle=5s\n   \u2713 AAPL     done          calls=0  idle=131s\n   \u2713 CAT      done          calls=0  idle=160s\n   \u2713 JNJ      evidence_quantitative  calls=0  idle=4s\n   \u2713 JPM      final_pm      calls=0  idle=31s\n   \u2713 AXP      done          calls=0  idle=318s\n   \u2713 KO       done          calls=0  idle=114s\n   \u2713 MCD      independent_verifier  calls=0  idle=28s\n   \u2713 MRK      qualitative_specialist  calls=0  idle=22s\n   \u2713 AMGN     done          calls=0  idle=236s\n   \u2713 MSFT     done          calls=0  idle=261s\n   \u2713 NKE      done          calls=0  idle=231s\n   \u2713 HON      done          calls=0  idle=94s\n   \u2713 IBM      independent_verifier  calls=0  idle=3s\n   \u2026 GS       independent_verifier  calls=0  idle=30s"}
{"ts": "2026-08-06T03:37:17+00:00", "event": "agent_stage", "cell": "MMM", "decision_date": "2026-07-06", "stage": "final_pm", "symbol": "MMM"}
{"ts": "2026-08-06T03:37:20+00:00", "event": "data_read", "cell": "JNJ", "kind": "macro", "source": "fred_macro", "status": "ok", "cached": false, "raw_chars": 30332, "capped_chars": 30332, "raw_tokens": 7583, "capped_tokens": 7583}
{"ts": "2026-08-06T03:37:20+00:00", "event": "data_read", "cell": "JNJ", "kind": "news_sentiment", "source": "news_sentiment", "status": "ok", "cached": false, "raw_chars": 2538, "capped_chars": 2538, "raw_tokens": 634, "capped_tokens": 634}
{"ts": "2026-08-06T03:37:20+00:00", "event": "agent_stage", "cell": "JNJ", "decision_date": "2026-07-17", "stage": "evidence_qualitative", "symbol": "JNJ"}
{"ts": "2026-08-06T03:37:20+00:00", "event": "run_grid", "grid": "== cells\n   \u2713 AMZN     done          calls=0  idle=256s\n   \u2713 HD       done          calls=0  idle=116s\n   \u2713 MMM      final_pm      calls=0  idle=3s\n   \u2713 WMT      independent_verifier  calls=0  idle=9s\n   \u2713 AAPL     done          calls=0  idle=135s\n   \u2713 CAT      done          calls=0  idle=164s\n   \u2713 JNJ      evidence_qualitative  calls=0  idle=0s\n   \u2713 JPM      final_pm      calls=0  idle=35s\n   \u2713 AXP      done          calls=0  idle=321s\n   \u2713 KO       done          calls=0  idle=118s\n   \u2713 MCD      independent_verifier  calls=0  idle=32s\n   \u2713 MRK      qualitative_specialist  calls=0  idle=25s\n   \u2713 AMGN     done          calls=0  idle=239s\n   \u2713 MSFT     done          calls=0  idle=265s\n   \u2713 NKE      done          calls=0  idle=235s\n   \u2713 HON      done          calls=0  idle=98s\n   \u2713 IBM      independent_verifier  calls=0  idle=6s\n   \u2026 GS       independent_verifier  calls=0  idle=34s"}
{"ts": "2026-08-06T03:37:20+00:00", "event": "data_read", "cell": "JNJ", "kind": "news", "source": "massive_news", "status": "ok", "cached": false, "raw_chars": 55084, "capped_chars": 11996, "raw_tokens": 13771, "capped_tokens": 2999}
{"ts": "2026-08-06T03:37:20+00:00", "event": "data_read", "cell": "JNJ", "kind": "web_search", "source": "web_search", "status": "ok", "cached": false, "raw_chars": 26801, "capped_chars": 16285, "raw_tokens": 6700, "capped_tokens": 4071}
{"ts": "2026-08-06T03:37:20+00:00", "event": "data_read", "cell": "JNJ", "kind": "web_search", "source": "web_search", "status": "ok", "cached": false, "raw_chars": 28257, "capped_chars": 16620, "raw_tokens": 7064, "capped_tokens": 4155}
{"ts": "2026-08-06T03:37:20+00:00", "event": "data_read", "cell": "JNJ", "kind": "web_search", "source": "web_search", "status": "ok", "cached": false, "raw_chars": 21452, "capped_chars": 16534, "raw_tokens": 5363, "capped_tokens": 4134}
{"ts": "2026-08-06T03:37:20+00:00", "event": "data_read", "cell": "JNJ", "kind": "web_search", "source": "web_search", "status": "ok", "cached": false, "raw_chars": 16632, "capped_chars": 12612, "raw_tokens": 4158, "capped_tokens": 3153}
{"ts": "2026-08-06T03:37:20+00:00", "event": "data_read", "cell": "JNJ", "kind": "web_search", "source": "web_search", "status": "ok", "cached": false, "raw_chars": 20751, "capped_chars": 14441, "raw_tokens": 5188, "capped_tokens": 3610}
{"ts": "2026-08-06T03:37:20+00:00", "event": "agent_stage", "cell": "JNJ", "decision_date": "2026-07-17", "stage": "quantitative_specialist", "symbol": "JNJ"}
{"ts": "2026-08-06T03:37:20+00:00", "event": "agent_stage", "cell": "JNJ", "decision_date": "2026-07-17", "stage": "qualitative_specialist", "symbol": "JNJ"}
{"ts": "2026-08-06T03:37:24+00:00", "event": "agent_stage", "cell": "MMM", "decision_date": "2026-07-10", "stage": "independent_verifier", "symbol": "MMM"}
{"ts": "2026-08-06T03:37:24+00:00", "event": "run_grid", "grid": "== cells\n   \u2713 AMZN     done          calls=0  idle=260s\n   \u2713 HD       done          calls=0  idle=120s\n   \u2713 MMM      independent_verifier  calls=0  idle=0s\n   \u2713 WMT      independent_verifier  calls=0  idle=13s\n   \u2713 AAPL     done          calls=0  idle=139s\n   \u2713 CAT      done          calls=0  idle=168s\n   \u2713 JNJ      qualitative_specialist  calls=0  idle=4s\n   \u2713 JPM      final_pm      calls=0  idle=39s\n   \u2713 AXP      done          calls=0  idle=325s\n   \u2713 KO       done          calls=0  idle=122s\n   \u2713 MCD      independent_verifier  calls=0  idle=36s\n   \u2713 MRK      qualitative_specialist  calls=0  idle=29s\n   \u2713 AMGN     done          calls=0  idle=243s\n   \u2713 MSFT     done          calls=0  idle=269s\n   \u2713 NKE      done          calls=0  idle=239s\n   \u2713 HON      done          calls=0  idle=102s\n   \u2713 IBM      independent_verifier  calls=0  idle=10s\n   \u2026 GS       independent_verifier  calls=0  idle=38s"}
{"ts": "2026-08-06T03:37:33+00:00", "event": "cell_done", "cell": "JPM", "decision_date": "2026-06-22", "outcome": "ok", "health": "ok", "n_reads": 11, "elapsed_ms": 175324, "n_llm_calls": 4, "tokens_in": 88069, "tokens_out": 10257, "cost_usd": 0.0831225864, "cost_basis": "reported", "detail": ""}
{"ts": "2026-08-06T03:37:33+00:00", "event": "run_grid", "grid": "== cells\n   \u2713 AMZN     done          calls=0  idle=269s\n   \u2713 HD       done          calls=0  idle=128s\n   \u2713 MMM      independent_verifier  calls=0  idle=8s\n   \u2713 WMT      independent_verifier  calls=0  idle=21s\n   \u2713 AAPL     done          calls=0  idle=147s\n   \u2713 CAT      done          calls=0  idle=177s\n   \u2713 JNJ      qualitative_specialist  calls=0  idle=12s\n   \u2713 JPM      done          calls=0  idle=0s\n   \u2713 AXP      done          calls=0  idle=334s\n   \u2713 KO       done          calls=0  idle=130s\n   \u2713 MCD      independent_verifier  calls=0  idle=45s\n   \u2713 MRK      qualitative_specialist  calls=0  idle=38s\n   \u2713 AMGN     done          calls=0  idle=252s\n   \u2713 MSFT     done          calls=0  idle=277s\n   \u2713 NKE      done          calls=0  idle=248s\n   \u2713 HON      done          calls=0  idle=110s\n   \u2713 IBM      independent_verifier  calls=0  idle=19s\n   \u2026 GS       independent_verifier  calls=0  idle=47s"}
{"ts": "2026-08-06T03:37:33+00:00", "event": "cell_start", "cell": "JPM", "decision_date": "2026-07-17"}
{"ts": "2026-08-06T03:37:33+00:00", "event": "agent_stage", "cell": "JPM", "decision_date": "2026-07-17", "stage": "evidence", "symbol": "JPM"}
{"ts": "2026-08-06T03:37:33+00:00", "event": "agent_stage", "cell": "JPM", "decision_date": "2026-07-17", "stage": "evidence_quantitative", "symbol": "JPM"}
{"ts": "2026-08-06T03:37:33+00:00", "event": "data_read", "cell": "JPM", "kind": "fundamentals", "source": "massive_fundamentals", "status": "ok", "cached": false, "raw_chars": 3723, "capped_chars": 3723, "raw_tokens": 931, "capped_tokens": 931}
{"ts": "2026-08-06T03:37:33+00:00", "event": "data_read", "cell": "JPM", "kind": "ratios", "source": "valuation_ratios", "status": "ok", "cached": false, "raw_chars": 236949, "capped_chars": 236949, "raw_tokens": 59237, "capped_tokens": 59237}
{"ts": "2026-08-06T03:37:33+00:00", "event": "data_read", "cell": "JPM", "kind": "prices", "source": "massive_prices", "status": "ok", "cached": false, "raw_chars": 842, "capped_chars": 842, "raw_tokens": 210, "capped_tokens": 210}
{"ts": "2026-08-06T03:37:36+00:00", "event": "agent_stage", "cell": "GS", "decision_date": "2026-06-26", "stage": "final_pm", "symbol": "GS"}
{"ts": "2026-08-06T03:37:36+00:00", "event": "run_grid", "grid": "== cells\n   \u2713 AMZN     done          calls=0  idle=271s\n   \u2713 HD       done          calls=0  idle=131s\n   \u2713 MMM      independent_verifier  calls=0  idle=11s\n   \u2713 WMT      independent_verifier  calls=0  idle=24s\n   \u2713 AAPL     done          calls=0  idle=150s\n   \u2713 CAT      done          calls=0  idle=180s\n   \u2713 JNJ      qualitative_specialist  calls=0  idle=15s\n   \u2713 JPM      evidence_quantitative  calls=0  idle=2s\n   \u2713 AXP      done          calls=0  idle=337s\n   \u2713 KO       done          calls=0  idle=133s\n   \u2713 MCD      independent_verifier  calls=0  idle=47s\n   \u2713 MRK      qualitative_specialist  calls=0  idle=41s\n   \u2713 AMGN     done          calls=0  idle=255s\n   \u2713 MSFT     done          calls=0  idle=280s\n   \u2713 NKE      done          calls=0  idle=251s\n   \u2713 HON      done          calls=0  idle=113s\n   \u2713 IBM      independent_verifier  calls=0  idle=22s\n   \u2026 GS       final_pm      calls=0  idle=0s"}
{"ts": "2026-08-06T03:37:38+00:00", "event": "agent_stage", "cell": "IBM", "decision_date": "2026-07-10", "stage": "final_pm", "symbol": "IBM"}
{"ts": "2026-08-06T03:37:38+00:00", "event": "run_grid", "grid": "== cells\n   \u2713 AMZN     done          calls=0  idle=274s\n   \u2713 HD       done          calls=0  idle=134s\n   \u2713 MMM      independent_verifier  calls=0  idle=14s\n   \u2713 WMT      independent_verifier  calls=0  idle=27s\n   \u2713 AAPL     done          calls=0  idle=153s\n   \u2713 CAT      done          calls=0  idle=182s\n   \u2713 JNJ      qualitative_specialist  calls=0  idle=18s\n   \u2713 JPM      evidence_quantitative  calls=0  idle=5s\n   \u2713 AXP      done          calls=0  idle=340s\n   \u2713 KO       done          calls=0  idle=136s\n   \u2713 MCD      independent_verifier  calls=0  idle=50s\n   \u2713 MRK      qualitative_specialist  calls=0  idle=44s\n   \u2713 AMGN     done          calls=0  idle=257s\n   \u2713 MSFT     done          calls=0  idle=283s\n   \u2713 NKE      done          calls=0  idle=253s\n   \u2713 HON      done          calls=0  idle=116s\n   \u2713 IBM      final_pm      calls=0  idle=0s\n   \u2026 GS       final_pm      calls=0  idle=2s"}
{"ts": "2026-08-06T03:37:41+00:00", "event": "data_read", "cell": "JPM", "kind": "macro", "source": "fred_macro", "status": "ok", "cached": false, "raw_chars": 30332, "capped_chars": 30332, "raw_tokens": 7583, "capped_tokens": 7583}
{"ts": "2026-08-06T03:37:41+00:00", "event": "data_read", "cell": "JPM", "kind": "news_sentiment", "source": "news_sentiment", "status": "ok", "cached": false, "raw_chars": 3518, "capped_chars": 3518, "raw_tokens": 880, "capped_tokens": 880}
{"ts": "2026-08-06T03:37:41+00:00", "event": "agent_stage", "cell": "JPM", "decision_date": "2026-07-17", "stage": "evidence_qualitative", "symbol": "JPM"}
{"ts": "2026-08-06T03:37:41+00:00", "event": "run_grid", "grid": "== cells\n   \u2713 AMZN     done          calls=0  idle=276s\n   \u2713 HD       done          calls=0  idle=136s\n   \u2713 MMM      independent_verifier  calls=0  idle=16s\n   \u2713 WMT      independent_verifier  calls=0  idle=29s\n   \u2713 AAPL     done          calls=0  idle=155s\n   \u2713 CAT      done          calls=0  idle=184s\n   \u2713 JNJ      qualitative_specialist  calls=0  idle=20s\n   \u2713 JPM      evidence_qualitative  calls=0  idle=0s\n   \u2713 AXP      done          calls=0  idle=342s\n   \u2713 KO       done          calls=0  idle=138s\n   \u2713 MCD      independent_verifier  calls=0  idle=52s\n   \u2713 MRK      qualitative_specialist  calls=0  idle=46s\n   \u2713 AMGN     done          calls=0  idle=260s\n   \u2713 MSFT     done          calls=0  idle=285s\n   \u2713 NKE      done          calls=0  idle=255s\n   \u2713 HON      done          calls=0  idle=118s\n   \u2713 IBM      final_pm      calls=0  idle=2s\n   \u2026 GS       final_pm      calls=0  idle=4s"}
{"ts": "2026-08-06T03:37:41+00:00", "event": "data_read", "cell": "JPM", "kind": "news", "source": "massive_news", "status": "ok", "cached": false, "raw_chars": 145737, "capped_chars": 12988, "raw_tokens": 36434, "capped_tokens": 3247}
{"ts": "2026-08-06T03:37:41+00:00", "event": "data_read", "cell": "JPM", "kind": "web_search", "source": "web_search", "status": "ok", "cached": false, "raw_chars": 18597, "capped_chars": 15249, "raw_tokens": 4649, "capped_tokens": 3812}
{"ts": "2026-08-06T03:37:41+00:00", "event": "data_read", "cell": "JPM", "kind": "web_search", "source": "web_search", "status": "ok", "cached": false, "raw_chars": 9024, "capped_chars": 6026, "raw_tokens": 2256, "capped_tokens": 1506}
{"ts": "2026-08-06T03:37:41+00:00", "event": "data_read", "cell": "JPM", "kind": "web_search", "source": "web_search", "status": "ok", "cached": false, "raw_chars": 28135, "capped_chars": 23916, "raw_tokens": 7034, "capped_tokens": 5979}
{"ts": "2026-08-06T03:37:41+00:00", "event": "data_read", "cell": "JPM", "kind": "web_search", "source": "web_search", "status": "ok", "cached": false, "raw_chars": 11551, "capped_chars": 8280, "raw_tokens": 2888, "capped_tokens": 2070}
{"ts": "2026-08-06T03:37:41+00:00", "event": "data_read", "cell": "JPM", "kind": "web_search", "source": "web_search", "status": "ok", "cached": false, "raw_chars": 22489, "capped_chars": 17760, "raw_tokens": 5622, "capped_tokens": 4440}
{"ts": "2026-08-06T03:37:41+00:00", "event": "agent_stage", "cell": "JPM", "decision_date": "2026-07-17", "stage": "quantitative_specialist", "symbol": "JPM"}
{"ts": "2026-08-06T03:37:41+00:00", "event": "agent_stage", "cell": "JPM", "decision_date": "2026-07-17", "stage": "qualitative_specialist", "symbol": "JPM"}
{"ts": "2026-08-06T03:37:43+00:00", "event": "agent_stage", "cell": "MCD", "decision_date": "2026-06-26", "stage": "final_pm", "symbol": "MCD"}
{"ts": "2026-08-06T03:37:43+00:00", "event": "run_grid", "grid": "== cells\n   \u2713 AMZN     done          calls=0  idle=279s\n   \u2713 HD       done          calls=0  idle=139s\n   \u2713 MMM      independent_verifier  calls=0  idle=19s\n   \u2713 WMT      independent_verifier  calls=0  idle=32s\n   \u2713 AAPL     done          calls=0  idle=158s\n   \u2713 CAT      done          calls=0  idle=187s\n   \u2713 JNJ      qualitative_specialist  calls=0  idle=23s\n   \u2713 JPM      qualitative_specialist  calls=0  idle=2s\n   \u2713 AXP      done          calls=0  idle=345s\n   \u2713 KO       done          calls=0  idle=141s\n   \u2713 MCD      final_pm      calls=0  idle=0s\n   \u2713 MRK      qualitative_specialist  calls=0  idle=48s\n   \u2713 AMGN     done          calls=0  idle=262s\n   \u2713 MSFT     done          calls=0  idle=288s\n   \u2713 NKE      done          calls=0  idle=258s\n   \u2713 HON      done          calls=0  idle=121s\n   \u2713 IBM      final_pm      calls=0  idle=4s\n   \u2026 GS       final_pm      calls=0  idle=7s"}
{"ts": "2026-08-06T03:37:48+00:00", "event": "cell_done", "cell": "MMM", "decision_date": "2026-06-22", "outcome": "ok", "health": "ok", "n_reads": 11, "elapsed_ms": 163141, "n_llm_calls": 4, "tokens_in": 75797, "tokens_out": 10799, "cost_usd": 0.074848316672, "cost_basis": "reported", "detail": ""}
{"ts": "2026-08-06T03:37:48+00:00", "event": "run_grid", "grid": "== cells\n   \u2713 AMZN     done          calls=0  idle=284s\n   \u2713 HD       done          calls=0  idle=144s\n   \u2713 MMM      done          calls=0  idle=0s\n   \u2713 WMT      independent_verifier  calls=0  idle=36s\n   \u2713 AAPL     done          calls=0  idle=163s\n   \u2713 CAT      done          calls=0  idle=192s\n   \u2713 JNJ      qualitative_specialist  calls=0  idle=27s\n   \u2713 JPM      qualitative_specialist  calls=0  idle=7s\n   \u2713 AXP      done          calls=0  idle=349s\n   \u2713 KO       done          calls=0  idle=145s\n   \u2713 MCD      final_pm      calls=0  idle=4s\n   \u2713 MRK      qualitative_specialist  calls=0  idle=53s\n   \u2713 AMGN     done          calls=0  idle=267s\n   \u2713 MSFT     done          calls=0  idle=293s\n   \u2713 NKE      done          calls=0  idle=263s\n   \u2713 HON      done          calls=0  idle=126s\n   \u2713 IBM      final_pm      calls=0  idle=9s\n   \u2026 GS       final_pm      calls=0  idle=12s"}
{"ts": "2026-08-06T03:37:48+00:00", "event": "cell_start", "cell": "KO", "decision_date": "2026-07-17"}
{"ts": "2026-08-06T03:37:48+00:00", "event": "agent_stage", "cell": "KO", "decision_date": "2026-07-17", "stage": "evidence", "symbol": "KO"}
{"ts": "2026-08-06T03:37:48+00:00", "event": "agent_stage", "cell": "KO", "decision_date": "2026-07-17", "stage": "evidence_quantitative", "symbol": "KO"}
{"ts": "2026-08-06T03:37:48+00:00", "event": "data_read", "cell": "KO", "kind": "fundamentals", "source": "massive_fundamentals", "status": "ok", "cached": false, "raw_chars": 3045, "capped_chars": 3045, "raw_tokens": 761, "capped_tokens": 761}
{"ts": "2026-08-06T03:37:48+00:00", "event": "data_read", "cell": "KO", "kind": "ratios", "source": "valuation_ratios", "status": "ok", "cached": false, "raw_chars": 223438, "capped_chars": 223438, "raw_tokens": 55860, "capped_tokens": 55860}
{"ts": "2026-08-06T03:37:48+00:00", "event": "data_read", "cell": "KO", "kind": "prices", "source": "massive_prices", "status": "ok", "cached": false, "raw_chars": 782, "capped_chars": 782, "raw_tokens": 196, "capped_tokens": 196}
{"ts": "2026-08-06T03:37:50+00:00", "event": "cell_done", "cell": "MMM", "decision_date": "2026-07-06", "outcome": "ok", "health": "ok", "n_reads": 11, "elapsed_ms": 142612, "n_llm_calls": 4, "tokens_in": 67340, "tokens_out": 9554, "cost_usd": 0.068297401152, "cost_basis": "reported", "detail": ""}
{"ts": "2026-08-06T03:37:50+00:00", "event": "cell_start", "cell": "MCD", "decision_date": "2026-07-17"}
{"ts": "2026-08-06T03:37:50+00:00", "event": "agent_stage", "cell": "MCD", "decision_date": "2026-07-17", "stage": "evidence", "symbol": "MCD"}
{"ts": "2026-08-06T03:37:50+00:00", "event": "agent_stage", "cell": "MCD", "decision_date": "2026-07-17", "stage": "evidence_quantitative", "symbol": "MCD"}
{"ts": "2026-08-06T03:37:50+00:00", "event": "data_read", "cell": "MCD", "kind": "fundamentals", "source": "massive_fundamentals", "status": "ok", "cached": false, "raw_chars": 4392, "capped_chars": 4392, "raw_tokens": 1098, "capped_tokens": 1098}
{"ts": "2026-08-06T03:37:50+00:00", "event": "data_read", "cell": "MCD", "kind": "ratios", "source": "valuation_ratios", "status": "ok", "cached": false, "raw_chars": 215501, "capped_chars": 215501, "raw_tokens": 53875, "capped_tokens": 53875}
{"ts": "2026-08-06T03:37:50+00:00", "event": "data_read", "cell": "MCD", "kind": "prices", "source": "massive_prices", "status": "ok", "cached": false, "raw_chars": 842, "capped_chars": 842, "raw_tokens": 210, "capped_tokens": 210}
{"ts": "2026-08-06T03:37:52+00:00", "event": "cell_done", "cell": "GS", "decision_date": "2026-06-26", "outcome": "ok", "health": "ok", "n_reads": 11, "elapsed_ms": 150040, "n_llm_calls": 4, "tokens_in": 73753, "tokens_out": 11157, "cost_usd": 0.07391691059199999, "cost_basis": "reported", "detail": ""}
{"ts": "2026-08-06T03:37:52+00:00", "event": "run_grid", "grid": "== cells\n   \u2713 AMZN     done          calls=0  idle=288s\n   \u2713 HD       done          calls=0  idle=148s\n   \u2713 MMM      done          calls=0  idle=2s\n   \u2713 WMT      independent_verifier  calls=0  idle=41s\n   \u2713 AAPL     done          calls=0  idle=167s\n   \u2713 CAT      done          calls=0  idle=196s\n   \u2713 JNJ      qualitative_specialist  calls=0  idle=32s\n   \u2713 JPM      qualitative_specialist  calls=0  idle=11s\n   \u2713 AXP      done          calls=0  idle=354s\n   \u2713 KO       evidence_quantitative  calls=0  idle=4s\n   \u2713 MCD      evidence_quantitative  calls=0  idle=2s\n   \u2713 MRK      qualitative_specialist  calls=0  idle=57s\n   \u2713 AMGN     done          calls=0  idle=271s\n   \u2713 MSFT     done          calls=0  idle=297s\n   \u2713 NKE      done          calls=0  idle=267s\n   \u2713 HON      done          calls=0  idle=130s\n   \u2713 IBM      final_pm      calls=0  idle=13s\n   \u2713 GS       done          calls=0  idle=0s"}
{"ts": "2026-08-06T03:37:52+00:00", "event": "cell_start", "cell": "MMM", "decision_date": "2026-07-17"}
{"ts": "2026-08-06T03:37:52+00:00", "event": "agent_stage", "cell": "MMM", "decision_date": "2026-07-17", "stage": "evidence", "symbol": "MMM"}
{"ts": "2026-08-06T03:37:52+00:00", "event": "agent_stage", "cell": "MMM", "decision_date": "2026-07-17", "stage": "evidence_quantitative", "symbol": "MMM"}
{"ts": "2026-08-06T03:37:52+00:00", "event": "data_read", "cell": "MMM", "kind": "fundamentals", "source": "massive_fundamentals", "status": "ok", "cached": false, "raw_chars": 4521, "capped_chars": 4521, "raw_tokens": 1130, "capped_tokens": 1130}
{"ts": "2026-08-06T03:37:52+00:00", "event": "data_read", "cell": "MMM", "kind": "ratios", "source": "valuation_ratios", "status": "ok", "cached": false, "raw_chars": 246289, "capped_chars": 246289, "raw_tokens": 61572, "capped_tokens": 61572}
{"ts": "2026-08-06T03:37:52+00:00", "event": "data_read", "cell": "MMM", "kind": "prices", "source": "massive_prices", "status": "ok", "cached": false, "raw_chars": 830, "capped_chars": 830, "raw_tokens": 208, "capped_tokens": 208}
{"ts": "2026-08-06T03:37:56+00:00", "event": "agent_stage", "cell": "MMM", "decision_date": "2026-07-10", "stage": "final_pm", "symbol": "MMM"}
{"ts": "2026-08-06T03:37:56+00:00", "event": "run_grid", "grid": "== cells\n   \u2713 AMZN     done          calls=0  idle=292s\n   \u2713 HD       done          calls=0  idle=151s\n   \u2713 MMM      final_pm      calls=0  idle=0s\n   \u2713 WMT      independent_verifier  calls=0  idle=44s\n   \u2713 AAPL     done          calls=0  idle=170s\n   \u2713 CAT      done          calls=0  idle=200s\n   \u2713 JNJ      qualitative_specialist  calls=0  idle=35s\n   \u2713 JPM      qualitative_specialist  calls=0  idle=15s\n   \u2713 AXP      done          calls=0  idle=357s\n   \u2713 KO       evidence_quantitative  calls=0  idle=7s\n   \u2713 MCD      evidence_quantitative  calls=0  idle=5s\n   \u2713 MRK      qualitative_specialist  calls=0  idle=61s\n   \u2713 AMGN     done          calls=0  idle=275s\n   \u2713 MSFT     done          calls=0  idle=300s\n   \u2713 NKE      done          calls=0  idle=271s\n   \u2713 HON      done          calls=0  idle=133s\n   \u2713 IBM      final_pm      calls=0  idle=17s\n   \u2713 GS       done          calls=0  idle=3s"}
{"ts": "2026-08-06T03:37:56+00:00", "event": "data_read", "cell": "MMM", "kind": "macro", "source": "fred_macro", "status": "ok", "cached": false, "raw_chars": 30332, "capped_chars": 30332, "raw_tokens": 7583, "capped_tokens": 7583}
{"ts": "2026-08-06T03:37:56+00:00", "event": "data_read", "cell": "KO", "kind": "macro", "source": "fred_macro", "status": "ok", "cached": false, "raw_chars": 30332, "capped_chars": 30332, "raw_tokens": 7583, "capped_tokens": 7583}
{"ts": "2026-08-06T03:37:56+00:00", "event": "data_read", "cell": "MCD", "kind": "macro", "source": "fred_macro", "status": "ok", "cached": false, "raw_chars": 30332, "capped_chars": 30332, "raw_tokens": 7583, "capped_tokens": 7583}
{"ts": "2026-08-06T03:37:56+00:00", "event": "data_read", "cell": "MMM", "kind": "news_sentiment", "source": "news_sentiment", "status": "ok", "cached": false, "raw_chars": 1015, "capped_chars": 1015, "raw_tokens": 254, "capped_tokens": 254}
{"ts": "2026-08-06T03:37:56+00:00", "event": "data_read", "cell": "KO", "kind": "news_sentiment", "source": "news_sentiment", "status": "ok", "cached": false, "raw_chars": 2955, "capped_chars": 2955, "raw_tokens": 739, "capped_tokens": 739}
{"ts": "2026-08-06T03:37:56+00:00", "event": "data_read", "cell": "MCD", "kind": "news_sentiment", "source": "news_sentiment", "status": "ok", "cached": false, "raw_chars": 1292, "capped_chars": 1292, "raw_tokens": 323, "capped_tokens": 323}
{"ts": "2026-08-06T03:37:56+00:00", "event": "agent_stage", "cell": "MMM", "decision_date": "2026-07-17", "stage": "evidence_qualitative", "symbol": "MMM"}
{"ts": "2026-08-06T03:37:56+00:00", "event": "agent_stage", "cell": "KO", "decision_date": "2026-07-17", "stage": "evidence_qualitative", "symbol": "KO"}
{"ts": "2026-08-06T03:37:56+00:00", "event": "agent_stage", "cell": "MCD", "decision_date": "2026-07-17", "stage": "evidence_qualitative", "symbol": "MCD"}
{"ts": "2026-08-06T03:37:56+00:00", "event": "data_read", "cell": "MMM", "kind": "news", "source": "massive_news", "status": "ok", "cached": false, "raw_chars": 10623, "capped_chars": 2880, "raw_tokens": 2656, "capped_tokens": 720}
{"ts": "2026-08-06T03:37:56+00:00", "event": "data_read", "cell": "KO", "kind": "news", "source": "massive_news", "status": "ok", "cached": false, "raw_chars": 37846, "capped_chars": 10212, "raw_tokens": 9462, "capped_tokens": 2553}
{"ts": "2026-08-06T03:37:56+00:00", "event": "data_read", "cell": "MCD", "kind": "news", "source": "massive_news", "status": "ok", "cached": false, "raw_chars": 3816, "capped_chars": 1016, "raw_tokens": 954, "capped_tokens": 254}
{"ts": "2026-08-06T03:37:56+00:00", "event": "data_read", "cell": "MMM", "kind": "web_search", "source": "web_search", "status": "ok", "cached": false, "raw_chars": 26550, "capped_chars": 15638, "raw_tokens": 6638, "capped_tokens": 3910}
{"ts": "2026-08-06T03:37:56+00:00", "event": "data_read", "cell": "KO", "kind": "web_search", "source": "web_search", "status": "ok", "cached": false, "raw_chars": 24872, "capped_chars": 18684, "raw_tokens": 6218, "capped_tokens": 4671}
{"ts": "2026-08-06T03:37:56+00:00", "event": "data_read", "cell": "MCD", "kind": "web_search", "source": "web_search", "status": "ok", "cached": false, "raw_chars": 34103, "capped_chars": 26591, "raw_tokens": 8526, "capped_tokens": 6648}
{"ts": "2026-08-06T03:37:56+00:00", "event": "data_read", "cell": "MMM", "kind": "web_search", "source": "web_search", "status": "ok", "cached": false, "raw_chars": 24449, "capped_chars": 14950, "raw_tokens": 6112, "capped_tokens": 3738}
{"ts": "2026-08-06T03:37:56+00:00", "event": "data_read", "cell": "KO", "kind": "web_search", "source": "web_search", "status": "ok", "cached": false, "raw_chars": 9472, "capped_chars": 7959, "raw_tokens": 2368, "capped_tokens": 1990}
{"ts": "2026-08-06T03:37:56+00:00", "event": "data_read", "cell": "MCD", "kind": "web_search", "source": "web_search", "status": "ok", "cached": false, "raw_chars": 14406, "capped_chars": 11574, "raw_tokens": 3602, "capped_tokens": 2894}
{"ts": "2026-08-06T03:37:56+00:00", "event": "data_read", "cell": "MMM", "kind": "web_search", "source": "web_search", "status": "ok", "cached": false, "raw_chars": 16500, "capped_chars": 12433, "raw_tokens": 4125, "capped_tokens": 3108}
{"ts": "2026-08-06T03:37:56+00:00", "event": "data_read", "cell": "KO", "kind": "web_search", "source": "web_search", "status": "ok", "cached": false, "raw_chars": 16004, "capped_chars": 12544, "raw_tokens": 4001, "capped_tokens": 3136}
{"ts": "2026-08-06T03:37:56+00:00", "event": "data_read", "cell": "MCD", "kind": "web_search", "source": "web_search", "status": "ok", "cached": false, "raw_chars": 20210, "capped_chars": 16426, "raw_tokens": 5052, "capped_tokens": 4106}
{"ts": "2026-08-06T03:37:56+00:00", "event": "data_read", "cell": "MMM", "kind": "web_search", "source": "web_search", "status": "ok", "cached": false, "raw_chars": 20533, "capped_chars": 16306, "raw_tokens": 5133, "capped_tokens": 4076}
{"ts": "2026-08-06T03:37:56+00:00", "event": "data_read", "cell": "KO", "kind": "web_search", "source": "web_search", "status": "ok", "cached": false, "raw_chars": 38790, "capped_chars": 30013, "raw_tokens": 9698, "capped_tokens": 7503}
{"ts": "2026-08-06T03:37:56+00:00", "event": "data_read", "cell": "MCD", "kind": "web_search", "source": "web_search", "status": "ok", "cached": false, "raw_chars": 16129, "capped_chars": 12067, "raw_tokens": 4032, "capped_tokens": 3017}
{"ts": "2026-08-06T03:37:56+00:00", "event": "data_read", "cell": "MMM", "kind": "web_search", "source": "web_search", "status": "ok", "cached": false, "raw_chars": 10191, "capped_chars": 6570, "raw_tokens": 2548, "capped_tokens": 1642}
{"ts": "2026-08-06T03:37:56+00:00", "event": "agent_stage", "cell": "MMM", "decision_date": "2026-07-17", "stage": "quantitative_specialist", "symbol": "MMM"}
{"ts": "2026-08-06T03:37:56+00:00", "event": "agent_stage", "cell": "MMM", "decision_date": "2026-07-17", "stage": "qualitative_specialist", "symbol": "MMM"}
{"ts": "2026-08-06T03:37:56+00:00", "event": "data_read", "cell": "KO", "kind": "web_search", "source": "web_search", "status": "ok", "cached": false, "raw_chars": 11407, "capped_chars": 6842, "raw_tokens": 2852, "capped_tokens": 1710}
{"ts": "2026-08-06T03:37:56+00:00", "event": "data_read", "cell": "MCD", "kind": "web_search", "source": "web_search", "status": "ok", "cached": false, "raw_chars": 6309, "capped_chars": 3510, "raw_tokens": 1577, "capped_tokens": 878}
{"ts": "2026-08-06T03:37:56+00:00", "event": "agent_stage", "cell": "KO", "decision_date": "2026-07-17", "stage": "quantitative_specialist", "symbol": "KO"}
{"ts": "2026-08-06T03:37:56+00:00", "event": "agent_stage", "cell": "MCD", "decision_date": "2026-07-17", "stage": "quantitative_specialist", "symbol": "MCD"}
{"ts": "2026-08-06T03:37:56+00:00", "event": "agent_stage", "cell": "KO", "decision_date": "2026-07-17", "stage": "qualitative_specialist", "symbol": "KO"}
{"ts": "2026-08-06T03:37:56+00:00", "event": "agent_stage", "cell": "MCD", "decision_date": "2026-07-17", "stage": "qualitative_specialist", "symbol": "MCD"}
{"ts": "2026-08-06T03:38:01+00:00", "event": "agent_stage", "cell": "MRK", "decision_date": "2026-07-10", "stage": "independent_verifier", "symbol": "MRK"}
{"ts": "2026-08-06T03:38:01+00:00", "event": "run_grid", "grid": "== cells\n   \u2713 AMZN     done          calls=0  idle=297s\n   \u2713 HD       done          calls=0  idle=157s\n   \u2713 MMM      qualitative_specialist  calls=0  idle=5s\n   \u2713 WMT      independent_verifier  calls=0  idle=50s\n   \u2713 AAPL     done          calls=0  idle=176s\n   \u2713 CAT      done          calls=0  idle=205s\n   \u2713 JNJ      qualitative_specialist  calls=0  idle=41s\n   \u2713 JPM      qualitative_specialist  calls=0  idle=20s\n   \u2713 AXP      done          calls=0  idle=363s\n   \u2713 KO       qualitative_specialist  calls=0  idle=5s\n   \u2713 MCD      qualitative_specialist  calls=0  idle=5s\n   \u2713 MRK      independent_verifier  calls=0  idle=0s\n   \u2713 AMGN     done          calls=0  idle=281s\n   \u2713 MSFT     done          calls=0  idle=306s\n   \u2713 NKE      done          calls=0  idle=276s\n   \u2713 HON      done          calls=0  idle=139s\n   \u2713 IBM      final_pm      calls=0  idle=23s\n   \u2713 GS       done          calls=0  idle=9s"}
{"ts": "2026-08-06T03:38:10+00:00", "event": "cell_done", "cell": "IBM", "decision_date": "2026-07-10", "outcome": "ok", "health": "ok", "n_reads": 11, "elapsed_ms": 153730, "n_llm_calls": 4, "tokens_in": 79334, "tokens_out": 10819, "cost_usd": 0.0750284276, "cost_basis": "reported", "detail": ""}
{"ts": "2026-08-06T03:38:10+00:00", "event": "run_grid", "grid": "== cells\n   \u2713 AMZN     done          calls=0  idle=306s\n   \u2713 HD       done          calls=0  idle=166s\n   \u2713 MMM      qualitative_specialist  calls=0  idle=13s\n   \u2713 WMT      independent_verifier  calls=0  idle=59s\n   \u2713 AAPL     done          calls=0  idle=185s\n   \u2713 CAT      done          calls=0  idle=214s\n   \u2713 JNJ      qualitative_specialist  calls=0  idle=50s\n   \u2713 JPM      qualitative_specialist  calls=0  idle=29s\n   \u2713 AXP      done          calls=0  idle=372s\n   \u2713 KO       qualitative_specialist  calls=0  idle=13s\n   \u2713 MCD      qualitative_specialist  calls=0  idle=13s\n   \u2713 MRK      independent_verifier  calls=0  idle=8s\n   \u2713 AMGN     done          calls=0  idle=289s\n   \u2713 MSFT     done          calls=0  idle=315s\n   \u2713 NKE      done          calls=0  idle=285s\n   \u2713 HON      done          calls=0  idle=148s\n   \u2713 IBM      done          calls=0  idle=0s\n   \u2713 GS       done          calls=0  idle=18s"}
{"ts": "2026-08-06T03:38:10+00:00", "event": "cell_start", "cell": "CSCO", "decision_date": "2026-07-24"}
{"ts": "2026-08-06T03:38:10+00:00", "event": "agent_stage", "cell": "CSCO", "decision_date": "2026-07-24", "stage": "evidence", "symbol": "CSCO"}
{"ts": "2026-08-06T03:38:10+00:00", "event": "agent_stage", "cell": "CSCO", "decision_date": "2026-07-24", "stage": "evidence_quantitative", "symbol": "CSCO"}
{"ts": "2026-08-06T03:38:10+00:00", "event": "data_read", "cell": "CSCO", "kind": "fundamentals", "source": "massive_fundamentals", "status": "ok", "cached": false, "raw_chars": 3841, "capped_chars": 3841, "raw_tokens": 960, "capped_tokens": 960}
{"ts": "2026-08-06T03:38:10+00:00", "event": "data_read", "cell": "CSCO", "kind": "ratios", "source": "valuation_ratios", "status": "ok", "cached": false, "raw_chars": 230783, "capped_chars": 230783, "raw_tokens": 57696, "capped_tokens": 57696}
{"ts": "2026-08-06T03:38:10+00:00", "event": "data_read", "cell": "CSCO", "kind": "prices", "source": "massive_prices", "status": "ok", "cached": false, "raw_chars": 830, "capped_chars": 830, "raw_tokens": 208, "capped_tokens": 208}
{"ts": "2026-08-06T03:38:13+00:00", "event": "cell_done", "cell": "MCD", "decision_date": "2026-06-26", "outcome": "ok", "health": "ok", "n_reads": 11, "elapsed_ms": 169547, "n_llm_calls": 4, "tokens_in": 65255, "tokens_out": 11163, "cost_usd": 0.0662336464, "cost_basis": "reported", "detail": ""}
{"ts": "2026-08-06T03:38:13+00:00", "event": "run_grid", "grid": "== cells\n   \u2713 AMZN     done          calls=0  idle=309s\n   \u2713 HD       done          calls=0  idle=169s\n   \u2713 MMM      qualitative_specialist  calls=0  idle=17s\n   \u2713 WMT      independent_verifier  calls=0  idle=62s\n   \u2713 AAPL     done          calls=0  idle=188s\n   \u2713 CAT      done          calls=0  idle=217s\n   \u2713 JNJ      qualitative_specialist  calls=0  idle=53s\n   \u2713 JPM      qualitative_specialist  calls=0  idle=32s\n   \u2713 AXP      done          calls=0  idle=375s\n   \u2713 KO       qualitative_specialist  calls=0  idle=17s\n   \u2713 MCD      done          calls=0  idle=0s\n   \u2713 MRK      independent_verifier  calls=0  idle=11s\n   \u2713 AMGN     done          calls=0  idle=293s\n   \u2713 MSFT     done          calls=0  idle=318s\n   \u2713 NKE      done          calls=0  idle=288s\n   \u2713 HON      done          calls=0  idle=151s\n   \u2713 IBM      done          calls=0  idle=3s\n   \u2713 GS       done          calls=0  idle=21s\n   \u2026 CSCO     evidence_quantitative  calls=0  idle=3s"}
{"ts": "2026-08-06T03:38:13+00:00", "event": "cell_start", "cell": "CVX", "decision_date": "2026-07-24"}
{"ts": "2026-08-06T03:38:13+00:00", "event": "agent_stage", "cell": "CVX", "decision_date": "2026-07-24", "stage": "evidence", "symbol": "CVX"}
{"ts": "2026-08-06T03:38:13+00:00", "event": "agent_stage", "cell": "CVX", "decision_date": "2026-07-24", "stage": "evidence_quantitative", "symbol": "CVX"}
{"ts": "2026-08-06T03:38:13+00:00", "event": "data_read", "cell": "CVX", "kind": "fundamentals", "source": "massive_fundamentals", "status": "ok", "cached": false, "raw_chars": 4553, "capped_chars": 4553, "raw_tokens": 1138, "capped_tokens": 1138}
{"ts": "2026-08-06T03:38:13+00:00", "event": "data_read", "cell": "CVX", "kind": "ratios", "source": "valuation_ratios", "status": "ok", "cached": false, "raw_chars": 225261, "capped_chars": 225261, "raw_tokens": 56315, "capped_tokens": 56315}
{"ts": "2026-08-06T03:38:13+00:00", "event": "data_read", "cell": "CVX", "kind": "prices", "source": "massive_prices", "status": "ok", "cached": false, "raw_chars": 830, "capped_chars": 830, "raw_tokens": 208, "capped_tokens": 208}
{"ts": "2026-08-06T03:38:19+00:00", "event": "data_read", "cell": "CSCO", "kind": "macro", "source": "fred_macro", "status": "ok", "cached": false, "raw_chars": 30496, "capped_chars": 30496, "raw_tokens": 7624, "capped_tokens": 7624}
{"ts": "2026-08-06T03:38:19+00:00", "event": "data_read", "cell": "CVX", "kind": "macro", "source": "fred_macro", "status": "ok", "cached": false, "raw_chars": 30496, "capped_chars": 30496, "raw_tokens": 7624, "capped_tokens": 7624}
{"ts": "2026-08-06T03:38:19+00:00", "event": "data_read", "cell": "CSCO", "kind": "news_sentiment", "source": "news_sentiment", "status": "ok", "cached": false, "raw_chars": 1841, "capped_chars": 1841, "raw_tokens": 460, "capped_tokens": 460}
{"ts": "2026-08-06T03:38:19+00:00", "event": "data_read", "cell": "CVX", "kind": "news_sentiment", "source": "news_sentiment", "status": "ok", "cached": false, "raw_chars": 3291, "capped_chars": 3291, "raw_tokens": 823, "capped_tokens": 823}
{"ts": "2026-08-06T03:38:19+00:00", "event": "agent_stage", "cell": "CSCO", "decision_date": "2026-07-24", "stage": "evidence_qualitative", "symbol": "CSCO"}
{"ts": "2026-08-06T03:38:19+00:00", "event": "agent_stage", "cell": "CVX", "decision_date": "2026-07-24", "stage": "evidence_qualitative", "symbol": "CVX"}
{"ts": "2026-08-06T03:38:19+00:00", "event": "run_grid", "grid": "== cells\n   \u2713 AMZN     done          calls=0  idle=314s\n   \u2713 HD       done          calls=0  idle=174s\n   \u2713 MMM      qualitative_specialist  calls=0  idle=22s\n   \u2713 WMT      independent_verifier  calls=0  idle=67s\n   \u2713 AAPL     done          calls=0  idle=193s\n   \u2713 CAT      done          calls=0  idle=222s\n   \u2713 JNJ      qualitative_specialist  calls=0  idle=58s\n   \u2713 JPM      qualitative_specialist  calls=0  idle=37s\n   \u2713 AXP      done          calls=0  idle=380s\n   \u2713 KO       qualitative_specialist  calls=0  idle=22s\n   \u2713 MCD      done          calls=0  idle=5s\n   \u2713 MRK      independent_verifier  calls=0  idle=17s\n   \u2713 AMGN     done          calls=0  idle=298s\n   \u2713 MSFT     done          calls=0  idle=323s\n   \u2713 NKE      done          calls=0  idle=293s\n   \u2713 HON      done          calls=0  idle=156s\n   \u2713 IBM      done          calls=0  idle=8s\n   \u2713 GS       done          calls=0  idle=26s\n   \u2026 CSCO     evidence_qualitative  calls=0  idle=0s\n   \u2026 CVX      evidence_quantitative  calls=0  idle=5s"}
{"ts": "2026-08-06T03:38:19+00:00", "event": "data_read", "cell": "CVX", "kind": "news", "source": "massive_news", "status": "ok", "cached": false, "raw_chars": 46255, "capped_chars": 11376, "raw_tokens": 11564, "capped_tokens": 2844}
{"ts": "2026-08-06T03:38:19+00:00", "event": "data_read", "cell": "CSCO", "kind": "news", "source": "massive_news", "status": "ok", "cached": false, "raw_chars": 15432, "capped_chars": 3802, "raw_tokens": 3858, "capped_tokens": 950}
{"ts": "2026-08-06T03:38:19+00:00", "event": "data_read", "cell": "CSCO", "kind": "web_search", "source": "web_search", "status": "ok", "cached": false, "raw_chars": 37983, "capped_chars": 34012, "raw_tokens": 9496, "capped_tokens": 8503}
{"ts": "2026-08-06T03:38:19+00:00", "event": "data_read", "cell": "CVX", "kind": "web_search", "source": "web_search", "status": "ok", "cached": false, "raw_chars": 41151, "capped_chars": 36640, "raw_tokens": 10288, "capped_tokens": 9160}
{"ts": "2026-08-06T03:38:19+00:00", "event": "data_read", "cell": "CSCO", "kind": "web_search", "source": "web_search", "status": "ok", "cached": false, "raw_chars": 20186, "capped_chars": 15219, "raw_tokens": 5046, "capped_tokens": 3805}
{"ts": "2026-08-06T03:38:19+00:00", "event": "data_read", "cell": "CVX", "kind": "web_search", "source": "web_search", "status": "ok", "cached": false, "raw_chars": 23838, "capped_chars": 18307, "raw_tokens": 5960, "capped_tokens": 4577}
{"ts": "2026-08-06T03:38:19+00:00", "event": "data_read", "cell": "CSCO", "kind": "web_search", "source": "web_search", "status": "ok", "cached": false, "raw_chars": 18687, "capped_chars": 13008, "raw_tokens": 4672, "capped_tokens": 3252}
{"ts": "2026-08-06T03:38:19+00:00", "event": "data_read", "cell": "CVX", "kind": "web_search", "source": "web_search", "status": "ok", "cached": false, "raw_chars": 9581, "capped_chars": 5658, "raw_tokens": 2395, "capped_tokens": 1414}
{"ts": "2026-08-06T03:38:19+00:00", "event": "data_read", "cell": "CSCO", "kind": "web_search", "source": "web_search", "status": "ok", "cached": false, "raw_chars": 17876, "capped_chars": 13871, "raw_tokens": 4469, "capped_tokens": 3468}
{"ts": "2026-08-06T03:38:19+00:00", "event": "data_read", "cell": "CVX", "kind": "web_search", "source": "web_search", "status": "ok", "cached": false, "raw_chars": 32929, "capped_chars": 28816, "raw_tokens": 8232, "capped_tokens": 7204}
{"ts": "2026-08-06T03:38:19+00:00", "event": "data_read", "cell": "CSCO", "kind": "web_search", "source": "web_search", "status": "ok", "cached": false, "raw_chars": 11448, "capped_chars": 6852, "raw_tokens": 2862, "capped_tokens": 1713}
{"ts": "2026-08-06T03:38:19+00:00", "event": "agent_stage", "cell": "CSCO", "decision_date": "2026-07-24", "stage": "quantitative_specialist", "symbol": "CSCO"}
{"ts": "2026-08-06T03:38:19+00:00", "event": "data_read", "cell": "CVX", "kind": "web_search", "source": "web_search", "status": "ok", "cached": false, "raw_chars": 10157, "capped_chars": 6310, "raw_tokens": 2539, "capped_tokens": 1578}
{"ts": "2026-08-06T03:38:19+00:00", "event": "agent_stage", "cell": "CSCO", "decision_date": "2026-07-24", "stage": "qualitative_specialist", "symbol": "CSCO"}
{"ts": "2026-08-06T03:38:19+00:00", "event": "agent_stage", "cell": "CVX", "decision_date": "2026-07-24", "stage": "quantitative_specialist", "symbol": "CVX"}
{"ts": "2026-08-06T03:38:19+00:00", "event": "agent_stage", "cell": "CVX", "decision_date": "2026-07-24", "stage": "qualitative_specialist", "symbol": "CVX"}
{"ts": "2026-08-06T03:38:22+00:00", "event": "agent_stage", "cell": "JNJ", "decision_date": "2026-07-17", "stage": "independent_verifier", "symbol": "JNJ"}
{"ts": "2026-08-06T03:38:22+00:00", "event": "run_grid", "grid": "== cells\n   \u2713 AMZN     done          calls=0  idle=318s\n   \u2713 HD       done          calls=0  idle=178s\n   \u2713 MMM      qualitative_specialist  calls=0  idle=26s\n   \u2713 WMT      independent_verifier  calls=0  idle=71s\n   \u2713 AAPL     done          calls=0  idle=197s\n   \u2713 CAT      done          calls=0  idle=226s\n   \u2713 JNJ      independent_verifier  calls=0  idle=0s\n   \u2713 JPM      qualitative_specialist  calls=0  idle=41s\n   \u2713 AXP      done          calls=0  idle=384s\n   \u2713 KO       qualitative_specialist  calls=0  idle=26s\n   \u2713 MCD      done          calls=0  idle=8s\n   \u2713 MRK      independent_verifier  calls=0  idle=20s\n   \u2713 AMGN     done          calls=0  idle=301s\n   \u2713 MSFT     done          calls=0  idle=327s\n   \u2713 NKE      done          calls=0  idle=297s\n   \u2713 HON      done          calls=0  idle=160s\n   \u2713 IBM      done          calls=0  idle=12s\n   \u2713 GS       done          calls=0  idle=30s\n   \u2026 CSCO     qualitative_specialist  calls=0  idle=3s\n   \u2026 CVX      qualitative_specialist  calls=0  idle=3s"}
{"ts": "2026-08-06T03:38:22+00:00", "event": "agent_stage", "cell": "MRK", "decision_date": "2026-07-10", "stage": "final_pm", "symbol": "MRK"}
{"ts": "2026-08-06T03:38:28+00:00", "event": "cell_done", "cell": "MMM", "decision_date": "2026-07-10", "outcome": "ok", "health": "ok", "n_reads": 11, "elapsed_ms": 165831, "n_llm_calls": 4, "tokens_in": 67539, "tokens_out": 10699, "cost_usd": 0.0688621914, "cost_basis": "reported", "detail": ""}
{"ts": "2026-08-06T03:38:28+00:00", "event": "run_grid", "grid": "== cells\n   \u2713 AMZN     done          calls=0  idle=324s\n   \u2713 HD       done          calls=0  idle=183s\n   \u2713 MMM      done          calls=0  idle=0s\n   \u2713 WMT      independent_verifier  calls=0  idle=76s\n   \u2713 AAPL     done          calls=0  idle=202s\n   \u2713 CAT      done          calls=0  idle=232s\n   \u2713 JNJ      independent_verifier  calls=0  idle=5s\n   \u2713 JPM      qualitative_specialist  calls=0  idle=47s\n   \u2713 AXP      done          calls=0  idle=389s\n   \u2713 KO       qualitative_specialist  calls=0  idle=31s\n   \u2713 MCD      done          calls=0  idle=14s\n   \u2713 MRK      final_pm      calls=0  idle=5s\n   \u2713 AMGN     done          calls=0  idle=307s\n   \u2713 MSFT     done          calls=0  idle=332s\n   \u2713 NKE      done          calls=0  idle=303s\n   \u2713 HON      done          calls=0  idle=165s\n   \u2713 IBM      done          calls=0  idle=17s\n   \u2713 GS       done          calls=0  idle=35s\n   \u2026 CSCO     qualitative_specialist  calls=0  idle=9s\n   \u2026 CVX      qualitative_specialist  calls=0  idle=9s"}
{"ts": "2026-08-06T03:38:28+00:00", "event": "cell_start", "cell": "MMM", "decision_date": "2026-07-24"}
{"ts": "2026-08-06T03:38:28+00:00", "event": "agent_stage", "cell": "MMM", "decision_date": "2026-07-24", "stage": "evidence", "symbol": "MMM"}
{"ts": "2026-08-06T03:38:28+00:00", "event": "agent_stage", "cell": "MMM", "decision_date": "2026-07-24", "stage": "evidence_quantitative", "symbol": "MMM"}
{"ts": "2026-08-06T03:38:28+00:00", "event": "data_read", "cell": "MMM", "kind": "fundamentals", "source": "massive_fundamentals", "status": "ok", "cached": false, "raw_chars": 4521, "capped_chars": 4521, "raw_tokens": 1130, "capped_tokens": 1130}
{"ts": "2026-08-06T03:38:28+00:00", "event": "data_read", "cell": "MMM", "kind": "ratios", "source": "valuation_ratios", "status": "ok", "cached": false, "raw_chars": 245789, "capped_chars": 245789, "raw_tokens": 61447, "capped_tokens": 61447}
{"ts": "2026-08-06T03:38:28+00:00", "event": "data_read", "cell": "MMM", "kind": "prices", "source": "massive_prices", "status": "ok", "cached": false, "raw_chars": 830, "capped_chars": 830, "raw_tokens": 208, "capped_tokens": 208}
{"ts": "2026-08-06T03:38:35+00:00", "event": "agent_stage", "cell": "KO", "decision_date": "2026-07-17", "stage": "independent_verifier", "symbol": "KO"}
{"ts": "2026-08-06T03:38:35+00:00", "event": "run_grid", "grid": "== cells\n   \u2713 AMZN     done          calls=0  idle=330s\n   \u2713 HD       done          calls=0  idle=190s\n   \u2713 MMM      evidence_quantitative  calls=0  idle=6s\n   \u2713 WMT      independent_verifier  calls=0  idle=83s\n   \u2713 AAPL     done          calls=0  idle=209s\n   \u2713 CAT      done          calls=0  idle=238s\n   \u2713 JNJ      independent_verifier  calls=0  idle=12s\n   \u2713 JPM      qualitative_specialist  calls=0  idle=53s\n   \u2713 AXP      done          calls=0  idle=396s\n   \u2713 KO       independent_verifier  calls=0  idle=0s\n   \u2713 MCD      done          calls=0  idle=21s\n   \u2713 MRK      final_pm      calls=0  idle=12s\n   \u2713 AMGN     done          calls=0  idle=314s\n   \u2713 MSFT     done          calls=0  idle=339s\n   \u2713 NKE      done          calls=0  idle=309s\n   \u2713 HON      done          calls=0  idle=172s\n   \u2713 IBM      done          calls=0  idle=24s\n   \u2713 GS       done          calls=0  idle=42s\n   \u2026 CSCO     qualitative_specialist  calls=0  idle=15s\n   \u2026 CVX      qualitative_specialist  calls=0  idle=15s"}
{"ts": "2026-08-06T03:38:36+00:00", "event": "data_read", "cell": "MMM", "kind": "macro", "source": "fred_macro", "status": "ok", "cached": false, "raw_chars": 30496, "capped_chars": 30496, "raw_tokens": 7624, "capped_tokens": 7624}
{"ts": "2026-08-06T03:38:36+00:00", "event": "data_read", "cell": "MMM", "kind": "news_sentiment", "source": "news_sentiment", "status": "ok", "cached": false, "raw_chars": 968, "capped_chars": 968, "raw_tokens": 242, "capped_tokens": 242}
{"ts": "2026-08-06T03:38:36+00:00", "event": "agent_stage", "cell": "MMM", "decision_date": "2026-07-24", "stage": "evidence_qualitative", "symbol": "MMM"}
{"ts": "2026-08-06T03:38:36+00:00", "event": "data_read", "cell": "MMM", "kind": "news", "source": "massive_news", "status": "ok", "cached": false, "raw_chars": 10221, "capped_chars": 2304, "raw_tokens": 2555, "capped_tokens": 576}
{"ts": "2026-08-06T03:38:36+00:00", "event": "data_read", "cell": "MMM", "kind": "web_search", "source": "web_search", "status": "ok", "cached": false, "raw_chars": 17148, "capped_chars": 13502, "raw_tokens": 4287, "capped_tokens": 3376}
{"ts": "2026-08-06T03:38:36+00:00", "event": "data_read", "cell": "MMM", "kind": "web_search", "source": "web_search", "status": "ok", "cached": false, "raw_chars": 29797, "capped_chars": 19409, "raw_tokens": 7449, "capped_tokens": 4852}
{"ts": "2026-08-06T03:38:36+00:00", "event": "data_read", "cell": "MMM", "kind": "web_search", "source": "web_search", "status": "ok", "cached": false, "raw_chars": 17723, "capped_chars": 13657, "raw_tokens": 4431, "capped_tokens": 3414}
{"ts": "2026-08-06T03:38:36+00:00", "event": "data_read", "cell": "MMM", "kind": "web_search", "source": "web_search", "status": "ok", "cached": false, "raw_chars": 14039, "capped_chars": 10250, "raw_tokens": 3510, "capped_tokens": 2562}
{"ts": "2026-08-06T03:38:36+00:00", "event": "data_read", "cell": "MMM", "kind": "web_search", "source": "web_search", "status": "ok", "cached": false, "raw_chars": 12358, "capped_chars": 8668, "raw_tokens": 3090, "capped_tokens": 2167}
{"ts": "2026-08-06T03:38:36+00:00", "event": "agent_stage", "cell": "MMM", "decision_date": "2026-07-24", "stage": "quantitative_specialist", "symbol": "MMM"}
{"ts": "2026-08-06T03:38:36+00:00", "event": "agent_stage", "cell": "MMM", "decision_date": "2026-07-24", "stage": "qualitative_specialist", "symbol": "MMM"}
{"ts": "2026-08-06T03:38:48+00:00", "event": "agent_stage", "cell": "MCD", "decision_date": "2026-07-17", "stage": "independent_verifier", "symbol": "MCD"}
{"ts": "2026-08-06T03:38:48+00:00", "event": "run_grid", "grid": "== cells\n   \u2713 AMZN     done          calls=0  idle=344s\n   \u2713 HD       done          calls=0  idle=204s\n   \u2713 MMM      qualitative_specialist  calls=0  idle=12s\n   \u2713 WMT      independent_verifier  calls=0  idle=97s\n   \u2713 AAPL     done          calls=0  idle=223s\n   \u2713 CAT      done          calls=0  idle=252s\n   \u2713 JNJ      independent_verifier  calls=0  idle=26s\n   \u2713 JPM      qualitative_specialist  calls=0  idle=67s\n   \u2713 AXP      done          calls=0  idle=410s\n   \u2713 KO       independent_verifier  calls=0  idle=13s\n   \u2713 MCD      independent_verifier  calls=0  idle=0s\n   \u2713 MRK      final_pm      calls=0  idle=25s\n   \u2713 AMGN     done          calls=0  idle=327s\n   \u2713 MSFT     done          calls=0  idle=353s\n   \u2713 NKE      done          calls=0  idle=323s\n   \u2713 HON      done          calls=0  idle=186s\n   \u2713 IBM      done          calls=0  idle=38s\n   \u2713 GS       done          calls=0  idle=56s\n   \u2026 CSCO     qualitative_specialist  calls=0  idle=29s\n   \u2026 CVX      qualitative_specialist  calls=0  idle=29s"}
{"ts": "2026-08-06T03:38:57+00:00", "event": "cell_done", "cell": "MRK", "decision_date": "2026-07-10", "outcome": "ok", "health": "ok", "n_reads": 11, "elapsed_ms": 130155, "n_llm_calls": 4, "tokens_in": 69170, "tokens_out": 9300, "cost_usd": 0.06767589140000001, "cost_basis": "reported", "detail": ""}
{"ts": "2026-08-06T03:38:57+00:00", "event": "run_grid", "grid": "== cells\n   \u2713 AMZN     done          calls=0  idle=352s\n   \u2713 HD       done          calls=0  idle=212s\n   \u2713 MMM      qualitative_specialist  calls=0  idle=20s\n   \u2713 WMT      independent_verifier  calls=0  idle=105s\n   \u2713 AAPL     done          calls=0  idle=231s\n   \u2713 CAT      done          calls=0  idle=261s\n   \u2713 JNJ      independent_verifier  calls=0  idle=34s\n   \u2713 JPM      qualitative_specialist  calls=0  idle=76s\n   \u2713 AXP      done          calls=0  idle=418s\n   \u2713 KO       independent_verifier  calls=0  idle=22s\n   \u2713 MCD      independent_verifier  calls=0  idle=8s\n   \u2713 MRK      done          calls=0  idle=0s\n   \u2713 AMGN     done          calls=0  idle=336s\n   \u2713 MSFT     done          calls=0  idle=361s\n   \u2713 NKE      done          calls=0  idle=331s\n   \u2713 HON      done          calls=0  idle=194s\n   \u2713 IBM      done          calls=0  idle=46s\n   \u2713 GS       done          calls=0  idle=64s\n   \u2026 CSCO     qualitative_specialist  calls=0  idle=38s\n   \u2026 CVX      qualitative_specialist  calls=0  idle=38s"}
{"ts": "2026-08-06T03:38:57+00:00", "event": "cell_start", "cell": "UNH", "decision_date": "2026-07-24"}
{"ts": "2026-08-06T03:38:57+00:00", "event": "agent_stage", "cell": "UNH", "decision_date": "2026-07-24", "stage": "evidence", "symbol": "UNH"}
{"ts": "2026-08-06T03:38:57+00:00", "event": "agent_stage", "cell": "UNH", "decision_date": "2026-07-24", "stage": "evidence_quantitative", "symbol": "UNH"}
{"ts": "2026-08-06T03:38:57+00:00", "event": "data_read", "cell": "UNH", "kind": "fundamentals", "source": "massive_fundamentals", "status": "ok", "cached": false, "raw_chars": 4536, "capped_chars": 4536, "raw_tokens": 1134, "capped_tokens": 1134}
{"ts": "2026-08-06T03:38:57+00:00", "event": "data_read", "cell": "UNH", "kind": "ratios", "source": "valuation_ratios", "status": "ok", "cached": false, "raw_chars": 225505, "capped_chars": 225505, "raw_tokens": 56376, "capped_tokens": 56376}
{"ts": "2026-08-06T03:38:57+00:00", "event": "data_read", "cell": "UNH", "kind": "prices", "source": "massive_prices", "status": "ok", "cached": false, "raw_chars": 830, "capped_chars": 830, "raw_tokens": 208, "capped_tokens": 208}
{"ts": "2026-08-06T03:38:57+00:00", "event": "agent_stage", "cell": "KO", "decision_date": "2026-07-17", "stage": "final_pm", "symbol": "KO"}
{"ts": "2026-08-06T03:39:06+00:00", "event": "data_read", "cell": "UNH", "kind": "macro", "source": "fred_macro", "status": "ok", "cached": false, "raw_chars": 30496, "capped_chars": 30496, "raw_tokens": 7624, "capped_tokens": 7624}
{"ts": "2026-08-06T03:39:06+00:00", "event": "data_read", "cell": "UNH", "kind": "news_sentiment", "source": "news_sentiment", "status": "ok", "cached": false, "raw_chars": 1659, "capped_chars": 1659, "raw_tokens": 415, "capped_tokens": 415}
{"ts": "2026-08-06T03:39:06+00:00", "event": "agent_stage", "cell": "UNH", "decision_date": "2026-07-24", "stage": "evidence_qualitative", "symbol": "UNH"}
{"ts": "2026-08-06T03:39:06+00:00", "event": "run_grid", "grid": "== cells\n   \u2713 AMZN     done          calls=0  idle=362s\n   \u2713 HD       done          calls=0  idle=221s\n   \u2713 MMM      qualitative_specialist  calls=0  idle=30s\n   \u2713 WMT      independent_verifier  calls=0  idle=114s\n   \u2713 AAPL     done          calls=0  idle=240s\n   \u2713 CAT      done          calls=0  idle=270s\n   \u2713 JNJ      independent_verifier  calls=0  idle=43s\n   \u2713 JPM      qualitative_specialist  calls=0  idle=85s\n   \u2713 AXP      done          calls=0  idle=427s\n   \u2713 KO       final_pm      calls=0  idle=8s\n   \u2713 MCD      independent_verifier  calls=0  idle=17s\n   \u2713 MRK      done          calls=0  idle=9s\n   \u2713 AMGN     done          calls=0  idle=345s\n   \u2713 MSFT     done          calls=0  idle=370s\n   \u2713 NKE      done          calls=0  idle=341s\n   \u2713 HON      done          calls=0  idle=203s\n   \u2713 IBM      done          calls=0  idle=55s\n   \u2713 GS       done          calls=0  idle=73s\n   \u2026 CSCO     qualitative_specialist  calls=0  idle=47s\n   \u2026 CVX      qualitative_specialist  calls=0  idle=47s\n   \u2026 UNH      evidence_qualitative  calls=0  idle=0s"}
{"ts": "2026-08-06T03:39:06+00:00", "event": "data_read", "cell": "UNH", "kind": "news", "source": "massive_news", "status": "ok", "cached": false, "raw_chars": 16462, "capped_chars": 3224, "raw_tokens": 4116, "capped_tokens": 806}
{"ts": "2026-08-06T03:39:06+00:00", "event": "data_read", "cell": "UNH", "kind": "web_search", "source": "web_search", "status": "ok", "cached": false, "raw_chars": 21010, "capped_chars": 17408, "raw_tokens": 5252, "capped_tokens": 4352}
{"ts": "2026-08-06T03:39:06+00:00", "event": "data_read", "cell": "UNH", "kind": "web_search", "source": "web_search", "status": "ok", "cached": false, "raw_chars": 7110, "capped_chars": 4238, "raw_tokens": 1778, "capped_tokens": 1060}
{"ts": "2026-08-06T03:39:06+00:00", "event": "data_read", "cell": "UNH", "kind": "web_search", "source": "web_search", "status": "ok", "cached": false, "raw_chars": 23564, "capped_chars": 19356, "raw_tokens": 5891, "capped_tokens": 4839}
{"ts": "2026-08-06T03:39:06+00:00", "event": "data_read", "cell": "UNH", "kind": "web_search", "source": "web_search", "status": "ok", "cached": false, "raw_chars": 16523, "capped_chars": 13103, "raw_tokens": 4131, "capped_tokens": 3276}
{"ts": "2026-08-06T03:39:06+00:00", "event": "data_read", "cell": "UNH", "kind": "web_search", "source": "web_search", "status": "ok", "cached": false, "raw_chars": 16402, "capped_chars": 12981, "raw_tokens": 4100, "capped_tokens": 3245}
{"ts": "2026-08-06T03:39:06+00:00", "event": "agent_stage", "cell": "UNH", "decision_date": "2026-07-24", "stage": "quantitative_specialist", "symbol": "UNH"}
{"ts": "2026-08-06T03:39:06+00:00", "event": "agent_stage", "cell": "UNH", "decision_date": "2026-07-24", "stage": "qualitative_specialist", "symbol": "UNH"}
{"ts": "2026-08-06T03:39:07+00:00", "event": "agent_stage", "cell": "JNJ", "decision_date": "2026-07-17", "stage": "final_pm", "symbol": "JNJ"}
{"ts": "2026-08-06T03:39:08+00:00", "event": "agent_stage", "cell": "MMM", "decision_date": "2026-07-17", "stage": "independent_verifier", "symbol": "MMM"}
{"ts": "2026-08-06T03:39:08+00:00", "event": "run_grid", "grid": "== cells\n   \u2713 AMZN     done          calls=0  idle=364s\n   \u2713 HD       done          calls=0  idle=223s\n   \u2713 MMM      independent_verifier  calls=0  idle=0s\n   \u2713 WMT      independent_verifier  calls=0  idle=116s\n   \u2713 AAPL     done          calls=0  idle=243s\n   \u2713 CAT      done          calls=0  idle=272s\n   \u2713 JNJ      final_pm      calls=0  idle=1s\n   \u2713 JPM      qualitative_specialist  calls=0  idle=87s\n   \u2713 AXP      done          calls=0  idle=429s\n   \u2713 KO       final_pm      calls=0  idle=10s\n   \u2713 MCD      independent_verifier  calls=0  idle=19s\n   \u2713 MRK      done          calls=0  idle=11s\n   \u2713 AMGN     done          calls=0  idle=347s\n   \u2713 MSFT     done          calls=0  idle=372s\n   \u2713 NKE      done          calls=0  idle=343s\n   \u2713 HON      done          calls=0  idle=205s\n   \u2713 IBM      done          calls=0  idle=57s\n   \u2713 GS       done          calls=0  idle=75s\n   \u2026 CSCO     qualitative_specialist  calls=0  idle=49s\n   \u2026 CVX      qualitative_specialist  calls=0  idle=49s\n   \u2026 UNH      qualitative_specialist  calls=0  idle=2s"}
{"ts": "2026-08-06T03:39:09+00:00", "event": "agent_stage", "cell": "MCD", "decision_date": "2026-07-17", "stage": "final_pm", "symbol": "MCD"}
{"ts": "2026-08-06T03:39:09+00:00", "event": "agent_stage", "cell": "JPM", "decision_date": "2026-07-17", "stage": "independent_verifier", "symbol": "JPM"}
{"ts": "2026-08-06T03:39:14+00:00", "event": "agent_stage", "cell": "CSCO", "decision_date": "2026-07-24", "stage": "independent_verifier", "symbol": "CSCO"}
{"ts": "2026-08-06T03:39:14+00:00", "event": "run_grid", "grid": "== cells\n   \u2713 AMZN     done          calls=0  idle=370s\n   \u2713 HD       done          calls=0  idle=230s\n   \u2713 MMM      independent_verifier  calls=0  idle=6s\n   \u2713 WMT      independent_verifier  calls=0  idle=122s\n   \u2713 AAPL     done          calls=0  idle=249s\n   \u2713 CAT      done          calls=0  idle=278s\n   \u2713 JNJ      final_pm      calls=0  idle=7s\n   \u2713 JPM      independent_verifier  calls=0  idle=4s\n   \u2713 AXP      done          calls=0  idle=435s\n   \u2713 KO       final_pm      calls=0  idle=16s\n   \u2713 MCD      final_pm      calls=0  idle=4s\n   \u2713 MRK      done          calls=0  idle=17s\n   \u2713 AMGN     done          calls=0  idle=353s\n   \u2713 MSFT     done          calls=0  idle=379s\n   \u2713 NKE      done          calls=0  idle=349s\n   \u2713 HON      done          calls=0  idle=211s\n   \u2713 IBM      done          calls=0  idle=63s\n   \u2713 GS       done          calls=0  idle=81s\n   \u2026 CSCO     independent_verifier  calls=0  idle=0s\n   \u2026 CVX      qualitative_specialist  calls=0  idle=55s\n   \u2026 UNH      qualitative_specialist  calls=0  idle=8s"}
{"ts": "2026-08-06T03:39:21+00:00", "event": "cell_done", "cell": "KO", "decision_date": "2026-07-17", "outcome": "ok", "health": "ok", "n_reads": 11, "elapsed_ms": 93068, "n_llm_calls": 4, "tokens_in": 81973, "tokens_out": 10446, "cost_usd": 0.098236540912, "cost_basis": "reported", "detail": ""}
{"ts": "2026-08-06T03:39:21+00:00", "event": "run_grid", "grid": "== cells\n   \u2713 AMZN     done          calls=0  idle=377s\n   \u2713 HD       done          calls=0  idle=237s\n   \u2713 MMM      independent_verifier  calls=0  idle=13s\n   \u2713 WMT      independent_verifier  calls=0  idle=130s\n   \u2713 AAPL     done          calls=0  idle=256s\n   \u2713 CAT      done          calls=0  idle=285s\n   \u2713 JNJ      final_pm      calls=0  idle=14s\n   \u2713 JPM      independent_verifier  calls=0  idle=11s\n   \u2713 AXP      done          calls=0  idle=443s\n   \u2713 KO       done          calls=0  idle=0s\n   \u2713 MCD      final_pm      calls=0  idle=12s\n   \u2713 MRK      done          calls=0  idle=24s\n   \u2713 AMGN     done          calls=0  idle=360s\n   \u2713 MSFT     done          calls=0  idle=386s\n   \u2713 NKE      done          calls=0  idle=356s\n   \u2713 HON      done          calls=0  idle=219s\n   \u2713 IBM      done          calls=0  idle=70s\n   \u2713 GS       done          calls=0  idle=88s\n   \u2026 CSCO     independent_verifier  calls=0  idle=7s\n   \u2026 CVX      qualitative_specialist  calls=0  idle=62s\n   \u2026 UNH      qualitative_specialist  calls=0  idle=15s"}
{"ts": "2026-08-06T03:39:21+00:00", "event": "cell_start", "cell": "AAPL", "decision_date": "2026-07-31"}
{"ts": "2026-08-06T03:39:21+00:00", "event": "agent_stage", "cell": "AAPL", "decision_date": "2026-07-31", "stage": "evidence", "symbol": "AAPL"}
{"ts": "2026-08-06T03:39:21+00:00", "event": "agent_stage", "cell": "AAPL", "decision_date": "2026-07-31", "stage": "evidence_quantitative", "symbol": "AAPL"}
{"ts": "2026-08-06T03:39:21+00:00", "event": "data_read", "cell": "AAPL", "kind": "fundamentals", "source": "massive_fundamentals", "status": "ok", "cached": false, "raw_chars": 3894, "capped_chars": 3894, "raw_tokens": 974, "capped_tokens": 974}
{"ts": "2026-08-06T03:39:21+00:00", "event": "data_read", "cell": "AAPL", "kind": "ratios", "source": "valuation_ratios", "status": "ok", "cached": false, "raw_chars": 231037, "capped_chars": 231037, "raw_tokens": 57759, "capped_tokens": 57759}
{"ts": "2026-08-06T03:39:21+00:00", "event": "data_read", "cell": "AAPL", "kind": "prices", "source": "massive_prices", "status": "ok", "cached": false, "raw_chars": 842, "capped_chars": 842, "raw_tokens": 210, "capped_tokens": 210}
{"ts": "2026-08-06T03:39:24+00:00", "event": "cell_done", "cell": "MCD", "decision_date": "2026-07-17", "outcome": "ok", "health": "ok", "n_reads": 11, "elapsed_ms": 94183, "n_llm_calls": 4, "tokens_in": 72685, "tokens_out": 9100, "cost_usd": 0.069943515112, "cost_basis": "reported", "detail": ""}
{"ts": "2026-08-06T03:39:24+00:00", "event": "run_grid", "grid": "== cells\n   \u2713 AMZN     done          calls=0  idle=380s\n   \u2713 HD       done          calls=0  idle=240s\n   \u2713 MMM      independent_verifier  calls=0  idle=16s\n   \u2713 WMT      independent_verifier  calls=0  idle=133s\n   \u2713 AAPL     evidence_quantitative  calls=0  idle=2s\n   \u2713 CAT      done          calls=0  idle=288s\n   \u2713 JNJ      final_pm      calls=0  idle=17s\n   \u2713 JPM      independent_verifier  calls=0  idle=14s\n   \u2713 AXP      done          calls=0  idle=445s\n   \u2713 KO       done          calls=0  idle=2s\n   \u2713 MCD      done          calls=0  idle=0s\n   \u2713 MRK      done          calls=0  idle=27s\n   \u2713 AMGN     done          calls=0  idle=363s\n   \u2713 MSFT     done          calls=0  idle=389s\n   \u2713 NKE      done          calls=0  idle=359s\n   \u2713 HON      done          calls=0  idle=222s\n   \u2713 IBM      done          calls=0  idle=73s\n   \u2713 GS       done          calls=0  idle=91s\n   \u2026 CSCO     independent_verifier  calls=0  idle=10s\n   \u2026 CVX      qualitative_specialist  calls=0  idle=65s\n   \u2026 UNH      qualitative_specialist  calls=0  idle=18s"}
{"ts": "2026-08-06T03:39:24+00:00", "event": "cell_start", "cell": "HON", "decision_date": "2026-07-31"}
{"ts": "2026-08-06T03:39:24+00:00", "event": "agent_stage", "cell": "HON", "decision_date": "2026-07-31", "stage": "evidence", "symbol": "HON"}
{"ts": "2026-08-06T03:39:24+00:00", "event": "agent_stage", "cell": "HON", "decision_date": "2026-07-31", "stage": "evidence_quantitative", "symbol": "HON"}
{"ts": "2026-08-06T03:39:24+00:00", "event": "data_read", "cell": "HON", "kind": "fundamentals", "source": "massive_fundamentals", "status": "ok", "cached": false, "raw_chars": 3815, "capped_chars": 3815, "raw_tokens": 954, "capped_tokens": 954}
{"ts": "2026-08-06T03:39:24+00:00", "event": "data_read", "cell": "HON", "kind": "ratios", "source": "valuation_ratios", "status": "ok", "cached": false, "raw_chars": 247962, "capped_chars": 247962, "raw_tokens": 61990, "capped_tokens": 61990}
{"ts": "2026-08-06T03:39:24+00:00", "event": "data_read", "cell": "HON", "kind": "prices", "source": "massive_prices", "status": "ok", "cached": false, "raw_chars": 878, "capped_chars": 878, "raw_tokens": 220, "capped_tokens": 220}
{"ts": "2026-08-06T03:39:29+00:00", "event": "data_read", "cell": "HON", "kind": "macro", "source": "fred_macro", "status": "ok", "cached": false, "raw_chars": 30602, "capped_chars": 30602, "raw_tokens": 7650, "capped_tokens": 7650}
{"ts": "2026-08-06T03:39:29+00:00", "event": "data_read", "cell": "AAPL", "kind": "macro", "source": "fred_macro", "status": "ok", "cached": false, "raw_chars": 30602, "capped_chars": 30602, "raw_tokens": 7650, "capped_tokens": 7650}
{"ts": "2026-08-06T03:39:30+00:00", "event": "data_read", "cell": "HON", "kind": "news_sentiment", "source": "news_sentiment", "status": "ok", "cached": false, "raw_chars": 1478, "capped_chars": 1478, "raw_tokens": 370, "capped_tokens": 370}
{"ts": "2026-08-06T03:39:30+00:00", "event": "data_read", "cell": "AAPL", "kind": "news_sentiment", "source": "news_sentiment", "status": "ok", "cached": false, "raw_chars": 4360, "capped_chars": 4360, "raw_tokens": 1090, "capped_tokens": 1090}
{"ts": "2026-08-06T03:39:30+00:00", "event": "agent_stage", "cell": "HON", "decision_date": "2026-07-31", "stage": "evidence_qualitative", "symbol": "HON"}
{"ts": "2026-08-06T03:39:30+00:00", "event": "agent_stage", "cell": "AAPL", "decision_date": "2026-07-31", "stage": "evidence_qualitative", "symbol": "AAPL"}
{"ts": "2026-08-06T03:39:30+00:00", "event": "run_grid", "grid": "== cells\n   \u2713 AMZN     done          calls=0  idle=385s\n   \u2713 HD       done          calls=0  idle=245s\n   \u2713 MMM      independent_verifier  calls=0  idle=21s\n   \u2713 WMT      independent_verifier  calls=0  idle=138s\n   \u2713 AAPL     evidence_quantitative  calls=0  idle=8s\n   \u2713 CAT      done          calls=0  idle=293s\n   \u2713 JNJ      final_pm      calls=0  idle=22s\n   \u2713 JPM      independent_verifier  calls=0  idle=20s\n   \u2713 AXP      done          calls=0  idle=451s\n   \u2713 KO       done          calls=0  idle=8s\n   \u2713 MCD      done          calls=0  idle=5s\n   \u2713 MRK      done          calls=0  idle=32s\n   \u2713 AMGN     done          calls=0  idle=369s\n   \u2713 MSFT     done          calls=0  idle=394s\n   \u2713 NKE      done          calls=0  idle=364s\n   \u2713 HON      evidence_qualitative  calls=0  idle=0s\n   \u2713 IBM      done          calls=0  idle=79s\n   \u2713 GS       done          calls=0  idle=97s\n   \u2026 CSCO     independent_verifier  calls=0  idle=15s\n   \u2026 CVX      qualitative_specialist  calls=0  idle=70s\n   \u2026 UNH      qualitative_specialist  calls=0  idle=23s"}
{"ts": "2026-08-06T03:39:30+00:00", "event": "data_read", "cell": "AAPL", "kind": "news", "source": "massive_news", "status": "ok", "cached": false, "raw_chars": 213190, "capped_chars": 45336, "raw_tokens": 53298, "capped_tokens": 11334}
{"ts": "2026-08-06T03:39:30+00:00", "event": "data_read", "cell": "HON", "kind": "news", "source": "massive_news", "status": "ok", "cached": false, "raw_chars": 5527, "capped_chars": 1195, "raw_tokens": 1382, "capped_tokens": 299}
{"ts": "2026-08-06T03:39:30+00:00", "event": "data_read", "cell": "AAPL", "kind": "web_search", "source": "web_search", "status": "ok", "cached": false, "raw_chars": 33467, "capped_chars": 26017, "raw_tokens": 8367, "capped_tokens": 6504}
{"ts": "2026-08-06T03:39:30+00:00", "event": "data_read", "cell": "HON", "kind": "web_search", "source": "web_search", "status": "ok", "cached": false, "raw_chars": 14225, "capped_chars": 10774, "raw_tokens": 3556, "capped_tokens": 2694}
{"ts": "2026-08-06T03:39:30+00:00", "event": "data_read", "cell": "AAPL", "kind": "web_search", "source": "web_search", "status": "ok", "cached": false, "raw_chars": 31327, "capped_chars": 27194, "raw_tokens": 7832, "capped_tokens": 6798}
{"ts": "2026-08-06T03:39:30+00:00", "event": "data_read", "cell": "HON", "kind": "web_search", "source": "web_search", "status": "ok", "cached": false, "raw_chars": 10704, "capped_chars": 6599, "raw_tokens": 2676, "capped_tokens": 1650}
{"ts": "2026-08-06T03:39:30+00:00", "event": "data_read", "cell": "AAPL", "kind": "web_search", "source": "web_search", "status": "ok", "cached": false, "raw_chars": 14322, "capped_chars": 11311, "raw_tokens": 3580, "capped_tokens": 2828}
{"ts": "2026-08-06T03:39:30+00:00", "event": "data_read", "cell": "HON", "kind": "web_search", "source": "web_search", "status": "ok", "cached": false, "raw_chars": 19235, "capped_chars": 14992, "raw_tokens": 4809, "capped_tokens": 3748}
{"ts": "2026-08-06T03:39:30+00:00", "event": "data_read", "cell": "AAPL", "kind": "web_search", "source": "web_search", "status": "ok", "cached": false, "raw_chars": 14747, "capped_chars": 11422, "raw_tokens": 3687, "capped_tokens": 2856}
{"ts": "2026-08-06T03:39:30+00:00", "event": "data_read", "cell": "HON", "kind": "web_search", "source": "web_search", "status": "ok", "cached": false, "raw_chars": 18231, "capped_chars": 14809, "raw_tokens": 4558, "capped_tokens": 3702}
{"ts": "2026-08-06T03:39:30+00:00", "event": "data_read", "cell": "AAPL", "kind": "web_search", "source": "web_search", "status": "ok", "cached": false, "raw_chars": 13066, "capped_chars": 9301, "raw_tokens": 3266, "capped_tokens": 2325}
{"ts": "2026-08-06T03:39:30+00:00", "event": "agent_stage", "cell": "AAPL", "decision_date": "2026-07-31", "stage": "quantitative_specialist", "symbol": "AAPL"}
{"ts": "2026-08-06T03:39:30+00:00", "event": "agent_stage", "cell": "AAPL", "decision_date": "2026-07-31", "stage": "qualitative_specialist", "symbol": "AAPL"}
{"ts": "2026-08-06T03:39:30+00:00", "event": "data_read", "cell": "HON", "kind": "web_search", "source": "web_search", "status": "ok", "cached": false, "raw_chars": 14888, "capped_chars": 9680, "raw_tokens": 3722, "capped_tokens": 2420}
{"ts": "2026-08-06T03:39:30+00:00", "event": "agent_stage", "cell": "HON", "decision_date": "2026-07-31", "stage": "quantitative_specialist", "symbol": "HON"}
{"ts": "2026-08-06T03:39:30+00:00", "event": "agent_stage", "cell": "HON", "decision_date": "2026-07-31", "stage": "qualitative_specialist", "symbol": "HON"}
{"ts": "2026-08-06T03:39:33+00:00", "event": "agent_stage", "cell": "CVX", "decision_date": "2026-07-24", "stage": "independent_verifier", "symbol": "CVX"}
{"ts": "2026-08-06T03:39:33+00:00", "event": "run_grid", "grid": "== cells\n   \u2713 AMZN     done          calls=0  idle=389s\n   \u2713 HD       done          calls=0  idle=248s\n   \u2713 MMM      independent_verifier  calls=0  idle=24s\n   \u2713 WMT      independent_verifier  calls=0  idle=141s\n   \u2713 AAPL     qualitative_specialist  calls=0  idle=3s\n   \u2713 CAT      done          calls=0  idle=297s\n   \u2713 JNJ      final_pm      calls=0  idle=26s\n   \u2713 JPM      independent_verifier  calls=0  idle=23s\n   \u2713 AXP      done          calls=0  idle=454s\n   \u2713 KO       done          calls=0  idle=11s\n   \u2713 MCD      done          calls=0  idle=8s\n   \u2713 MRK      done          calls=0  idle=36s\n   \u2713 AMGN     done          calls=0  idle=372s\n   \u2713 MSFT     done          calls=0  idle=397s\n   \u2713 NKE      done          calls=0  idle=368s\n   \u2713 HON      qualitative_specialist  calls=0  idle=3s\n   \u2713 IBM      done          calls=0  idle=82s\n   \u2713 GS       done          calls=0  idle=100s\n   \u2026 CSCO     independent_verifier  calls=0  idle=18s\n   \u2026 CVX      independent_verifier  calls=0  idle=0s\n   \u2026 UNH      qualitative_specialist  calls=0  idle=27s"}
{"ts": "2026-08-06T03:39:33+00:00", "event": "agent_stage", "cell": "MMM", "decision_date": "2026-07-17", "stage": "final_pm", "symbol": "MMM"}
{"ts": "2026-08-06T03:39:43+00:00", "event": "cell_done", "cell": "JNJ", "decision_date": "2026-07-17", "outcome": "ok", "health": "ok", "n_reads": 11, "elapsed_ms": 151074, "n_llm_calls": 4, "tokens_in": 87098, "tokens_out": 10838, "cost_usd": 0.0844111064, "cost_basis": "reported", "detail": ""}
{"ts": "2026-08-06T03:39:43+00:00", "event": "run_grid", "grid": "== cells\n   \u2713 AMZN     done          calls=0  idle=399s\n   \u2713 HD       done          calls=0  idle=259s\n   \u2713 MMM      final_pm      calls=0  idle=10s\n   \u2713 WMT      independent_verifier  calls=0  idle=152s\n   \u2713 AAPL     qualitative_specialist  calls=0  idle=13s\n   \u2713 CAT      done          calls=0  idle=307s\n   \u2713 JNJ      done          calls=0  idle=0s\n   \u2713 JPM      independent_verifier  calls=0  idle=33s\n   \u2713 AXP      done          calls=0  idle=465s\n   \u2713 KO       done          calls=0  idle=22s\n   \u2713 MCD      done          calls=0  idle=19s\n   \u2713 MRK      done          calls=0  idle=46s\n   \u2713 AMGN     done          calls=0  idle=383s\n   \u2713 MSFT     done          calls=0  idle=408s\n   \u2713 NKE      done          calls=0  idle=378s\n   \u2713 HON      qualitative_specialist  calls=0  idle=13s\n   \u2713 IBM      done          calls=0  idle=93s\n   \u2713 GS       done          calls=0  idle=111s\n   \u2026 CSCO     independent_verifier  calls=0  idle=29s\n   \u2026 CVX      independent_verifier  calls=0  idle=10s\n   \u2026 UNH      qualitative_specialist  calls=0  idle=37s"}
{"ts": "2026-08-06T03:39:43+00:00", "event": "cell_start", "cell": "JNJ", "decision_date": "2026-07-31"}
{"ts": "2026-08-06T03:39:43+00:00", "event": "agent_stage", "cell": "JNJ", "decision_date": "2026-07-31", "stage": "evidence", "symbol": "JNJ"}
{"ts": "2026-08-06T03:39:43+00:00", "event": "agent_stage", "cell": "JNJ", "decision_date": "2026-07-31", "stage": "evidence_quantitative", "symbol": "JNJ"}
{"ts": "2026-08-06T03:39:43+00:00", "event": "data_read", "cell": "JNJ", "kind": "fundamentals", "source": "massive_fundamentals", "status": "ok", "cached": false, "raw_chars": 5347, "capped_chars": 5347, "raw_tokens": 1337, "capped_tokens": 1337}
{"ts": "2026-08-06T03:39:43+00:00", "event": "data_read", "cell": "JNJ", "kind": "ratios", "source": "valuation_ratios", "status": "ok", "cached": false, "raw_chars": 223499, "capped_chars": 223499, "raw_tokens": 55875, "capped_tokens": 55875}
{"ts": "2026-08-06T03:39:43+00:00", "event": "data_read", "cell": "JNJ", "kind": "prices", "source": "massive_prices", "status": "ok", "cached": false, "raw_chars": 830, "capped_chars": 830, "raw_tokens": 208, "capped_tokens": 208}
{"ts": "2026-08-06T03:39:49+00:00", "event": "agent_stage", "cell": "JPM", "decision_date": "2026-07-17", "stage": "final_pm", "symbol": "JPM"}
{"ts": "2026-08-06T03:39:49+00:00", "event": "run_grid", "grid": "== cells\n   \u2713 AMZN     done          calls=0  idle=404s\n   \u2713 HD       done          calls=0  idle=264s\n   \u2713 MMM      final_pm      calls=0  idle=15s\n   \u2713 WMT      independent_verifier  calls=0  idle=157s\n   \u2713 AAPL     qualitative_specialist  calls=0  idle=19s\n   \u2713 CAT      done          calls=0  idle=312s\n   \u2713 JNJ      evidence_quantitative  calls=0  idle=5s\n   \u2713 JPM      final_pm      calls=0  idle=0s\n   \u2713 AXP      done          calls=0  idle=470s\n   \u2713 KO       done          calls=0  idle=27s\n   \u2713 MCD      done          calls=0  idle=24s\n   \u2713 MRK      done          calls=0  idle=51s\n   \u2713 AMGN     done          calls=0  idle=388s\n   \u2713 MSFT     done          calls=0  idle=413s\n   \u2713 NKE      done          calls=0  idle=383s\n   \u2713 HON      qualitative_specialist  calls=0  idle=19s\n   \u2713 IBM      done          calls=0  idle=98s\n   \u2713 GS       done          calls=0  idle=116s\n   \u2026 CSCO     independent_verifier  calls=0  idle=34s\n   \u2026 CVX      independent_verifier  calls=0  idle=15s\n   \u2026 UNH      qualitative_specialist  calls=0  idle=42s"}
{"ts": "2026-08-06T03:39:51+00:00", "event": "agent_stage", "cell": "CSCO", "decision_date": "2026-07-24", "stage": "final_pm", "symbol": "CSCO"}
{"ts": "2026-08-06T03:39:51+00:00", "event": "run_grid", "grid": "== cells\n   \u2713 AMZN     done          calls=0  idle=407s\n   \u2713 HD       done          calls=0  idle=267s\n   \u2713 MMM      final_pm      calls=0  idle=18s\n   \u2713 WMT      independent_verifier  calls=0  idle=160s\n   \u2713 AAPL     qualitative_specialist  calls=0  idle=21s\n   \u2713 CAT      done          calls=0  idle=315s\n   \u2713 JNJ      evidence_quantitative  calls=0  idle=7s\n   \u2713 JPM      final_pm      calls=0  idle=2s\n   \u2713 AXP      done          calls=0  idle=473s\n   \u2713 KO       done          calls=0  idle=30s\n   \u2713 MCD      done          calls=0  idle=27s\n   \u2713 MRK      done          calls=0  idle=54s\n   \u2713 AMGN     done          calls=0  idle=390s\n   \u2713 MSFT     done          calls=0  idle=416s\n   \u2713 NKE      done          calls=0  idle=386s\n   \u2713 HON      qualitative_specialist  calls=0  idle=21s\n   \u2713 IBM      done          calls=0  idle=100s\n   \u2713 GS       done          calls=0  idle=119s\n   \u2026 CSCO     final_pm      calls=0  idle=0s\n   \u2026 CVX      independent_verifier  calls=0  idle=18s\n   \u2026 UNH      qualitative_specialist  calls=0  idle=45s"}
{"ts": "2026-08-06T03:39:52+00:00", "event": "agent_stage", "cell": "MMM", "decision_date": "2026-07-24", "stage": "independent_verifier", "symbol": "MMM"}
{"ts": "2026-08-06T03:39:52+00:00", "event": "data_read", "cell": "JNJ", "kind": "macro", "source": "fred_macro", "status": "ok", "cached": false, "raw_chars": 30602, "capped_chars": 30602, "raw_tokens": 7650, "capped_tokens": 7650}
{"ts": "2026-08-06T03:39:52+00:00", "event": "data_read", "cell": "JNJ", "kind": "news_sentiment", "source": "news_sentiment", "status": "ok", "cached": false, "raw_chars": 2728, "capped_chars": 2728, "raw_tokens": 682, "capped_tokens": 682}
{"ts": "2026-08-06T03:39:52+00:00", "event": "agent_stage", "cell": "JNJ", "decision_date": "2026-07-31", "stage": "evidence_qualitative", "symbol": "JNJ"}
{"ts": "2026-08-06T03:39:52+00:00", "event": "data_read", "cell": "JNJ", "kind": "news", "source": "massive_news", "status": "ok", "cached": false, "raw_chars": 60428, "capped_chars": 16477, "raw_tokens": 15107, "capped_tokens": 4119}
{"ts": "2026-08-06T03:39:52+00:00", "event": "data_read", "cell": "JNJ", "kind": "web_search", "source": "web_search", "status": "ok", "cached": false, "raw_chars": 21089, "capped_chars": 17014, "raw_tokens": 5272, "capped_tokens": 4254}
{"ts": "2026-08-06T03:39:52+00:00", "event": "data_read", "cell": "JNJ", "kind": "web_search", "source": "web_search", "status": "ok", "cached": false, "raw_chars": 19899, "capped_chars": 11155, "raw_tokens": 4975, "capped_tokens": 2789}
{"ts": "2026-08-06T03:39:52+00:00", "event": "data_read", "cell": "JNJ", "kind": "web_search", "source": "web_search", "status": "ok", "cached": false, "raw_chars": 31101, "capped_chars": 25219, "raw_tokens": 7775, "capped_tokens": 6305}
{"ts": "2026-08-06T03:39:52+00:00", "event": "data_read", "cell": "JNJ", "kind": "web_search", "source": "web_search", "status": "ok", "cached": false, "raw_chars": 24889, "capped_chars": 20563, "raw_tokens": 6222, "capped_tokens": 5141}
{"ts": "2026-08-06T03:39:52+00:00", "event": "data_read", "cell": "JNJ", "kind": "web_search", "source": "web_search", "status": "ok", "cached": false, "raw_chars": 17815, "capped_chars": 13299, "raw_tokens": 4454, "capped_tokens": 3325}
{"ts": "2026-08-06T03:39:52+00:00", "event": "agent_stage", "cell": "JNJ", "decision_date": "2026-07-31", "stage": "quantitative_specialist", "symbol": "JNJ"}
{"ts": "2026-08-06T03:39:52+00:00", "event": "agent_stage", "cell": "JNJ", "decision_date": "2026-07-31", "stage": "qualitative_specialist", "symbol": "JNJ"}
{"ts": "2026-08-06T03:39:52+00:00", "event": "cell_done", "cell": "MMM", "decision_date": "2026-07-17", "outcome": "ok", "health": "ok", "n_reads": 11, "elapsed_ms": 119888, "n_llm_calls": 4, "tokens_in": 76290, "tokens_out": 11417, "cost_usd": 0.0794665632, "cost_basis": "reported", "detail": ""}
{"ts": "2026-08-06T03:39:52+00:00", "event": "cell_start", "cell": "JPM", "decision_date": "2026-07-31"}
{"ts": "2026-08-06T03:39:52+00:00", "event": "agent_stage", "cell": "JPM", "decision_date": "2026-07-31", "stage": "evidence", "symbol": "JPM"}
{"ts": "2026-08-06T03:39:52+00:00", "event": "agent_stage", "cell": "JPM", "decision_date": "2026-07-31", "stage": "evidence_quantitative", "symbol": "JPM"}
{"ts": "2026-08-06T03:39:52+00:00", "event": "data_read", "cell": "JPM", "kind": "fundamentals", "source": "massive_fundamentals", "status": "ok", "cached": false, "raw_chars": 3723, "capped_chars": 3723, "raw_tokens": 931, "capped_tokens": 931}
{"ts": "2026-08-06T03:39:52+00:00", "event": "data_read", "cell": "JPM", "kind": "ratios", "source": "valuation_ratios", "status": "ok", "cached": false, "raw_chars": 236025, "capped_chars": 236025, "raw_tokens": 59006, "capped_tokens": 59006}
{"ts": "2026-08-06T03:39:52+00:00", "event": "data_read", "cell": "JPM", "kind": "prices", "source": "massive_prices", "status": "ok", "cached": false, "raw_chars": 818, "capped_chars": 818, "raw_tokens": 204, "capped_tokens": 204}
{"ts": "2026-08-06T03:39:55+00:00", "event": "agent_stage", "cell": "CVX", "decision_date": "2026-07-24", "stage": "final_pm", "symbol": "CVX"}
{"ts": "2026-08-06T03:39:55+00:00", "event": "run_grid", "grid": "== cells\n   \u2713 AMZN     done          calls=0  idle=410s\n   \u2713 HD       done          calls=0  idle=270s\n   \u2713 MMM      done          calls=0  idle=2s\n   \u2713 WMT      independent_verifier  calls=0  idle=163s\n   \u2713 AAPL     qualitative_specialist  calls=0  idle=25s\n   \u2713 CAT      done          calls=0  idle=319s\n   \u2713 JNJ      qualitative_specialist  calls=0  idle=3s\n   \u2713 JPM      evidence_quantitative  calls=0  idle=2s\n   \u2713 AXP      done          calls=0  idle=476s\n   \u2713 KO       done          calls=0  idle=33s\n   \u2713 MCD      done          calls=0  idle=30s\n   \u2713 MRK      done          calls=0  idle=58s\n   \u2713 AMGN     done          calls=0  idle=394s\n   \u2713 MSFT     done          calls=0  idle=419s\n   \u2713 NKE      done          calls=0  idle=390s\n   \u2713 HON      qualitative_specialist  calls=0  idle=25s\n   \u2713 IBM      done          calls=0  idle=104s\n   \u2713 GS       done          calls=0  idle=122s\n   \u2026 CSCO     final_pm      calls=0  idle=3s\n   \u2026 CVX      final_pm      calls=0  idle=0s\n   \u2026 UNH      qualitative_specialist  calls=0  idle=48s"}
{"ts": "2026-08-06T03:40:02+00:00", "event": "data_read", "cell": "JPM", "kind": "macro", "source": "fred_macro", "status": "ok", "cached": false, "raw_chars": 30602, "capped_chars": 30602, "raw_tokens": 7650, "capped_tokens": 7650}
{"ts": "2026-08-06T03:40:02+00:00", "event": "data_read", "cell": "JPM", "kind": "news_sentiment", "source": "news_sentiment", "status": "ok", "cached": false, "raw_chars": 3561, "capped_chars": 3561, "raw_tokens": 890, "capped_tokens": 890}
{"ts": "2026-08-06T03:40:02+00:00", "event": "agent_stage", "cell": "JPM", "decision_date": "2026-07-31", "stage": "evidence_qualitative", "symbol": "JPM"}
{"ts": "2026-08-06T03:40:02+00:00", "event": "run_grid", "grid": "== cells\n   \u2713 AMZN     done          calls=0  idle=417s\n   \u2713 HD       done          calls=0  idle=277s\n   \u2713 MMM      done          calls=0  idle=9s\n   \u2713 WMT      independent_verifier  calls=0  idle=170s\n   \u2713 AAPL     qualitative_specialist  calls=0  idle=32s\n   \u2713 CAT      done          calls=0  idle=326s\n   \u2713 JNJ      qualitative_specialist  calls=0  idle=10s\n   \u2713 JPM      evidence_qualitative  calls=0  idle=0s\n   \u2713 AXP      done          calls=0  idle=483s\n   \u2713 KO       done          calls=0  idle=40s\n   \u2713 MCD      done          calls=0  idle=37s\n   \u2713 MRK      done          calls=0  idle=65s\n   \u2713 AMGN     done          calls=0  idle=401s\n   \u2713 MSFT     done          calls=0  idle=426s\n   \u2713 NKE      done          calls=0  idle=397s\n   \u2713 HON      qualitative_specialist  calls=0  idle=32s\n   \u2713 IBM      done          calls=0  idle=111s\n   \u2713 GS       done          calls=0  idle=129s\n   \u2026 CSCO     final_pm      calls=0  idle=10s\n   \u2026 CVX      final_pm      calls=0  idle=7s\n   \u2026 UNH      qualitative_specialist  calls=0  idle=55s"}
{"ts": "2026-08-06T03:40:02+00:00", "event": "data_read", "cell": "JPM", "kind": "news", "source": "massive_news", "status": "ok", "cached": false, "raw_chars": 129374, "capped_chars": 14639, "raw_tokens": 32344, "capped_tokens": 3660}
{"ts": "2026-08-06T03:40:02+00:00", "event": "data_read", "cell": "JPM", "kind": "web_search", "source": "web_search", "status": "ok", "cached": false, "raw_chars": 27656, "capped_chars": 17673, "raw_tokens": 6914, "capped_tokens": 4418}
{"ts": "2026-08-06T03:40:02+00:00", "event": "data_read", "cell": "JPM", "kind": "web_search", "source": "web_search", "status": "ok", "cached": false, "raw_chars": 15285, "capped_chars": 11836, "raw_tokens": 3821, "capped_tokens": 2959}
{"ts": "2026-08-06T03:40:02+00:00", "event": "data_read", "cell": "JPM", "kind": "web_search", "source": "web_search", "status": "ok", "cached": false, "raw_chars": 25536, "capped_chars": 19958, "raw_tokens": 6384, "capped_tokens": 4990}
{"ts": "2026-08-06T03:40:02+00:00", "event": "data_read", "cell": "JPM", "kind": "web_search", "source": "web_search", "status": "ok", "cached": false, "raw_chars": 13656, "capped_chars": 10503, "raw_tokens": 3414, "capped_tokens": 2626}
{"ts": "2026-08-06T03:40:02+00:00", "event": "data_read", "cell": "JPM", "kind": "web_search", "source": "web_search", "status": "ok", "cached": false, "raw_chars": 22118, "capped_chars": 15421, "raw_tokens": 5530, "capped_tokens": 3855}
{"ts": "2026-08-06T03:40:02+00:00", "event": "agent_stage", "cell": "JPM", "decision_date": "2026-07-31", "stage": "quantitative_specialist", "symbol": "JPM"}
{"ts": "2026-08-06T03:40:02+00:00", "event": "agent_stage", "cell": "JPM", "decision_date": "2026-07-31", "stage": "qualitative_specialist", "symbol": "JPM"}
{"ts": "2026-08-06T03:40:18+00:00", "event": "cell_done", "cell": "UNH", "decision_date": "2026-07-24", "outcome": "crashed", "health": "ok", "n_reads": 11, "elapsed_ms": 81517, "n_llm_calls": 0, "tokens_in": 0, "tokens_out": 0, "cost_usd": null, "cost_basis": "unknown", "detail": "JSONDecodeError: Expecting value: line 343 column 1 (char 1881)"}
{"ts": "2026-08-06T03:40:18+00:00", "event": "run_grid", "grid": "== cells\n   \u2713 AMZN     done          calls=0  idle=434s\n   \u2713 HD       done          calls=0  idle=294s\n   \u2713 MMM      done          calls=0  idle=26s\n   \u2713 WMT      independent_verifier  calls=0  idle=187s\n   \u2713 AAPL     qualitative_specialist  calls=0  idle=48s\n   \u2713 CAT      done          calls=0  idle=342s\n   \u2713 JNJ      qualitative_specialist  calls=0  idle=26s\n   \u2713 JPM      qualitative_specialist  calls=0  idle=16s\n   \u2713 AXP      done          calls=0  idle=500s\n   \u2713 KO       done          calls=0  idle=57s\n   \u2713 MCD      done          calls=0  idle=54s\n   \u2713 MRK      done          calls=0  idle=81s\n   \u2713 AMGN     done          calls=0  idle=417s\n   \u2713 MSFT     done          calls=0  idle=443s\n   \u2713 NKE      done          calls=0  idle=413s\n   \u2713 HON      qualitative_specialist  calls=0  idle=48s\n   \u2713 IBM      done          calls=0  idle=127s\n   \u2713 GS       done          calls=0  idle=146s\n   \u2026 CSCO     final_pm      calls=0  idle=26s\n   \u2026 CVX      final_pm      calls=0  idle=23s\n   \u2713 UNH      done          calls=0  idle=0s"}
{"ts": "2026-08-06T03:40:18+00:00", "event": "cell_start", "cell": "MMM", "decision_date": "2026-07-31"}
{"ts": "2026-08-06T03:40:18+00:00", "event": "agent_stage", "cell": "MMM", "decision_date": "2026-07-31", "stage": "evidence", "symbol": "MMM"}
{"ts": "2026-08-06T03:40:18+00:00", "event": "agent_stage", "cell": "MMM", "decision_date": "2026-07-31", "stage": "evidence_quantitative", "symbol": "MMM"}
{"ts": "2026-08-06T03:40:18+00:00", "event": "data_read", "cell": "MMM", "kind": "fundamentals", "source": "massive_fundamentals", "status": "ok", "cached": false, "raw_chars": 3759, "capped_chars": 3759, "raw_tokens": 940, "capped_tokens": 940}
{"ts": "2026-08-06T03:40:18+00:00", "event": "data_read", "cell": "MMM", "kind": "ratios", "source": "valuation_ratios", "status": "ok", "cached": false, "raw_chars": 245187, "capped_chars": 245187, "raw_tokens": 61297, "capped_tokens": 61297}
{"ts": "2026-08-06T03:40:18+00:00", "event": "data_read", "cell": "MMM", "kind": "prices", "source": "massive_prices", "status": "ok", "cached": false, "raw_chars": 806, "capped_chars": 806, "raw_tokens": 202, "capped_tokens": 202}
{"ts": "2026-08-06T03:40:23+00:00", "event": "cell_done", "cell": "CSCO", "decision_date": "2026-07-24", "outcome": "ok", "health": "ok", "n_reads": 11, "elapsed_ms": 133241, "n_llm_calls": 4, "tokens_in": 79066, "tokens_out": 9368, "cost_usd": 0.077071264992, "cost_basis": "reported", "detail": ""}
{"ts": "2026-08-06T03:40:23+00:00", "event": "run_grid", "grid": "== cells\n   \u2713 AMZN     done          calls=0  idle=439s\n   \u2713 HD       done          calls=0  idle=299s\n   \u2713 MMM      evidence_quantitative  calls=0  idle=5s\n   \u2713 WMT      independent_verifier  calls=0  idle=192s\n   \u2713 AAPL     qualitative_specialist  calls=0  idle=53s\n   \u2713 CAT      done          calls=0  idle=347s\n   \u2713 JNJ      qualitative_specialist  calls=0  idle=31s\n   \u2713 JPM      qualitative_specialist  calls=0  idle=21s\n   \u2713 AXP      done          calls=0  idle=505s\n   \u2713 KO       done          calls=0  idle=62s\n   \u2713 MCD      done          calls=0  idle=59s\n   \u2713 MRK      done          calls=0  idle=86s\n   \u2713 AMGN     done          calls=0  idle=423s\n   \u2713 MSFT     done          calls=0  idle=448s\n   \u2713 NKE      done          calls=0  idle=418s\n   \u2713 HON      qualitative_specialist  calls=0  idle=53s\n   \u2713 IBM      done          calls=0  idle=133s\n   \u2713 GS       done          calls=0  idle=151s\n   \u2713 CSCO     done          calls=0  idle=0s\n   \u2026 CVX      final_pm      calls=0  idle=28s\n   \u2713 UNH      done          calls=0  idle=5s"}
{"ts": "2026-08-06T03:40:24+00:00", "event": "agent_stage", "cell": "HON", "decision_date": "2026-07-31", "stage": "independent_verifier", "symbol": "HON"}
{"ts": "2026-08-06T03:40:25+00:00", "event": "cell_done", "cell": "JPM", "decision_date": "2026-07-17", "outcome": "ok", "health": "ok", "n_reads": 11, "elapsed_ms": 171629, "n_llm_calls": 4, "tokens_in": 86410, "tokens_out": 12065, "cost_usd": 0.0853824914, "cost_basis": "reported", "detail": ""}
{"ts": "2026-08-06T03:40:27+00:00", "event": "agent_stage", "cell": "MMM", "decision_date": "2026-07-24", "stage": "final_pm", "symbol": "MMM"}
{"ts": "2026-08-06T03:40:27+00:00", "event": "run_grid", "grid": "== cells\n   \u2713 AMZN     done          calls=0  idle=443s\n   \u2713 HD       done          calls=0  idle=303s\n   \u2713 MMM      final_pm      calls=0  idle=0s\n   \u2713 WMT      independent_verifier  calls=0  idle=196s\n   \u2713 AAPL     qualitative_specialist  calls=0  idle=57s\n   \u2713 CAT      done          calls=0  idle=351s\n   \u2713 JNJ      qualitative_specialist  calls=0  idle=35s\n   \u2713 JPM      done          calls=0  idle=2s\n   \u2713 AXP      done          calls=0  idle=509s\n   \u2713 KO       done          calls=0  idle=66s\n   \u2713 MCD      done          calls=0  idle=63s\n   \u2713 MRK      done          calls=0  idle=90s\n   \u2713 AMGN     done          calls=0  idle=427s\n   \u2713 MSFT     done          calls=0  idle=452s\n   \u2713 NKE      done          calls=0  idle=422s\n   \u2713 HON      independent_verifier  calls=0  idle=3s\n   \u2713 IBM      done          calls=0  idle=137s\n   \u2713 GS       done          calls=0  idle=155s\n   \u2713 CSCO     done          calls=0  idle=3s\n   \u2026 CVX      final_pm      calls=0  idle=32s\n   \u2713 UNH      done          calls=0  idle=9s"}
{"ts": "2026-08-06T03:40:27+00:00", "event": "data_read", "cell": "MMM", "kind": "macro", "source": "fred_macro", "status": "ok", "cached": false, "raw_chars": 30602, "capped_chars": 30602, "raw_tokens": 7650, "capped_tokens": 7650}
{"ts": "2026-08-06T03:40:27+00:00", "event": "data_read", "cell": "MMM", "kind": "news_sentiment", "source": "news_sentiment", "status": "ok", "cached": false, "raw_chars": 922, "capped_chars": 922, "raw_tokens": 230, "capped_tokens": 230}
{"ts": "2026-08-06T03:40:27+00:00", "event": "agent_stage", "cell": "MMM", "decision_date": "2026-07-31", "stage": "evidence_qualitative", "symbol": "MMM"}
{"ts": "2026-08-06T03:40:27+00:00", "event": "data_read", "cell": "MMM", "kind": "news", "source": "massive_news", "status": "ok", "cached": false, "raw_chars": 7926, "capped_chars": 1850, "raw_tokens": 1982, "capped_tokens": 462}
{"ts": "2026-08-06T03:40:27+00:00", "event": "data_read", "cell": "MMM", "kind": "web_search", "source": "web_search", "status": "ok", "cached": false, "raw_chars": 30520, "capped_chars": 19548, "raw_tokens": 7630, "capped_tokens": 4887}
{"ts": "2026-08-06T03:40:27+00:00", "event": "data_read", "cell": "MMM", "kind": "web_search", "source": "web_search", "status": "ok", "cached": false, "raw_chars": 29534, "capped_chars": 18072, "raw_tokens": 7384, "capped_tokens": 4518}
{"ts": "2026-08-06T03:40:27+00:00", "event": "data_read", "cell": "MMM", "kind": "web_search", "source": "web_search", "status": "ok", "cached": false, "raw_chars": 26587, "capped_chars": 22535, "raw_tokens": 6647, "capped_tokens": 5634}
{"ts": "2026-08-06T03:40:27+00:00", "event": "data_read", "cell": "MMM", "kind": "web_search", "source": "web_search", "status": "ok", "cached": false, "raw_chars": 18470, "capped_chars": 14408, "raw_tokens": 4618, "capped_tokens": 3602}
{"ts": "2026-08-06T03:40:27+00:00", "event": "data_read", "cell": "MMM", "kind": "web_search", "source": "web_search", "status": "ok", "cached": false, "raw_chars": 6048, "capped_chars": 3634, "raw_tokens": 1512, "capped_tokens": 908}
{"ts": "2026-08-06T03:40:27+00:00", "event": "agent_stage", "cell": "MMM", "decision_date": "2026-07-31", "stage": "quantitative_specialist", "symbol": "MMM"}
{"ts": "2026-08-06T03:40:27+00:00", "event": "agent_stage", "cell": "MMM", "decision_date": "2026-07-31", "stage": "qualitative_specialist", "symbol": "MMM"}
{"ts": "2026-08-06T03:40:32+00:00", "event": "cell_done", "cell": "CVX", "decision_date": "2026-07-24", "outcome": "ok", "health": "ok", "n_reads": 11, "elapsed_ms": 138357, "n_llm_calls": 4, "tokens_in": 82525, "tokens_out": 10971, "cost_usd": 0.0804542614, "cost_basis": "reported", "detail": ""}
{"ts": "2026-08-06T03:40:32+00:00", "event": "run_grid", "grid": "== cells\n   \u2713 AMZN     done          calls=0  idle=448s\n   \u2713 HD       done          calls=0  idle=307s\n   \u2713 MMM      qualitative_specialist  calls=0  idle=4s\n   \u2713 WMT      independent_verifier  calls=0  idle=200s\n   \u2713 AAPL     qualitative_specialist  calls=0  idle=62s\n   \u2713 CAT      done          calls=0  idle=356s\n   \u2713 JNJ      qualitative_specialist  calls=0  idle=40s\n   \u2713 JPM      done          calls=0  idle=7s\n   \u2713 AXP      done          calls=0  idle=513s\n   \u2713 KO       done          calls=0  idle=70s\n   \u2713 MCD      done          calls=0  idle=67s\n   \u2713 MRK      done          calls=0  idle=95s\n   \u2713 AMGN     done          calls=0  idle=431s\n   \u2713 MSFT     done          calls=0  idle=456s\n   \u2713 NKE      done          calls=0  idle=427s\n   \u2713 HON      independent_verifier  calls=0  idle=7s\n   \u2713 IBM      done          calls=0  idle=141s\n   \u2713 GS       done          calls=0  idle=159s\n   \u2713 CSCO     done          calls=0  idle=8s\n   \u2713 CVX      done          calls=0  idle=0s\n   \u2713 UNH      done          calls=0  idle=13s"}
{"ts": "2026-08-06T03:40:42+00:00", "event": "agent_stage", "cell": "AAPL", "decision_date": "2026-07-31", "stage": "independent_verifier", "symbol": "AAPL"}
{"ts": "2026-08-06T03:40:42+00:00", "event": "run_grid", "grid": "== cells\n   \u2713 AMZN     done          calls=0  idle=458s\n   \u2713 HD       done          calls=0  idle=318s\n   \u2713 MMM      qualitative_specialist  calls=0  idle=14s\n   \u2713 WMT      independent_verifier  calls=0  idle=211s\n   \u2713 AAPL     independent_verifier  calls=0  idle=0s\n   \u2713 CAT      done          calls=0  idle=366s\n   \u2713 JNJ      qualitative_specialist  calls=0  idle=50s\n   \u2713 JPM      done          calls=0  idle=17s\n   \u2713 AXP      done          calls=0  idle=524s\n   \u2713 KO       done          calls=0  idle=81s\n   \u2713 MCD      done          calls=0  idle=78s\n   \u2713 MRK      done          calls=0  idle=105s\n   \u2713 AMGN     done          calls=0  idle=442s\n   \u2713 MSFT     done          calls=0  idle=467s\n   \u2713 NKE      done          calls=0  idle=437s\n   \u2713 HON      independent_verifier  calls=0  idle=18s\n   \u2713 IBM      done          calls=0  idle=152s\n   \u2713 GS       done          calls=0  idle=170s\n   \u2713 CSCO     done          calls=0  idle=18s\n   \u2713 CVX      done          calls=0  idle=10s\n   \u2713 UNH      done          calls=0  idle=24s"}
{"ts": "2026-08-06T03:40:46+00:00", "event": "agent_stage", "cell": "HON", "decision_date": "2026-07-31", "stage": "final_pm", "symbol": "HON"}
{"ts": "2026-08-06T03:40:46+00:00", "event": "run_grid", "grid": "== cells\n   \u2713 AMZN     done          calls=0  idle=462s\n   \u2713 HD       done          calls=0  idle=322s\n   \u2713 MMM      qualitative_specialist  calls=0  idle=18s\n   \u2713 WMT      independent_verifier  calls=0  idle=214s\n   \u2713 AAPL     independent_verifier  calls=0  idle=3s\n   \u2713 CAT      done          calls=0  idle=370s\n   \u2713 JNJ      qualitative_specialist  calls=0  idle=54s\n   \u2713 JPM      done          calls=0  idle=21s\n   \u2713 AXP      done          calls=0  idle=527s\n   \u2713 KO       done          calls=0  idle=84s\n   \u2713 MCD      done          calls=0  idle=81s\n   \u2713 MRK      done          calls=0  idle=109s\n   \u2713 AMGN     done          calls=0  idle=445s\n   \u2713 MSFT     done          calls=0  idle=471s\n   \u2713 NKE      done          calls=0  idle=441s\n   \u2713 HON      final_pm      calls=0  idle=0s\n   \u2713 IBM      done          calls=0  idle=155s\n   \u2713 GS       done          calls=0  idle=173s\n   \u2713 CSCO     done          calls=0  idle=22s\n   \u2713 CVX      done          calls=0  idle=14s\n   \u2713 UNH      done          calls=0  idle=27s"}
{"ts": "2026-08-06T03:40:49+00:00", "event": "cell_done", "cell": "MMM", "decision_date": "2026-07-24", "outcome": "ok", "health": "ok", "n_reads": 11, "elapsed_ms": 141222, "n_llm_calls": 4, "tokens_in": 71080, "tokens_out": 11420, "cost_usd": 0.073251394592, "cost_basis": "reported", "detail": ""}
{"ts": "2026-08-06T03:40:49+00:00", "event": "run_grid", "grid": "== cells\n   \u2713 AMZN     done          calls=0  idle=465s\n   \u2713 HD       done          calls=0  idle=325s\n   \u2713 MMM      done          calls=0  idle=0s\n   \u2713 WMT      independent_verifier  calls=0  idle=217s\n   \u2713 AAPL     independent_verifier  calls=0  idle=6s\n   \u2713 CAT      done          calls=0  idle=373s\n   \u2713 JNJ      qualitative_specialist  calls=0  idle=57s\n   \u2713 JPM      done          calls=0  idle=24s\n   \u2713 AXP      done          calls=0  idle=530s\n   \u2713 KO       done          calls=0  idle=87s\n   \u2713 MCD      done          calls=0  idle=84s\n   \u2713 MRK      done          calls=0  idle=112s\n   \u2713 AMGN     done          calls=0  idle=448s\n   \u2713 MSFT     done          calls=0  idle=474s\n   \u2713 NKE      done          calls=0  idle=444s\n   \u2713 HON      final_pm      calls=0  idle=3s\n   \u2713 IBM      done          calls=0  idle=158s\n   \u2713 GS       done          calls=0  idle=176s\n   \u2713 CSCO     done          calls=0  idle=25s\n   \u2713 CVX      done          calls=0  idle=17s\n   \u2713 UNH      done          calls=0  idle=30s"}
{"ts": "2026-08-06T03:40:54+00:00", "event": "agent_stage", "cell": "JNJ", "decision_date": "2026-07-31", "stage": "independent_verifier", "symbol": "JNJ"}
{"ts": "2026-08-06T03:40:54+00:00", "event": "run_grid", "grid": "== cells\n   \u2713 AMZN     done          calls=0  idle=470s\n   \u2713 HD       done          calls=0  idle=330s\n   \u2713 MMM      done          calls=0  idle=5s\n   \u2713 WMT      independent_verifier  calls=0  idle=223s\n   \u2713 AAPL     independent_verifier  calls=0  idle=11s\n   \u2713 CAT      done          calls=0  idle=378s\n   \u2713 JNJ      independent_verifier  calls=0  idle=0s\n   \u2713 JPM      done          calls=0  idle=29s\n   \u2713 AXP      done          calls=0  idle=536s\n   \u2713 KO       done          calls=0  idle=93s\n   \u2713 MCD      done          calls=0  idle=90s\n   \u2713 MRK      done          calls=0  idle=117s\n   \u2713 AMGN     done          calls=0  idle=453s\n   \u2713 MSFT     done          calls=0  idle=479s\n   \u2713 NKE      done          calls=0  idle=449s\n   \u2713 HON      final_pm      calls=0  idle=8s\n   \u2713 IBM      done          calls=0  idle=164s\n   \u2713 GS       done          calls=0  idle=182s\n   \u2713 CSCO     done          calls=0  idle=30s\n   \u2713 CVX      done          calls=0  idle=22s\n   \u2713 UNH      done          calls=0  idle=36s"}
{"ts": "2026-08-06T03:41:04+00:00", "event": "cell_done", "cell": "WMT", "decision_date": "2026-05-29", "outcome": "parse_error", "health": "ok", "n_reads": 11, "elapsed_ms": 545762, "n_llm_calls": 0, "tokens_in": 0, "tokens_out": 0, "cost_usd": null, "cost_basis": "unknown", "detail": "tool call 'submit_verification' had unparseable arguments: Unterminated string starting at: line 1 column 68474 (char 68473)"}
{"ts": "2026-08-06T03:41:04+00:00", "event": "run_grid", "grid": "== cells\n   \u2713 AMZN     done          calls=0  idle=480s\n   \u2713 HD       done          calls=0  idle=339s\n   \u2713 MMM      done          calls=0  idle=14s\n   \u2713 WMT      done          calls=0  idle=0s\n   \u2713 AAPL     independent_verifier  calls=0  idle=21s\n   \u2713 CAT      done          calls=0  idle=388s\n   \u2713 JNJ      independent_verifier  calls=0  idle=9s\n   \u2713 JPM      done          calls=0  idle=39s\n   \u2713 AXP      done          calls=0  idle=545s\n   \u2713 KO       done          calls=0  idle=102s\n   \u2713 MCD      done          calls=0  idle=99s\n   \u2713 MRK      done          calls=0  idle=127s\n   \u2713 AMGN     done          calls=0  idle=463s\n   \u2713 MSFT     done          calls=0  idle=488s\n   \u2713 NKE      done          calls=0  idle=459s\n   \u2713 HON      final_pm      calls=0  idle=17s\n   \u2713 IBM      done          calls=0  idle=173s\n   \u2713 GS       done          calls=0  idle=191s\n   \u2713 CSCO     done          calls=0  idle=40s\n   \u2713 CVX      done          calls=0  idle=32s\n   \u2713 UNH      done          calls=0  idle=45s"}
{"ts": "2026-08-06T03:41:06+00:00", "event": "cell_done", "cell": "HON", "decision_date": "2026-07-31", "outcome": "ok", "health": "ok", "n_reads": 11, "elapsed_ms": 102133, "n_llm_calls": 4, "tokens_in": 70156, "tokens_out": 10104, "cost_usd": 0.0718858632, "cost_basis": "reported", "detail": ""}
{"ts": "2026-08-06T03:41:06+00:00", "event": "run_grid", "grid": "== cells\n   \u2713 AMZN     done          calls=0  idle=482s\n   \u2713 HD       done          calls=0  idle=342s\n   \u2713 MMM      done          calls=0  idle=17s\n   \u2713 WMT      done          calls=0  idle=2s\n   \u2713 AAPL     independent_verifier  calls=0  idle=23s\n   \u2713 CAT      done          calls=0  idle=390s\n   \u2713 JNJ      independent_verifier  calls=0  idle=11s\n   \u2713 JPM      done          calls=0  idle=41s\n   \u2713 AXP      done          calls=0  idle=548s\n   \u2713 KO       done          calls=0  idle=105s\n   \u2713 MCD      done          calls=0  idle=102s\n   \u2713 MRK      done          calls=0  idle=129s\n   \u2713 AMGN     done          calls=0  idle=465s\n   \u2713 MSFT     done          calls=0  idle=491s\n   \u2713 NKE      done          calls=0  idle=461s\n   \u2713 HON      done          calls=0  idle=0s\n   \u2713 IBM      done          calls=0  idle=176s\n   \u2713 GS       done          calls=0  idle=194s\n   \u2713 CSCO     done          calls=0  idle=42s\n   \u2713 CVX      done          calls=0  idle=34s\n   \u2713 UNH      done          calls=0  idle=48s"}
{"ts": "2026-08-06T03:41:11+00:00", "event": "agent_stage", "cell": "AAPL", "decision_date": "2026-07-31", "stage": "final_pm", "symbol": "AAPL"}
{"ts": "2026-08-06T03:41:11+00:00", "event": "run_grid", "grid": "== cells\n   \u2713 AMZN     done          calls=0  idle=487s\n   \u2713 HD       done          calls=0  idle=347s\n   \u2713 MMM      done          calls=0  idle=21s\n   \u2713 WMT      done          calls=0  idle=7s\n   \u2713 AAPL     final_pm      calls=0  idle=0s\n   \u2713 CAT      done          calls=0  idle=395s\n   \u2713 JNJ      independent_verifier  calls=0  idle=16s\n   \u2713 JPM      done          calls=0  idle=46s\n   \u2713 AXP      done          calls=0  idle=552s\n   \u2713 KO       done          calls=0  idle=109s\n   \u2713 MCD      done          calls=0  idle=106s\n   \u2713 MRK      done          calls=0  idle=134s\n   \u2713 AMGN     done          calls=0  idle=470s\n   \u2713 MSFT     done          calls=0  idle=496s\n   \u2713 NKE      done          calls=0  idle=466s\n   \u2713 HON      done          calls=0  idle=4s\n   \u2713 IBM      done          calls=0  idle=180s\n   \u2713 GS       done          calls=0  idle=198s\n   \u2713 CSCO     done          calls=0  idle=47s\n   \u2713 CVX      done          calls=0  idle=39s\n   \u2713 UNH      done          calls=0  idle=52s"}
{"ts": "2026-08-06T03:41:18+00:00", "event": "agent_stage", "cell": "JNJ", "decision_date": "2026-07-31", "stage": "final_pm", "symbol": "JNJ"}
{"ts": "2026-08-06T03:41:18+00:00", "event": "run_grid", "grid": "== cells\n   \u2713 AMZN     done          calls=0  idle=494s\n   \u2713 HD       done          calls=0  idle=354s\n   \u2713 MMM      done          calls=0  idle=28s\n   \u2713 WMT      done          calls=0  idle=14s\n   \u2713 AAPL     final_pm      calls=0  idle=6s\n   \u2713 CAT      done          calls=0  idle=402s\n   \u2713 JNJ      final_pm      calls=0  idle=0s\n   \u2713 JPM      done          calls=0  idle=53s\n   \u2713 AXP      done          calls=0  idle=559s\n   \u2713 KO       done          calls=0  idle=116s\n   \u2713 MCD      done          calls=0  idle=113s\n   \u2713 MRK      done          calls=0  idle=141s\n   \u2713 AMGN     done          calls=0  idle=477s\n   \u2713 MSFT     done          calls=0  idle=503s\n   \u2713 NKE      done          calls=0  idle=473s\n   \u2713 HON      done          calls=0  idle=11s\n   \u2713 IBM      done          calls=0  idle=187s\n   \u2713 GS       done          calls=0  idle=205s\n   \u2713 CSCO     done          calls=0  idle=54s\n   \u2713 CVX      done          calls=0  idle=46s\n   \u2713 UNH      done          calls=0  idle=59s"}
{"ts": "2026-08-06T03:41:26+00:00", "event": "cell_done", "cell": "AAPL", "decision_date": "2026-07-31", "outcome": "ok", "health": "ok", "n_reads": 11, "elapsed_ms": 124676, "n_llm_calls": 4, "tokens_in": 105503, "tokens_out": 11212, "cost_usd": 0.0965411564, "cost_basis": "reported", "detail": ""}
{"ts": "2026-08-06T03:41:26+00:00", "event": "run_grid", "grid": "== cells\n   \u2713 AMZN     done          calls=0  idle=501s\n   \u2713 HD       done          calls=0  idle=361s\n   \u2713 MMM      done          calls=0  idle=36s\n   \u2713 WMT      done          calls=0  idle=21s\n   \u2713 AAPL     done          calls=0  idle=0s\n   \u2713 CAT      done          calls=0  idle=410s\n   \u2713 JNJ      final_pm      calls=0  idle=7s\n   \u2713 JPM      done          calls=0  idle=61s\n   \u2713 AXP      done          calls=0  idle=567s\n   \u2713 KO       done          calls=0  idle=124s\n   \u2713 MCD      done          calls=0  idle=121s\n   \u2713 MRK      done          calls=0  idle=149s\n   \u2713 AMGN     done          calls=0  idle=485s\n   \u2713 MSFT     done          calls=0  idle=510s\n   \u2713 NKE      done          calls=0  idle=481s\n   \u2713 HON      done          calls=0  idle=19s\n   \u2713 IBM      done          calls=0  idle=195s\n   \u2713 GS       done          calls=0  idle=213s\n   \u2713 CSCO     done          calls=0  idle=62s\n   \u2713 CVX      done          calls=0  idle=53s\n   \u2713 UNH      done          calls=0  idle=67s"}
{"ts": "2026-08-06T03:41:30+00:00", "event": "cell_done", "cell": "JNJ", "decision_date": "2026-07-31", "outcome": "ok", "health": "ok", "n_reads": 11, "elapsed_ms": 106262, "n_llm_calls": 4, "tokens_in": 92953, "tokens_out": 9921, "cost_usd": 0.0842662114, "cost_basis": "reported", "detail": ""}
{"ts": "2026-08-06T03:41:30+00:00", "event": "run_grid", "grid": "== cells\n   \u2713 AMZN     done          calls=0  idle=505s\n   \u2713 HD       done          calls=0  idle=365s\n   \u2713 MMM      done          calls=0  idle=40s\n   \u2713 WMT      done          calls=0  idle=25s\n   \u2713 AAPL     done          calls=0  idle=3s\n   \u2713 CAT      done          calls=0  idle=413s\n   \u2713 JNJ      done          calls=0  idle=0s\n   \u2713 JPM      done          calls=0  idle=65s\n   \u2713 AXP      done          calls=0  idle=571s\n   \u2713 KO       done          calls=0  idle=128s\n   \u2713 MCD      done          calls=0  idle=125s\n   \u2713 MRK      done          calls=0  idle=152s\n   \u2713 AMGN     done          calls=0  idle=489s\n   \u2713 MSFT     done          calls=0  idle=514s\n   \u2713 NKE      done          calls=0  idle=484s\n   \u2713 HON      done          calls=0  idle=23s\n   \u2713 IBM      done          calls=0  idle=199s\n   \u2713 GS       done          calls=0  idle=217s\n   \u2713 CSCO     done          calls=0  idle=66s\n   \u2713 CVX      done          calls=0  idle=57s\n   \u2713 UNH      done          calls=0  idle=71s"}
{"ts": "2026-08-06T03:41:36+00:00", "event": "agent_stage", "cell": "MMM", "decision_date": "2026-07-31", "stage": "independent_verifier", "symbol": "MMM"}
{"ts": "2026-08-06T03:41:36+00:00", "event": "run_grid", "grid": "== cells\n   \u2713 AMZN     done          calls=0  idle=512s\n   \u2713 HD       done          calls=0  idle=372s\n   \u2713 MMM      independent_verifier  calls=0  idle=0s\n   \u2713 WMT      done          calls=0  idle=32s\n   \u2713 AAPL     done          calls=0  idle=10s\n   \u2713 CAT      done          calls=0  idle=420s\n   \u2713 JNJ      done          calls=0  idle=6s\n   \u2713 JPM      done          calls=0  idle=71s\n   \u2713 AXP      done          calls=0  idle=578s\n   \u2713 KO       done          calls=0  idle=135s\n   \u2713 MCD      done          calls=0  idle=132s\n   \u2713 MRK      done          calls=0  idle=159s\n   \u2713 AMGN     done          calls=0  idle=495s\n   \u2713 MSFT     done          calls=0  idle=521s\n   \u2713 NKE      done          calls=0  idle=491s\n   \u2713 HON      done          calls=0  idle=30s\n   \u2713 IBM      done          calls=0  idle=206s\n   \u2713 GS       done          calls=0  idle=224s\n   \u2713 CSCO     done          calls=0  idle=72s\n   \u2713 CVX      done          calls=0  idle=64s\n   \u2713 UNH      done          calls=0  idle=78s"}
{"ts": "2026-08-06T03:41:49+00:00", "event": "agent_stage", "cell": "JPM", "decision_date": "2026-07-31", "stage": "independent_verifier", "symbol": "JPM"}
{"ts": "2026-08-06T03:41:49+00:00", "event": "run_grid", "grid": "== cells\n   \u2713 AMZN     done          calls=0  idle=525s\n   \u2713 HD       done          calls=0  idle=385s\n   \u2713 MMM      independent_verifier  calls=0  idle=12s\n   \u2713 WMT      done          calls=0  idle=45s\n   \u2713 AAPL     done          calls=0  idle=23s\n   \u2713 CAT      done          calls=0  idle=433s\n   \u2713 JNJ      done          calls=0  idle=19s\n   \u2713 JPM      independent_verifier  calls=0  idle=0s\n   \u2713 AXP      done          calls=0  idle=590s\n   \u2713 KO       done          calls=0  idle=147s\n   \u2713 MCD      done          calls=0  idle=144s\n   \u2713 MRK      done          calls=0  idle=172s\n   \u2713 AMGN     done          calls=0  idle=508s\n   \u2713 MSFT     done          calls=0  idle=534s\n   \u2713 NKE      done          calls=0  idle=504s\n   \u2713 HON      done          calls=0  idle=42s\n   \u2713 IBM      done          calls=0  idle=218s\n   \u2713 GS       done          calls=0  idle=236s\n   \u2713 CSCO     done          calls=0  idle=85s\n   \u2713 CVX      done          calls=0  idle=77s\n   \u2713 UNH      done          calls=0  idle=90s"}
{"ts": "2026-08-06T03:41:55+00:00", "event": "agent_stage", "cell": "MMM", "decision_date": "2026-07-31", "stage": "final_pm", "symbol": "MMM"}
{"ts": "2026-08-06T03:41:55+00:00", "event": "run_grid", "grid": "== cells\n   \u2713 AMZN     done          calls=0  idle=531s\n   \u2713 HD       done          calls=0  idle=391s\n   \u2713 MMM      final_pm      calls=0  idle=0s\n   \u2713 WMT      done          calls=0  idle=51s\n   \u2713 AAPL     done          calls=0  idle=29s\n   \u2713 CAT      done          calls=0  idle=439s\n   \u2713 JNJ      done          calls=0  idle=25s\n   \u2713 JPM      independent_verifier  calls=0  idle=6s\n   \u2713 AXP      done          calls=0  idle=597s\n   \u2713 KO       done          calls=0  idle=154s\n   \u2713 MCD      done          calls=0  idle=151s\n   \u2713 MRK      done          calls=0  idle=178s\n   \u2713 AMGN     done          calls=0  idle=515s\n   \u2713 MSFT     done          calls=0  idle=540s\n   \u2713 NKE      done          calls=0  idle=510s\n   \u2713 HON      done          calls=0  idle=49s\n   \u2713 IBM      done          calls=0  idle=225s\n   \u2713 GS       done          calls=0  idle=243s\n   \u2713 CSCO     done          calls=0  idle=92s\n   \u2713 CVX      done          calls=0  idle=83s\n   \u2713 UNH      done          calls=0  idle=97s"}
{"ts": "2026-08-06T03:42:12+00:00", "event": "cell_done", "cell": "MMM", "decision_date": "2026-07-31", "outcome": "ok", "health": "ok", "n_reads": 11, "elapsed_ms": 113432, "n_llm_calls": 4, "tokens_in": 74379, "tokens_out": 10104, "cost_usd": 0.075561066112, "cost_basis": "reported", "detail": ""}
{"ts": "2026-08-06T03:42:12+00:00", "event": "run_grid", "grid": "== cells\n   \u2713 AMZN     done          calls=0  idle=547s\n   \u2713 HD       done          calls=0  idle=407s\n   \u2713 MMM      done          calls=0  idle=0s\n   \u2713 WMT      done          calls=0  idle=67s\n   \u2713 AAPL     done          calls=0  idle=45s\n   \u2713 CAT      done          calls=0  idle=455s\n   \u2713 JNJ      done          calls=0  idle=41s\n   \u2713 JPM      independent_verifier  calls=0  idle=22s\n   \u2713 AXP      done          calls=0  idle=613s\n   \u2713 KO       done          calls=0  idle=170s\n   \u2713 MCD      done          calls=0  idle=167s\n   \u2713 MRK      done          calls=0  idle=194s\n   \u2713 AMGN     done          calls=0  idle=531s\n   \u2713 MSFT     done          calls=0  idle=556s\n   \u2713 NKE      done          calls=0  idle=526s\n   \u2713 HON      done          calls=0  idle=65s\n   \u2713 IBM      done          calls=0  idle=241s\n   \u2713 GS       done          calls=0  idle=259s\n   \u2713 CSCO     done          calls=0  idle=108s\n   \u2713 CVX      done          calls=0  idle=99s\n   \u2713 UNH      done          calls=0  idle=113s"}
{"ts": "2026-08-06T03:42:13+00:00", "event": "agent_stage", "cell": "JPM", "decision_date": "2026-07-31", "stage": "final_pm", "symbol": "JPM"}
{"ts": "2026-08-06T03:42:28+00:00", "event": "cell_done", "cell": "JPM", "decision_date": "2026-07-31", "outcome": "ok", "health": "ok", "n_reads": 11, "elapsed_ms": 155522, "n_llm_calls": 4, "tokens_in": 90817, "tokens_out": 12380, "cost_usd": 0.10492639819999999, "cost_basis": "reported", "detail": ""}
{"ts": "2026-08-06T03:42:28+00:00", "event": "run_grid", "grid": "== cells\n   \u2713 AMZN     done          calls=0  idle=563s\n   \u2713 HD       done          calls=0  idle=423s\n   \u2713 MMM      done          calls=0  idle=15s\n   \u2713 WMT      done          calls=0  idle=83s\n   \u2713 AAPL     done          calls=0  idle=61s\n   \u2713 CAT      done          calls=0  idle=471s\n   \u2713 JNJ      done          calls=0  idle=57s\n   \u2713 JPM      done          calls=0  idle=0s\n   \u2713 AXP      done          calls=0  idle=629s\n   \u2713 KO       done          calls=0  idle=186s\n   \u2713 MCD      done          calls=0  idle=183s\n   \u2713 MRK      done          calls=0  idle=210s\n   \u2713 AMGN     done          calls=0  idle=547s\n   \u2713 MSFT     done          calls=0  idle=572s\n   \u2713 NKE      done          calls=0  idle=542s\n   \u2713 HON      done          calls=0  idle=81s\n   \u2713 IBM      done          calls=0  idle=257s\n   \u2713 GS       done          calls=0  idle=275s\n   \u2713 CSCO     done          calls=0  idle=124s\n   \u2713 CVX      done          calls=0  idle=115s\n   \u2713 UNH      done          calls=0  idle=129s"}
{"ts": "2026-08-06T03:42:28+00:00", "event": "trial_done", "decision_date": "2026-05-01", "status": "ok", "n_views": 30, "health": "ok"}
{"ts": "2026-08-06T03:42:28+00:00", "event": "trial_done", "decision_date": "2026-05-08", "status": "ok", "n_views": 30, "health": "ok"}
{"ts": "2026-08-06T03:42:28+00:00", "event": "trial_done", "decision_date": "2026-05-15", "status": "ok", "n_views": 30, "health": "ok"}
{"ts": "2026-08-06T03:42:28+00:00", "event": "trial_done", "decision_date": "2026-05-22", "status": "partial", "n_views": 30, "health": "broken"}
{"ts": "2026-08-06T03:42:28+00:00", "event": "trial_done", "decision_date": "2026-05-29", "status": "partial", "n_views": 28, "health": "ok"}
{"ts": "2026-08-06T03:42:28+00:00", "event": "trial_done", "decision_date": "2026-06-05", "status": "ok", "n_views": 30, "health": "ok"}
{"ts": "2026-08-06T03:42:28+00:00", "event": "trial_done", "decision_date": "2026-06-12", "status": "ok", "n_views": 30, "health": "ok"}
{"ts": "2026-08-06T03:42:28+00:00", "event": "trial_done", "decision_date": "2026-06-22", "status": "ok", "n_views": 30, "health": "ok"}
{"ts": "2026-08-06T03:42:28+00:00", "event": "trial_done", "decision_date": "2026-06-26", "status": "ok", "n_views": 30, "health": "ok"}
{"ts": "2026-08-06T03:42:28+00:00", "event": "trial_done", "decision_date": "2026-07-06", "status": "ok", "n_views": 30, "health": "ok"}
{"ts": "2026-08-06T03:42:28+00:00", "event": "trial_done", "decision_date": "2026-07-10", "status": "ok", "n_views": 30, "health": "ok"}
{"ts": "2026-08-06T03:42:28+00:00", "event": "trial_done", "decision_date": "2026-07-17", "status": "ok", "n_views": 30, "health": "ok"}
{"ts": "2026-08-06T03:42:28+00:00", "event": "trial_done", "decision_date": "2026-07-24", "status": "partial", "n_views": 29, "health": "ok"}
{"ts": "2026-08-06T03:42:28+00:00", "event": "trial_done", "decision_date": "2026-07-31", "status": "ok", "n_views": 30, "health": "ok"}
{"ts": "2026-08-06T03:42:28+00:00", "event": "backfill_done", "job_id": "djia-w-full-r1-0001", "run_index": 1, "n_error_cells": 55, "n_reran": 55, "n_fixed": 50, "n_still_failed": 5, "elapsed_ms": 870430}
{"ts": "2026-08-06T03:43:33+00:00", "event": "backfill_start", "job_id": "djia-w-full-r1-0001", "run_index": 1, "n_error_cells": 5, "n_affected_dates": 3}
{"ts": "2026-08-06T03:43:33+00:00", "event": "cell_start", "cell": "AMZN", "decision_date": "2026-05-22"}
{"ts": "2026-08-06T03:43:33+00:00", "event": "run_grid", "grid": "== cells\n   \u2026 AMZN     started       calls=0  idle=0s"}
{"ts": "2026-08-06T03:43:33+00:00", "event": "cell_start", "cell": "MMM", "decision_date": "2026-05-29"}
{"ts": "2026-08-06T03:43:33+00:00", "event": "cell_start", "cell": "WMT", "decision_date": "2026-05-29"}
{"ts": "2026-08-06T03:43:33+00:00", "event": "cell_start", "cell": "UNH", "decision_date": "2026-07-24"}
{"ts": "2026-08-06T03:43:33+00:00", "event": "cell_start", "cell": "AXP", "decision_date": "2026-05-22"}
{"ts": "2026-08-06T03:43:33+00:00", "event": "agent_stage", "cell": "AMZN", "decision_date": "2026-05-22", "stage": "evidence", "symbol": "AMZN"}
{"ts": "2026-08-06T03:43:33+00:00", "event": "agent_stage", "cell": "MMM", "decision_date": "2026-05-29", "stage": "evidence", "symbol": "MMM"}
{"ts": "2026-08-06T03:43:33+00:00", "event": "agent_stage", "cell": "UNH", "decision_date": "2026-07-24", "stage": "evidence", "symbol": "UNH"}
{"ts": "2026-08-06T03:43:33+00:00", "event": "agent_stage", "cell": "WMT", "decision_date": "2026-05-29", "stage": "evidence", "symbol": "WMT"}
{"ts": "2026-08-06T03:43:33+00:00", "event": "agent_stage", "cell": "AXP", "decision_date": "2026-05-22", "stage": "evidence", "symbol": "AXP"}
{"ts": "2026-08-06T03:43:33+00:00", "event": "agent_stage", "cell": "MMM", "decision_date": "2026-05-29", "stage": "evidence_quantitative", "symbol": "MMM"}
{"ts": "2026-08-06T03:43:33+00:00", "event": "agent_stage", "cell": "UNH", "decision_date": "2026-07-24", "stage": "evidence_quantitative", "symbol": "UNH"}
{"ts": "2026-08-06T03:43:33+00:00", "event": "agent_stage", "cell": "AMZN", "decision_date": "2026-05-22", "stage": "evidence_quantitative", "symbol": "AMZN"}
{"ts": "2026-08-06T03:43:33+00:00", "event": "agent_stage", "cell": "WMT", "decision_date": "2026-05-29", "stage": "evidence_quantitative", "symbol": "WMT"}
{"ts": "2026-08-06T03:43:33+00:00", "event": "agent_stage", "cell": "AXP", "decision_date": "2026-05-22", "stage": "evidence_quantitative", "symbol": "AXP"}
{"ts": "2026-08-06T03:43:33+00:00", "event": "data_read", "cell": "MMM", "kind": "fundamentals", "source": "massive_fundamentals", "status": "ok", "cached": false, "raw_chars": 4521, "capped_chars": 4521, "raw_tokens": 1130, "capped_tokens": 1130}
{"ts": "2026-08-06T03:43:33+00:00", "event": "data_read", "cell": "UNH", "kind": "fundamentals", "source": "massive_fundamentals", "status": "ok", "cached": false, "raw_chars": 4536, "capped_chars": 4536, "raw_tokens": 1134, "capped_tokens": 1134}
{"ts": "2026-08-06T03:43:33+00:00", "event": "data_read", "cell": "WMT", "kind": "fundamentals", "source": "massive_fundamentals", "status": "ok", "cached": false, "raw_chars": 4559, "capped_chars": 4559, "raw_tokens": 1140, "capped_tokens": 1140}
{"ts": "2026-08-06T03:43:33+00:00", "event": "data_read", "cell": "AMZN", "kind": "fundamentals", "source": "massive_fundamentals", "status": "ok", "cached": false, "raw_chars": 3859, "capped_chars": 3859, "raw_tokens": 965, "capped_tokens": 965}
{"ts": "2026-08-06T03:43:33+00:00", "event": "data_read", "cell": "AXP", "kind": "fundamentals", "source": "massive_fundamentals", "status": "ok", "cached": false, "raw_chars": 4463, "capped_chars": 4463, "raw_tokens": 1116, "capped_tokens": 1116}
{"ts": "2026-08-06T03:43:33+00:00", "event": "data_read", "cell": "MMM", "kind": "ratios", "source": "valuation_ratios", "status": "ok", "cached": false, "raw_chars": 247126, "capped_chars": 247126, "raw_tokens": 61782, "capped_tokens": 61782}
{"ts": "2026-08-06T03:43:33+00:00", "event": "data_read", "cell": "UNH", "kind": "ratios", "source": "valuation_ratios", "status": "ok", "cached": false, "raw_chars": 225505, "capped_chars": 225505, "raw_tokens": 56376, "capped_tokens": 56376}
{"ts": "2026-08-06T03:43:33+00:00", "event": "data_read", "cell": "AXP", "kind": "ratios", "source": "valuation_ratios", "status": "ok", "cached": false, "raw_chars": 227124, "capped_chars": 227124, "raw_tokens": 56781, "capped_tokens": 56781}
{"ts": "2026-08-06T03:43:33+00:00", "event": "data_read", "cell": "WMT", "kind": "ratios", "source": "valuation_ratios", "status": "ok", "cached": false, "raw_chars": 243140, "capped_chars": 243140, "raw_tokens": 60785, "capped_tokens": 60785}
{"ts": "2026-08-06T03:43:33+00:00", "event": "data_read", "cell": "AMZN", "kind": "ratios", "source": "valuation_ratios", "status": "ok", "cached": false, "raw_chars": 231829, "capped_chars": 231829, "raw_tokens": 57957, "capped_tokens": 57957}
{"ts": "2026-08-06T03:43:33+00:00", "event": "data_read", "cell": "AXP", "kind": "prices", "source": "massive_prices", "status": "ok", "cached": false, "raw_chars": 818, "capped_chars": 818, "raw_tokens": 204, "capped_tokens": 204}
{"ts": "2026-08-06T03:43:33+00:00", "event": "data_read", "cell": "MMM", "kind": "prices", "source": "massive_prices", "status": "ok", "cached": false, "raw_chars": 830, "capped_chars": 830, "raw_tokens": 208, "capped_tokens": 208}
{"ts": "2026-08-06T03:43:33+00:00", "event": "data_read", "cell": "UNH", "kind": "prices", "source": "massive_prices", "status": "ok", "cached": false, "raw_chars": 830, "capped_chars": 830, "raw_tokens": 208, "capped_tokens": 208}
{"ts": "2026-08-06T03:43:33+00:00", "event": "data_read", "cell": "WMT", "kind": "prices", "source": "massive_prices", "status": "ok", "cached": false, "raw_chars": 842, "capped_chars": 842, "raw_tokens": 210, "capped_tokens": 210}
{"ts": "2026-08-06T03:43:33+00:00", "event": "data_read", "cell": "AMZN", "kind": "prices", "source": "massive_prices", "status": "ok", "cached": false, "raw_chars": 842, "capped_chars": 842, "raw_tokens": 210, "capped_tokens": 210}
{"ts": "2026-08-06T03:43:41+00:00", "event": "data_read", "cell": "UNH", "kind": "macro", "source": "fred_macro", "status": "ok", "cached": false, "raw_chars": 30496, "capped_chars": 30496, "raw_tokens": 7624, "capped_tokens": 7624}
{"ts": "2026-08-06T03:43:41+00:00", "event": "data_read", "cell": "UNH", "kind": "news_sentiment", "source": "news_sentiment", "status": "ok", "cached": false, "raw_chars": 1659, "capped_chars": 1659, "raw_tokens": 415, "capped_tokens": 415}
{"ts": "2026-08-06T03:43:41+00:00", "event": "agent_stage", "cell": "UNH", "decision_date": "2026-07-24", "stage": "evidence_qualitative", "symbol": "UNH"}
{"ts": "2026-08-06T03:43:41+00:00", "event": "run_grid", "grid": "== cells\n   \u2026 AMZN     evidence_quantitative  calls=0  idle=7s\n   \u2026 MMM      evidence_quantitative  calls=0  idle=7s\n   \u2026 WMT      evidence_quantitative  calls=0  idle=7s\n   \u2026 UNH      evidence_qualitative  calls=0  idle=0s\n   \u2026 AXP      evidence_quantitative  calls=0  idle=7s"}
{"ts": "2026-08-06T03:43:41+00:00", "event": "data_read", "cell": "UNH", "kind": "news", "source": "massive_news", "status": "ok", "cached": false, "raw_chars": 16462, "capped_chars": 3224, "raw_tokens": 4116, "capped_tokens": 806}
{"ts": "2026-08-06T03:43:41+00:00", "event": "data_read", "cell": "UNH", "kind": "web_search", "source": "web_search", "status": "ok", "cached": false, "raw_chars": 21010, "capped_chars": 17408, "raw_tokens": 5252, "capped_tokens": 4352}
{"ts": "2026-08-06T03:43:41+00:00", "event": "data_read", "cell": "UNH", "kind": "web_search", "source": "web_search", "status": "ok", "cached": false, "raw_chars": 7110, "capped_chars": 4238, "raw_tokens": 1778, "capped_tokens": 1060}
{"ts": "2026-08-06T03:43:41+00:00", "event": "data_read", "cell": "UNH", "kind": "web_search", "source": "web_search", "status": "ok", "cached": false, "raw_chars": 23564, "capped_chars": 19356, "raw_tokens": 5891, "capped_tokens": 4839}
{"ts": "2026-08-06T03:43:41+00:00", "event": "data_read", "cell": "UNH", "kind": "web_search", "source": "web_search", "status": "ok", "cached": false, "raw_chars": 16523, "capped_chars": 13103, "raw_tokens": 4131, "capped_tokens": 3276}
{"ts": "2026-08-06T03:43:41+00:00", "event": "data_read", "cell": "UNH", "kind": "web_search", "source": "web_search", "status": "ok", "cached": false, "raw_chars": 16402, "capped_chars": 12981, "raw_tokens": 4100, "capped_tokens": 3245}
{"ts": "2026-08-06T03:43:41+00:00", "event": "agent_stage", "cell": "UNH", "decision_date": "2026-07-24", "stage": "quantitative_specialist", "symbol": "UNH"}
{"ts": "2026-08-06T03:43:41+00:00", "event": "agent_stage", "cell": "UNH", "decision_date": "2026-07-24", "stage": "qualitative_specialist", "symbol": "UNH"}
{"ts": "2026-08-06T03:43:41+00:00", "event": "data_read", "cell": "AMZN", "kind": "macro", "source": "fred_macro", "status": "ok", "cached": false, "raw_chars": 31263, "capped_chars": 31263, "raw_tokens": 7816, "capped_tokens": 7816}
{"ts": "2026-08-06T03:43:41+00:00", "event": "data_read", "cell": "AXP", "kind": "macro", "source": "fred_macro", "status": "ok", "cached": false, "raw_chars": 31263, "capped_chars": 31263, "raw_tokens": 7816, "capped_tokens": 7816}
{"ts": "2026-08-06T03:43:41+00:00", "event": "data_read", "cell": "AXP", "kind": "news_sentiment", "source": "news_sentiment", "status": "ok", "cached": false, "raw_chars": 2216, "capped_chars": 2216, "raw_tokens": 554, "capped_tokens": 554}
{"ts": "2026-08-06T03:43:41+00:00", "event": "data_read", "cell": "AMZN", "kind": "news_sentiment", "source": "news_sentiment", "status": "ok", "cached": false, "raw_chars": 4409, "capped_chars": 4409, "raw_tokens": 1102, "capped_tokens": 1102}
{"ts": "2026-08-06T03:43:41+00:00", "event": "agent_stage", "cell": "AXP", "decision_date": "2026-05-22", "stage": "evidence_qualitative", "symbol": "AXP"}
{"ts": "2026-08-06T03:43:41+00:00", "event": "agent_stage", "cell": "AMZN", "decision_date": "2026-05-22", "stage": "evidence_qualitative", "symbol": "AMZN"}
{"ts": "2026-08-06T03:43:41+00:00", "event": "data_read", "cell": "AXP", "kind": "news", "source": "massive_news", "status": "ok", "cached": false, "raw_chars": 35354, "capped_chars": 6377, "raw_tokens": 8838, "capped_tokens": 1594}
{"ts": "2026-08-06T03:43:41+00:00", "event": "data_read", "cell": "AXP", "kind": "web_search", "source": "web_search", "status": "ok", "cached": false, "raw_chars": 41127, "capped_chars": 30894, "raw_tokens": 10282, "capped_tokens": 7724}
{"ts": "2026-08-06T03:43:41+00:00", "event": "data_read", "cell": "AMZN", "kind": "news", "source": "massive_news", "status": "ok", "cached": false, "raw_chars": 372595, "capped_chars": 80647, "raw_tokens": 93149, "capped_tokens": 20162}
{"ts": "2026-08-06T03:43:41+00:00", "event": "data_read", "cell": "AXP", "kind": "web_search", "source": "web_search", "status": "ok", "cached": false, "raw_chars": 24426, "capped_chars": 19924, "raw_tokens": 6106, "capped_tokens": 4981}
{"ts": "2026-08-06T03:43:41+00:00", "event": "data_read", "cell": "AMZN", "kind": "web_search", "source": "web_search", "status": "ok", "cached": false, "raw_chars": 32783, "capped_chars": 24101, "raw_tokens": 8196, "capped_tokens": 6025}
{"ts": "2026-08-06T03:43:41+00:00", "event": "data_read", "cell": "AXP", "kind": "web_search", "source": "web_search", "status": "ok", "cached": false, "raw_chars": 12732, "capped_chars": 9793, "raw_tokens": 3183, "capped_tokens": 2448}
{"ts": "2026-08-06T03:43:41+00:00", "event": "data_read", "cell": "AMZN", "kind": "web_search", "source": "web_search", "status": "ok", "cached": false, "raw_chars": 34639, "capped_chars": 22451, "raw_tokens": 8660, "capped_tokens": 5613}
{"ts": "2026-08-06T03:43:41+00:00", "event": "data_read", "cell": "AXP", "kind": "web_search", "source": "web_search", "status": "ok", "cached": false, "raw_chars": 24462, "capped_chars": 20370, "raw_tokens": 6116, "capped_tokens": 5092}
{"ts": "2026-08-06T03:43:41+00:00", "event": "data_read", "cell": "AMZN", "kind": "web_search", "source": "web_search", "status": "ok", "cached": false, "raw_chars": 27040, "capped_chars": 20560, "raw_tokens": 6760, "capped_tokens": 5140}
{"ts": "2026-08-06T03:43:41+00:00", "event": "data_read", "cell": "AXP", "kind": "web_search", "source": "web_search", "status": "ok", "cached": false, "raw_chars": 13468, "capped_chars": 10113, "raw_tokens": 3367, "capped_tokens": 2528}
{"ts": "2026-08-06T03:43:41+00:00", "event": "agent_stage", "cell": "AXP", "decision_date": "2026-05-22", "stage": "quantitative_specialist", "symbol": "AXP"}
{"ts": "2026-08-06T03:43:41+00:00", "event": "agent_stage", "cell": "AXP", "decision_date": "2026-05-22", "stage": "qualitative_specialist", "symbol": "AXP"}
{"ts": "2026-08-06T03:43:41+00:00", "event": "data_read", "cell": "AMZN", "kind": "web_search", "source": "web_search", "status": "ok", "cached": false, "raw_chars": 32982, "capped_chars": 22203, "raw_tokens": 8246, "capped_tokens": 5551}
{"ts": "2026-08-06T03:43:41+00:00", "event": "data_read", "cell": "AMZN", "kind": "web_search", "source": "web_search", "status": "ok", "cached": false, "raw_chars": 10653, "capped_chars": 7094, "raw_tokens": 2663, "capped_tokens": 1774}
{"ts": "2026-08-06T03:43:41+00:00", "event": "agent_stage", "cell": "AMZN", "decision_date": "2026-05-22", "stage": "quantitative_specialist", "symbol": "AMZN"}
{"ts": "2026-08-06T03:43:41+00:00", "event": "agent_stage", "cell": "AMZN", "decision_date": "2026-05-22", "stage": "qualitative_specialist", "symbol": "AMZN"}
{"ts": "2026-08-06T03:43:41+00:00", "event": "data_read", "cell": "WMT", "kind": "macro", "source": "fred_macro", "status": "ok", "cached": false, "raw_chars": 30916, "capped_chars": 30916, "raw_tokens": 7729, "capped_tokens": 7729}
{"ts": "2026-08-06T03:43:41+00:00", "event": "data_read", "cell": "MMM", "kind": "macro", "source": "fred_macro", "status": "ok", "cached": false, "raw_chars": 30916, "capped_chars": 30916, "raw_tokens": 7729, "capped_tokens": 7729}
{"ts": "2026-08-06T03:43:41+00:00", "event": "data_read", "cell": "MMM", "kind": "news_sentiment", "source": "news_sentiment", "status": "ok", "cached": false, "raw_chars": 967, "capped_chars": 967, "raw_tokens": 242, "capped_tokens": 242}
{"ts": "2026-08-06T03:43:41+00:00", "event": "agent_stage", "cell": "MMM", "decision_date": "2026-05-29", "stage": "evidence_qualitative", "symbol": "MMM"}
{"ts": "2026-08-06T03:43:41+00:00", "event": "data_read", "cell": "MMM", "kind": "news", "source": "massive_news", "status": "ok", "cached": false, "raw_chars": 5147, "capped_chars": 1690, "raw_tokens": 1287, "capped_tokens": 422}
{"ts": "2026-08-06T03:43:41+00:00", "event": "data_read", "cell": "MMM", "kind": "web_search", "source": "web_search", "status": "ok", "cached": false, "raw_chars": 34776, "capped_chars": 29829, "raw_tokens": 8694, "capped_tokens": 7457}
{"ts": "2026-08-06T03:43:41+00:00", "event": "data_read", "cell": "WMT", "kind": "news_sentiment", "source": "news_sentiment", "status": "ok", "cached": false, "raw_chars": 3620, "capped_chars": 3620, "raw_tokens": 905, "capped_tokens": 905}
{"ts": "2026-08-06T03:43:41+00:00", "event": "agent_stage", "cell": "WMT", "decision_date": "2026-05-29", "stage": "evidence_qualitative", "symbol": "WMT"}
{"ts": "2026-08-06T03:43:41+00:00", "event": "data_read", "cell": "MMM", "kind": "web_search", "source": "web_search", "status": "ok", "cached": false, "raw_chars": 30420, "capped_chars": 22825, "raw_tokens": 7605, "capped_tokens": 5706}
{"ts": "2026-08-06T03:43:41+00:00", "event": "data_read", "cell": "WMT", "kind": "news", "source": "massive_news", "status": "ok", "cached": false, "raw_chars": 100939, "capped_chars": 25422, "raw_tokens": 25235, "capped_tokens": 6356}
{"ts": "2026-08-06T03:43:41+00:00", "event": "data_read", "cell": "MMM", "kind": "web_search", "source": "web_search", "status": "ok", "cached": false, "raw_chars": 17432, "capped_chars": 13193, "raw_tokens": 4358, "capped_tokens": 3298}
{"ts": "2026-08-06T03:43:41+00:00", "event": "data_read", "cell": "WMT", "kind": "web_search", "source": "web_search", "status": "ok", "cached": false, "raw_chars": 22109, "capped_chars": 18795, "raw_tokens": 5527, "capped_tokens": 4699}
{"ts": "2026-08-06T03:43:41+00:00", "event": "data_read", "cell": "MMM", "kind": "web_search", "source": "web_search", "status": "ok", "cached": false, "raw_chars": 16047, "capped_chars": 12550, "raw_tokens": 4012, "capped_tokens": 3138}
{"ts": "2026-08-06T03:43:41+00:00", "event": "data_read", "cell": "WMT", "kind": "web_search", "source": "web_search", "status": "ok", "cached": false, "raw_chars": 21576, "capped_chars": 17404, "raw_tokens": 5394, "capped_tokens": 4351}
{"ts": "2026-08-06T03:43:41+00:00", "event": "data_read", "cell": "MMM", "kind": "web_search", "source": "web_search", "status": "ok", "cached": false, "raw_chars": 9501, "capped_chars": 6166, "raw_tokens": 2375, "capped_tokens": 1542}
{"ts": "2026-08-06T03:43:41+00:00", "event": "agent_stage", "cell": "MMM", "decision_date": "2026-05-29", "stage": "quantitative_specialist", "symbol": "MMM"}
{"ts": "2026-08-06T03:43:41+00:00", "event": "agent_stage", "cell": "MMM", "decision_date": "2026-05-29", "stage": "qualitative_specialist", "symbol": "MMM"}
{"ts": "2026-08-06T03:43:41+00:00", "event": "data_read", "cell": "WMT", "kind": "web_search", "source": "web_search", "status": "ok", "cached": false, "raw_chars": 21469, "capped_chars": 17911, "raw_tokens": 5367, "capped_tokens": 4478}
{"ts": "2026-08-06T03:43:41+00:00", "event": "data_read", "cell": "WMT", "kind": "web_search", "source": "web_search", "status": "ok", "cached": false, "raw_chars": 17506, "capped_chars": 14501, "raw_tokens": 4376, "capped_tokens": 3625}
{"ts": "2026-08-06T03:43:41+00:00", "event": "data_read", "cell": "WMT", "kind": "web_search", "source": "web_search", "status": "ok", "cached": false, "raw_chars": 20646, "capped_chars": 16035, "raw_tokens": 5162, "capped_tokens": 4009}
{"ts": "2026-08-06T03:43:41+00:00", "event": "agent_stage", "cell": "WMT", "decision_date": "2026-05-29", "stage": "quantitative_specialist", "symbol": "WMT"}
{"ts": "2026-08-06T03:43:41+00:00", "event": "agent_stage", "cell": "WMT", "decision_date": "2026-05-29", "stage": "qualitative_specialist", "symbol": "WMT"}
{"ts": "2026-08-06T03:44:35+00:00", "event": "agent_stage", "cell": "AXP", "decision_date": "2026-05-22", "stage": "independent_verifier", "symbol": "AXP"}
{"ts": "2026-08-06T03:44:35+00:00", "event": "run_grid", "grid": "== cells\n   \u2026 AMZN     qualitative_specialist  calls=0  idle=54s\n   \u2026 MMM      qualitative_specialist  calls=0  idle=54s\n   \u2026 WMT      qualitative_specialist  calls=0  idle=54s\n   \u2026 UNH      qualitative_specialist  calls=0  idle=54s\n   \u2026 AXP      independent_verifier  calls=0  idle=0s"}
{"ts": "2026-08-06T03:44:50+00:00", "event": "agent_stage", "cell": "UNH", "decision_date": "2026-07-24", "stage": "independent_verifier", "symbol": "UNH"}
{"ts": "2026-08-06T03:44:50+00:00", "event": "run_grid", "grid": "== cells\n   \u2026 AMZN     qualitative_specialist  calls=0  idle=69s\n   \u2026 MMM      qualitative_specialist  calls=0  idle=68s\n   \u2026 WMT      qualitative_specialist  calls=0  idle=68s\n   \u2026 UNH      independent_verifier  calls=0  idle=0s\n   \u2026 AXP      independent_verifier  calls=0  idle=14s"}
{"ts": "2026-08-06T03:44:57+00:00", "event": "agent_stage", "cell": "WMT", "decision_date": "2026-05-29", "stage": "independent_verifier", "symbol": "WMT"}
{"ts": "2026-08-06T03:44:57+00:00", "event": "run_grid", "grid": "== cells\n   \u2026 AMZN     qualitative_specialist  calls=0  idle=76s\n   \u2026 MMM      qualitative_specialist  calls=0  idle=75s\n   \u2026 WMT      independent_verifier  calls=0  idle=0s\n   \u2026 UNH      independent_verifier  calls=0  idle=7s\n   \u2026 AXP      independent_verifier  calls=0  idle=21s"}
{"ts": "2026-08-06T03:45:01+00:00", "event": "agent_stage", "cell": "AXP", "decision_date": "2026-05-22", "stage": "final_pm", "symbol": "AXP"}
{"ts": "2026-08-06T03:45:01+00:00", "event": "run_grid", "grid": "== cells\n   \u2026 AMZN     qualitative_specialist  calls=0  idle=79s\n   \u2026 MMM      qualitative_specialist  calls=0  idle=79s\n   \u2026 WMT      independent_verifier  calls=0  idle=3s\n   \u2026 UNH      independent_verifier  calls=0  idle=10s\n   \u2026 AXP      final_pm      calls=0  idle=0s"}
{"ts": "2026-08-06T03:45:01+00:00", "event": "agent_stage", "cell": "AMZN", "decision_date": "2026-05-22", "stage": "independent_verifier", "symbol": "AMZN"}
{"ts": "2026-08-06T03:45:10+00:00", "event": "agent_stage", "cell": "UNH", "decision_date": "2026-07-24", "stage": "final_pm", "symbol": "UNH"}
{"ts": "2026-08-06T03:45:10+00:00", "event": "run_grid", "grid": "== cells\n   \u2026 AMZN     independent_verifier  calls=0  idle=9s\n   \u2026 MMM      qualitative_specialist  calls=0  idle=88s\n   \u2026 WMT      independent_verifier  calls=0  idle=12s\n   \u2026 UNH      final_pm      calls=0  idle=0s\n   \u2026 AXP      final_pm      calls=0  idle=9s"}
{"ts": "2026-08-06T03:45:21+00:00", "event": "agent_stage", "cell": "MMM", "decision_date": "2026-05-29", "stage": "independent_verifier", "symbol": "MMM"}
{"ts": "2026-08-06T03:45:21+00:00", "event": "run_grid", "grid": "== cells\n   \u2026 AMZN     independent_verifier  calls=0  idle=20s\n   \u2026 MMM      independent_verifier  calls=0  idle=0s\n   \u2026 WMT      independent_verifier  calls=0  idle=23s\n   \u2026 UNH      final_pm      calls=0  idle=10s\n   \u2026 AXP      final_pm      calls=0  idle=20s"}
{"ts": "2026-08-06T03:45:24+00:00", "event": "cell_done", "cell": "AXP", "decision_date": "2026-05-22", "outcome": "ok", "health": "ok", "n_reads": 11, "elapsed_ms": 110962, "n_llm_calls": 4, "tokens_in": 74077, "tokens_out": 10165, "cost_usd": 0.0678393282, "cost_basis": "reported", "detail": ""}
{"ts": "2026-08-06T03:45:24+00:00", "event": "run_grid", "grid": "== cells\n   \u2026 AMZN     independent_verifier  calls=0  idle=23s\n   \u2026 MMM      independent_verifier  calls=0  idle=2s\n   \u2026 WMT      independent_verifier  calls=0  idle=26s\n   \u2026 UNH      final_pm      calls=0  idle=13s\n   \u2713 AXP      done          calls=0  idle=0s"}
{"ts": "2026-08-06T03:45:27+00:00", "event": "agent_stage", "cell": "WMT", "decision_date": "2026-05-29", "stage": "final_pm", "symbol": "WMT"}
{"ts": "2026-08-06T03:45:27+00:00", "event": "run_grid", "grid": "== cells\n   \u2026 AMZN     independent_verifier  calls=0  idle=26s\n   \u2026 MMM      independent_verifier  calls=0  idle=6s\n   \u2026 WMT      final_pm      calls=0  idle=0s\n   \u2026 UNH      final_pm      calls=0  idle=17s\n   \u2713 AXP      done          calls=0  idle=3s"}
{"ts": "2026-08-06T03:45:29+00:00", "event": "cell_done", "cell": "UNH", "decision_date": "2026-07-24", "outcome": "ok", "health": "ok", "n_reads": 11, "elapsed_ms": 115972, "n_llm_calls": 4, "tokens_in": 75628, "tokens_out": 9899, "cost_usd": 0.058766056, "cost_basis": "reported", "detail": ""}
{"ts": "2026-08-06T03:45:31+00:00", "event": "agent_stage", "cell": "AMZN", "decision_date": "2026-05-22", "stage": "final_pm", "symbol": "AMZN"}
{"ts": "2026-08-06T03:45:31+00:00", "event": "run_grid", "grid": "== cells\n   \u2026 AMZN     final_pm      calls=0  idle=0s\n   \u2026 MMM      independent_verifier  calls=0  idle=10s\n   \u2026 WMT      final_pm      calls=0  idle=3s\n   \u2713 UNH      done          calls=0  idle=2s\n   \u2713 AXP      done          calls=0  idle=7s"}
{"ts": "2026-08-06T03:45:49+00:00", "event": "agent_stage", "cell": "MMM", "decision_date": "2026-05-29", "stage": "final_pm", "symbol": "MMM"}
{"ts": "2026-08-06T03:45:49+00:00", "event": "run_grid", "grid": "== cells\n   \u2026 AMZN     final_pm      calls=0  idle=17s\n   \u2026 MMM      final_pm      calls=0  idle=0s\n   \u2026 WMT      final_pm      calls=0  idle=21s\n   \u2713 UNH      done          calls=0  idle=19s\n   \u2713 AXP      done          calls=0  idle=24s"}
{"ts": "2026-08-06T03:45:50+00:00", "event": "cell_done", "cell": "WMT", "decision_date": "2026-05-29", "outcome": "ok", "health": "ok", "n_reads": 11, "elapsed_ms": 137287, "n_llm_calls": 4, "tokens_in": 94255, "tokens_out": 10345, "cost_usd": 0.070066796312, "cost_basis": "reported", "detail": ""}
{"ts": "2026-08-06T03:45:53+00:00", "event": "cell_done", "cell": "AMZN", "decision_date": "2026-05-22", "outcome": "ok", "health": "ok", "n_reads": 11, "elapsed_ms": 139799, "n_llm_calls": 4, "tokens_in": 132171, "tokens_out": 11470, "cost_usd": 0.096988937832, "cost_basis": "reported", "detail": ""}
{"ts": "2026-08-06T03:45:53+00:00", "event": "run_grid", "grid": "== cells\n   \u2713 AMZN     done          calls=0  idle=0s\n   \u2026 MMM      final_pm      calls=0  idle=4s\n   \u2713 WMT      done          calls=0  idle=2s\n   \u2713 UNH      done          calls=0  idle=23s\n   \u2713 AXP      done          calls=0  idle=28s"}
{"ts": "2026-08-06T03:46:06+00:00", "event": "cell_done", "cell": "MMM", "decision_date": "2026-05-29", "outcome": "ok", "health": "ok", "n_reads": 11, "elapsed_ms": 152883, "n_llm_calls": 4, "tokens_in": 70321, "tokens_out": 11115, "cost_usd": 0.059162234144, "cost_basis": "reported", "detail": ""}
{"ts": "2026-08-06T03:46:06+00:00", "event": "run_grid", "grid": "== cells\n   \u2713 AMZN     done          calls=0  idle=13s\n   \u2713 MMM      done          calls=0  idle=0s\n   \u2713 WMT      done          calls=0  idle=15s\n   \u2713 UNH      done          calls=0  idle=36s\n   \u2713 AXP      done          calls=0  idle=41s"}
{"ts": "2026-08-06T03:46:06+00:00", "event": "trial_done", "decision_date": "2026-05-22", "status": "ok", "n_views": 30, "health": "ok"}
{"ts": "2026-08-06T03:46:06+00:00", "event": "trial_done", "decision_date": "2026-05-29", "status": "ok", "n_views": 30, "health": "ok"}
{"ts": "2026-08-06T03:46:06+00:00", "event": "trial_done", "decision_date": "2026-07-24", "status": "ok", "n_views": 30, "health": "ok"}
{"ts": "2026-08-06T03:46:06+00:00", "event": "backfill_done", "job_id": "djia-w-full-r1-0001", "run_index": 1, "n_error_cells": 5, "n_reran": 5, "n_fixed": 5, "n_still_failed": 0, "elapsed_ms": 153036}
